Title,Publisher,Developer,Total Sales,Release Date,Last Update,Year
PlayerUnknown's Battlegrounds,PUBG Corporation,PUBG Corporation,75000000,2017-12-17,2020-10-24,2017.0
PUBG,PUBG Corporation,PUBG Corporation,75000000,2017-12-20,2020-03-16,2017.0
Red Dead Redemption 2,Rockstar Games,Rockstar Studios,65000000,2018-10-26,2020-10-08,2018.0
Mario Kart 8 Deluxe,Nintendo,Nintendo EPD,62900000,2017-04-28,2018-11-19,2017.0
Marvel's Spider-Man,Sony Interactive Entertainment,Insomniac Games,51000000,2018-09-07,2023-01-08,2018.0
Human: Fall Flat,Curve Digital,No Brakes Games,50000000,2016-07-22,2021-02-11,2016.0
The Witcher 3: Wild Hunt,Warner Bros. Interactive Entertainment,CD Projekt Red Studio,50000000,2015-05-18,2020-10-29,2015.0
Animal Crossing: New HorizonsRead the review,Nintendo,Nintendo,45850000,2020-03-20,2020-04-11,2020.0
PLAYERUNKNOWN'S BATTLEGROUNDS,PUBG Corporation,PUBG Corporation,36600000,2017-12-21,2019-04-29,2017.0
Super Smash Bros. UltimateRead the review,Nintendo,Bandai Namco Games,34660000,2018-12-07,2022-10-02,2018.0
The Legend of Zelda: Breath of the Wild,Nintendo,Nintendo,33750000,2017-03-03,2023-02-07,2017.0
Horizon,Sony Interactive Entertainment,Guerrilla Games,32700000,2017-02-28,2020-09-24,2017.0
The Legend of Zelda: Breath of the Wild,Nintendo,Nintendo EPD,32049999,2017-03-03,2018-11-19,2017.0
Splatoon,Nintendo,Nintendo,30510000,2015-05-29,2020-02-16,2015.0
Call of Duty: Modern Warfare,Activision,Infinity Ward,30000000,2019-10-25,2020-11-29,2019.0
Call of Duty: Vanguard,Activision,Sledgehammer Games,30000000,2021-11-05,2024-04-06,2021.0
Diablo III,Blizzard Entertainment,Blizzard Entertainment,30000000,2015-05-15,2020-10-29,2015.0
Dying Light,Techland,Techland,30000000,2015-01-27,2022-04-22,2015.0
Stardew Valley,Chucklefish,ConcernedApe,30000000,2016-02-26,2020-02-12,2016.0
Stardew Valley,ConcernedApe,ConcernedApe,30000000,2016-02-26,2020-12-28,2016.0
Super Mario OdysseyRead the review,Nintendo,Nintendo EPD,28210000,2017-10-27,2018-11-19,2017.0
FIFA 18,Electronic Arts,EA Vancouver,26400000,2017-09-26,2020-10-15,2017.0
Pokémon Sword / ShieldRead the review,Nintendo,Game Freak,26350000,2019-11-15,2019-11-21,2019.0
Monster Hunter: World,Capcom,Capcom,26300000,2018-01-26,2020-10-13,2018.0
Pokémon Scarlet / VioletRead the review,Nintendo,Game Freak,25290000,2022-11-18,2022-05-31,2022.0
Cyberpunk 2077,CD Projekt Red Studio,CD Projekt Red Studio,25000000,2020-12-10,2022-10-02,2020.0
Elden Ring,Bandai Namco Entertainment,From Software,25000000,2022-02-25,2022-02-28,2022.0
Fallout 4,Bethesda Softworks,Bethesda Game Studios,25000000,2015-11-10,2020-10-30,2015.0
Hogwarts Legacy,Warner Bros. Interactive Entertainment,Avalanche Software,24000000,2023-02-10,2023-02-23,2023.0
God of War (2018),Sony Interactive Entertainment,SIE Santa Monica Studio,23520000,2018-04-20,2022-11-23,2018.0
Marvel's Spider-ManRead the review,Sony Interactive Entertainment,Insomniac Games,22690000,2018-09-07,2018-09-26,2018.0
Horizon: Zero Dawn,Sony Interactive Entertainment,Guerrilla Games,22600000,2017-02-28,2022-02-11,2017.0
God of War (2018)Read the review,Sony Interactive Entertainment,SIE Santa Monica Studio,21020000,2018-04-20,2022-05-26,2018.0
Battlefield 1,Electronic Arts,EA DICE,21000000,2016-10-21,2023-12-20,2016.0
Super Mario PartyRead the review,Nintendo,"Nd Cube Co., Ltd.",20840000,2018-10-05,2018-11-19,2018.0
The Legend of Zelda: Tears of the KingdomRead the review,Nintendo,Nintendo,20800000,2023-05-12,2022-09-13,2023.0
Borderlands 3,2K Games,Gearbox Software,20000000,2019-09-13,2020-10-27,2019.0
Crash Bandicoot N. Sane Trilogy,Activision,Vicarious Visions,20000000,2017-06-30,2020-10-30,2017.0
Dying Light,Warner Bros. Interactive Entertainment,Techland,20000000,2015-01-27,2021-07-22,2015.0
FIFA 19,EA Sports,EA Vancouver,20000000,2018-09-28,2020-10-15,2018.0
Tom Clancy's The Division,Ubisoft,Massive Entertainment,20000000,2016-03-08,2020-05-14,2016.0
Horizon: Zero Dawn,Sony Interactive Entertainment,Guerrilla Games,19300000,2017-02-28,2020-09-24,2017.0
Uncharted 4: A Thief's End,Sony Interactive Entertainment,Naughty Dog,18650000,2016-05-10,2018-09-23,2016.0
New Super Mario Bros. U Deluxe,Nintendo,Nintendo EPD,17610000,2019-01-11,2020-08-02,2019.0
Pokémon Sun/Moon,Nintendo,Game Freak,16320000,2016-11-18,2018-08-03,2016.0
It Takes Two,Electronic Arts,Hazelight,16000000,2021-03-26,2021-04-23,2021.0
The Witcher 3: Wild Hunt,Warner Bros. Interactive Entertainment,CD Projekt Red Studio,15900000,2015-05-19,2018-05-04,2015.0
Dragon Ball Xenoverse,Bandai Namco Games,Dimps Corporation,15490000,2015-02-24,2020-02-13,2015.0
Monster Hunter Rise,Capcom,Capcom,15400000,2021-03-26,2022-01-18,2021.0
Ring Fit Adventure,Nintendo,Nintendo EPD,15380000,2019-10-18,2019-10-18,2019.0
"Pokémon: Let's Go, Pikachu/EeveeRead the review",Nintendo,Game Freak,15070000,2018-11-16,2019-01-31,2018.0
Pokémon Brilliant Diamond / Shining PearlRead the review,Nintendo,Game Freak,15060000,2021-11-19,2021-02-26,2021.0
God of War: Ragnarök,Sony Interactive Entertainment,Sony Computer Entertainment,15000000,2022-11-09,2022-11-23,2022.0
Mortal Kombat 11,Warner Bros. Interactive Entertainment,NetherRealm Studios,15000000,2019-04-23,2020-10-28,2019.0
Palworld,Pocketpair,Pocketpair,15000000,2024-01-19,2024-01-19,2024.0
Pokémon Legends: ArceusRead the review,Nintendo,Game Freak,14830000,2022-01-28,2021-02-26,2022.0
Marvel's Spider-Man: Miles Morales,Sony Interactive Entertainment,Insomniac Games,14400000,2020-11-12,2021-02-03,2020.0
Luigi's Mansion 3Read the review,Nintendo,"Next Level Games, Inc.",14250000,2019-10-31,2020-08-03,2019.0
Resident Evil 2 (2019),Capcom,Capcom,14200000,2019-01-25,2020-10-11,2019.0
Maneater,Tripwire Interactive,Tripwire Interactive,14000000,2021-05-25,2024-05-07,2021.0
NBA 2K20,2K Sports,Visual Concepts,14000000,2019-09-06,2020-10-22,2019.0
Star Wars Battlefront (2015),Electronic Arts,EA DICE,14000000,2015-11-17,2020-10-31,2015.0
Yo-kai Watch,Nintendo,Level 5,14000000,2015-11-06,2020-02-16,2015.0
Resident Evil 7,Capcom,Capcom,13700000,2017-01-24,2020-10-11,2017.0
Splatoon 2,Nintendo,Nintendo EPD,13600000,2017-07-21,2018-11-19,2017.0
Super Mario 3D World + Bowser's FuryRead the review,Nintendo,Nintendo,13470000,2021-02-12,2020-09-03,2021.0
Super Mario Bros. WonderRead the review,Nintendo,Nintendo,13440000,2023-10-20,2023-06-21,2023.0
Monster Hunter World: Iceborne,Capcom,Capcom,13400000,2019-09-06,2020-10-13,2019.0
Nintendo Switch SportsRead the review,Nintendo,Nintendo,13110000,2022-04-29,2022-02-09,2022.0
Cities: Skylines,Paradox Interactive,Colossal Order,13000000,2015-03-10,2024-02-07,2015.0
Stardew Valley,Chucklefish,ConcernedApe,13000000,2016-02-26,2018-03-21,2016.0
Gran Turismo Sport,Sony Interactive Entertainment,Polyphony Digital,12980000,2017-10-17,2018-01-13,2017.0
Mario Party SuperstarsRead the review,Nintendo,Nintendo,12890000,2021-10-29,2021-06-15,2021.0
Grand Theft Auto V,Rockstar Games,Rockstar North,12600000,2015-04-14,2018-11-02,2015.0
Rust,Facepunch Studios,Facepunch Studios,12480000,2018-02-08,2022-01-10,2018.0
The Witcher 3: Wild HuntRead the review,Warner Bros. Interactive Entertainment,CD Projekt Red Studio,12400000,2015-05-19,2018-05-04,2015.0
Cities: Skylines,Paradox Interactive,Colossal Order,12000000,2015-03-10,2021-01-27,2015.0
Helldivers 2,Sony Interactive Entertainment,Arrowhead Game Studios,12000000,2024-02-08,2024-02-11,2024.0
Little Nightmares,Bandai Namco Entertainment,Tarsier Studios,12000000,2017-04-28,2020-03-15,2017.0
NBA 2K19,2K Sports,Visual Concepts,12000000,2018-09-11,2020-10-22,2018.0
Splatoon 3Read the review,Nintendo,Nintendo,11960000,2022-09-09,2021-02-17,2022.0
Naruto Shippuden: Ultimate Ninja Storm 4,Bandai Namco Entertainment,CyberConnect2,11880000,2016-02-09,2020-11-16,2016.0
Civilization VI,2K Games,Firaxis Games,11000000,2016-10-21,2020-10-31,2016.0
Fall Guys: Ultimate Knockout,Devolver Digital,Mediatonic,11000000,2020-08-04,2020-07-14,2020.0
Fall Guys: Ultimate Knockout,Devolver Digital,Mediatonic,11000000,2020-08-04,2021-02-18,2020.0
Marvel's Spider-Man 2Read the review,Sony Interactive Entertainment,Insomniac Games,11000000,2023-10-20,2021-09-13,2023.0
Mortal Kombat X,Warner Bros. Interactive Entertainment,NetherRealm Studios,11000000,2015-04-07,2020-10-28,2015.0
NBA 2K21,2K Sports,Visual Concepts,11000000,2020-09-04,2020-11-06,2020.0
Rocket League,Psyonix,Psyonix,10500000,2015-07-07,2020-03-16,2015.0
Rocket League,Psyonix,Psyonix,10500000,2015-07-07,2020-12-18,2015.0
Dark Souls III,Bandai Namco Entertainment,From Software,10460000,2016-04-12,2020-11-08,2016.0
The Last of Us Part IIRead the review,Sony Interactive Entertainment,Naughty Dog,10300000,2020-06-19,2020-07-25,2020.0
Resident Evil 8: Village,Capcom,Capcom,10100000,2021-05-07,2021-05-11,2021.0
Assassin's Creed Odyssey,Ubisoft,Ubisoft Quebec,10000000,2018-10-05,2020-10-21,2018.0
Assassin's Creed Origins,Ubisoft,Ubisoft Montreal,10000000,2017-10-27,2020-10-21,2017.0
Black Myth: Wukong,Game Science,Game Science,10000000,2024-08-20,2024-08-24,2024.0
Dead Cells,Motion Twin,Motion Twin,10000000,2018-08-07,2020-10-09,2018.0
Dragon Ball FighterZ,Bandai Namco Entertainment,Arc System Works,10000000,2018-01-26,2020-10-27,2018.0
Dragon Ball Xenoverse 2,Bandai Namco Entertainment,Dimps Corporation,10000000,2016-10-25,2020-10-27,2016.0
Far Cry 5,Ubisoft,Ubisoft,10000000,2018-03-27,2020-10-28,2018.0
Final Fantasy XV,Square Enix,Square Enix,10000000,2016-11-29,2020-10-19,2016.0
Metro Exodus,Deep Silver,4a-games,10000000,2019-02-15,2022-02-17,2019.0
NBA 2K18,2K Sports,Visual Concepts,10000000,2017-09-19,2020-10-22,2017.0
NBA 2K22,2K Sports,Visual Concepts,10000000,2021-09-10,2021-09-21,2021.0
Sekiro: Shadows Die Twice,Activision,From Software,10000000,2019-03-22,2021-02-12,2019.0
Spyro Reignited Trilogy,Activision,Toys for Bob,10000000,2018-11-13,2023-09-01,2018.0
Star Wars Jedi: Fallen Order,Electronic Arts,Respawn Entertainment,10000000,2019-11-15,2020-12-30,2019.0
Tekken 7,Bandai Namco Entertainment,Bandai Namco Studios,10000000,2015-03-18,2020-10-09,2015.0
Tom Clancy's Ghost Recon Wildlands,Ubisoft,Ubisoft Paris,10000000,2017-03-07,2020-11-02,2017.0
Tom Clancy's Rainbow Six Siege,Ubisoft,Ubisoft Montreal,10000000,2015-12-01,2020-11-02,2015.0
Tom Clancy's The Division,Ubisoft,Massive Entertainment,10000000,2016-03-08,2020-11-28,2016.0
Tom Clancy's The Division 2,Ubisoft,Massive Entertainment,10000000,2019-03-15,2020-11-28,2019.0
Valheim,Coffee Stain Publishing,Iron Gate AB,10000000,2021-02-02,2021-02-11,2021.0
Watch Dogs 2,Ubisoft,Ubisoft Montreal,10000000,2016-11-15,2020-11-28,2016.0
Ghost of Tsushima,Sony Interactive Entertainment,Sucker Punch,9730000,2020-07-17,2022-07-16,2020.0
Pokémon: Ultra Sun and Ultra Moon,Nintendo,Game Freak,9190000,2017-11-17,2018-08-03,2017.0
Monster Hunter Generations,Capcom,Capcom,9100000,2016-07-15,2020-10-13,2016.0
Super Mario 3D All-StarsRead the review,Nintendo,Nintendo,9070000,2020-09-18,2020-09-04,2020.0
Rust,Facepunch Studios,Facepunch Studios,9020000,2018-02-08,2018-03-19,2018.0
Detroit: Become Human,Sony Interactive Entertainment,Quantic Dream,9000000,2018-05-25,2021-02-22,2018.0
Resident Evil 3 (2020),Capcom,Capcom,9000000,2020-04-03,2020-10-11,2020.0
Star Wars Battlefront II (2017),Electronic Arts,EA DICE,9000000,2017-11-17,2020-10-31,2017.0
Days Gone,Sony Interactive Entertainment,SIE Bend Studio,8940000,2019-04-26,2022-01-06,2019.0
NBA 2K17,2K Sports,Visual Concepts,8500000,2016-09-20,2020-10-22,2016.0
Super Mario Maker 2,Nintendo,Nintendo,8420000,2019-06-28,2019-04-24,2019.0
Devil May Cry 5,Capcom,Capcom,8400000,2019-03-08,2020-10-11,2019.0
Horizon: Forbidden West,Sony Interactive Entertainment,Guerrilla Games,8400000,2022-02-18,2022-02-17,2022.0
Monster Hunter Rise: Sunbreak,Capcom,Capcom,8400000,2022-06-30,2022-07-05,2022.0
Monster Hunter 4,Capcom,Capcom,8300000,2015-02-13,2020-10-13,2015.0
Cuphead,Studio MDHR,Studio MDHR,8000000,2017-09-29,2020-03-11,2017.0
Dragon Ball Z: Kakarot,Bandai Namco Entertainment,CyberConnect2,8000000,2020-01-17,2020-10-09,2020.0
Ghost of TsushimaRead the review,Sony Interactive Entertainment,Sucker Punch,8000000,2020-07-17,2020-07-10,2020.0
NBA 2K16,2K Sports,Visual Concepts,8000000,2015-09-29,2020-10-22,2015.0
NieR: Automata,Square Enix,PlatinumGames,8000000,2017-03-07,2020-12-24,2017.0
Monster Hunter RiseRead the review,Capcom,Capcom,7700000,2021-03-26,2022-08-25,2021.0
Cyberpunk 2077,CD Projekt Red Studio,CD Projekt Red Studio,7670000,2020-11-19,2019-06-10,2020.0
BloodborneRead the review,Sony Computer Entertainment,From Software,7650000,2015-03-24,2018-04-10,2015.0
Resident Evil 4 (2023),Capcom,Capcom,7600000,2023-03-24,2022-06-02,2023.0
Street Fighter V,Capcom,Capcom,7600000,2016-02-16,2020-10-13,2016.0
Kirby and the Forgotten LandRead the review,Nintendo,HAL Laboratory,7520000,2022-03-25,2022-01-15,2022.0
Battlefield V,Electronic Arts,EA DICE,7300000,2018-11-20,2020-10-09,2018.0
The Forest,Endnight Games Ltd,Endnight Games Ltd,7300000,2018-04-30,2023-02-27,2018.0
Yokai Watch 2: Bony Spirits / Fleshy Souls / Psychic Specters,Nintendo,Level 5,7300000,2016-09-30,2019-01-26,2016.0
Ark,Studio Wildcard,Studio Wildcard,7260000,2017-08-27,2020-03-19,2017.0
Days Gone,Sony Interactive Entertainment,SIE Bend Studio,7240000,2019-04-26,2019-03-20,2019.0
Persona 5,Atlus,Atlus,7200000,2017-04-04,2020-12-06,2017.0
Ratchet & Clank (2016),Sony Interactive Entertainment,Insomniac Games,7060000,2016-04-12,2018-04-25,2016.0
Ark: Survival Evolved,Studio Wildcard,Studio Wildcard,7000000,2017-08-29,2020-12-31,2017.0
Final Fantasy VII Remake,Square Enix,Square Enix,7000000,2020-04-10,2023-09-15,2020.0
Grim Dawn,Crate Entertainment,Crate Entertainment,7000000,2016-02-25,2022-02-28,2016.0
Mafia III,2K Games,Hangar 13,7000000,2016-10-07,2020-11-06,2016.0
Nioh,Koei Tecmo,Team Ninja,7000000,2017-02-07,2020-02-08,2017.0
Rise of the Tomb Raider,Square Enix,Crystal Dynamics,7000000,2015-11-10,2020-10-26,2015.0
Kingdom Hearts III,Square Enix,Square Enix,6700000,2019-01-29,2020-11-08,2019.0
Fallout 4,Bethesda Softworks,Bethesda Game Studios,6600000,2015-11-10,2018-03-24,2015.0
Dragon Quest XI,Square Enix,Square Enix,6500000,2018-09-04,2020-10-23,2018.0
The Legend of Zelda: Link's AwakeningRead the review,Nintendo,Nintendo,6460000,2019-09-20,2019-06-11,2019.0
Tekken 7Read the review,Namco Bandai Games,Namco Bandai Games,6230000,2017-06-02,2018-01-15,2017.0
Cuphead,Studio MDHR,Studio MDHR,6000000,2017-09-29,2020-11-23,2017.0
Metal Gear Solid V: The Phantom Pain,Konami,Kojima Productions,6000000,2015-09-01,2020-10-28,2015.0
Deep Rock Galactic,Coffee Stain Publishing,Ghost Ship Games,5810000,2020-05-13,2021-01-26,2020.0
DayZ,Bohemia Interactive,Bohemia Interactive,5800000,2018-12-13,2020-12-20,2018.0
God of War III Remastered,Sony Computer Entertainment,SCEA Santa Monica Studio,5620000,2015-07-14,2018-12-03,2015.0
Detroit: Become HumanRead the review,Sony Interactive Entertainment,Quantic Dream,5500000,2018-05-25,2018-06-05,2018.0
Dragon Ball Xenoverse,Bandai Namco Games,Dimps Corporation,5490000,2015-02-24,2020-10-27,2015.0
Slime Rancher,Monomi Park,Monomi Park,5300000,2017-08-01,2022-09-23,2017.0
Subnautica,Unknown Worlds Entertainment,Unknown Worlds Entertainment,5230000,2018-01-23,2020-03-03,2018.0
Subnautica,Unknown Worlds Entertainment,Unknown Worlds Entertainment,5230000,2018-01-23,2021-01-08,2018.0
Jump Force,Bandai Namco Entertainment,Spike Chunsoft,5120000,2019-02-15,2023-08-04,2019.0
Ace Combat 7: Skies Unknown,Bandai Namco Entertainment,Bandai Namco Studios,5000000,2019-01-18,2020-12-03,2019.0
Anthem,Electronic Arts,BioWare,5000000,2019-02-22,2023-12-20,2019.0
Batman: Arkham Knight,Warner Bros. Interactive Entertainment,Rocksteady Studios,5000000,2015-06-23,2020-11-09,2015.0
Cities: Skylines,Paradox Interactive,Colossal Order,5000000,2015-03-10,2018-01-14,2015.0
Crash Bandicoot 4: It's About Time,Activision,Toys for Bob,5000000,2020-10-02,2020-10-30,2020.0
Cyberpunk 2077: Phantom Liberty,CD Projekt Red Studio,CD Projekt Red Studio,5000000,2023-09-26,2023-10-05,2023.0
Dead by Daylight,Behaviour Interactive,Behaviour Interactive,5000000,2016-06-14,2021-02-08,2016.0
Death Stranding,Sony Interactive Entertainment,Kojima Productions,5000000,2019-11-08,2021-07-26,2019.0
Diablo II: Resurrected,Blizzard Entertainment,Vicarious Visions,5000000,2021-09-23,2022-04-17,2021.0
Dying Light 2 Stay Human,Techland,Techland,5000000,2022-02-04,2022-04-22,2022.0
Elden Ring: Shadow of the Erdtree,Bandai Namco Entertainment,From Software,5000000,2024-06-20,2024-06-27,2024.0
Final Fantasy VII RemakeRead the review,Square Enix,Square Enix,5000000,2020-04-10,2020-08-05,2020.0
Halo 5: GuardiansRead the review,Microsoft Studios,343 Industries,5000000,2015-10-27,2018-03-24,2015.0
Kerbal Space Program,Private Division,Squad,5000000,2015-04-27,2020-02-06,2015.0
Kerbal Space Program,Private Division,Squad,5000000,2015-04-27,2021-01-10,2015.0
Sea of ThievesRead the review,Microsoft Studios,Rare Ltd.,5000000,2018-03-20,2018-10-01,2018.0
Sea of Thieves,Xbox Game Studios,Rare Ltd.,5000000,2018-03-20,2024-05-04,2018.0
Slime Rancher,Monomi Park,Monomi Park,5000000,2017-08-01,2022-01-15,2017.0
The Long Dark,Hinterland Studio Inc.,Hinterland Studio Inc.,5000000,2017-08-01,2021-02-18,2017.0
The Outer Worlds,Private Division,Obsidian Entertainment,5000000,2019-10-25,2020-02-06,2019.0
The Outer Worlds,Private Division,Obsidian Entertainment,5000000,2019-10-25,2020-10-10,2019.0
SplatoonRead the review,Nintendo,Nintendo EAD,4950000,2015-05-29,2020-08-03,2015.0
The Witcher 3: Wild Hunt,Warner Bros. Interactive Entertainment,CD Projekt Red Studio,4700000,2015-05-19,2018-03-24,2015.0
Clubhouse Games: 51 Worldwide ClassicsRead the review,Nintendo,Nintendo,4640000,2020-06-05,2020-04-07,2020.0
Donkey Kong Country: Tropical FreezeRead the review,Nintendo,Retro Studios,4620000,2018-05-04,2020-08-02,2018.0
ARK: Survival Evolved,Studio Wildcard,Studio Wildcard,4500000,2015-06-02,2018-09-22,2015.0
Mario Tennis AcesRead the review,Nintendo,Camelot Software Planning,4500000,2018-06-22,2018-06-14,2018.0
Dragon Ball: Xenoverse 2,Namco Bandai Games,Dimps Corporation,4470000,2016-10-25,2018-03-03,2016.0
Death StrandingRead the review,Sony Interactive Entertainment,Kojima Productions,4390000,2019-11-08,2021-07-26,2019.0
Kirby Star AlliesRead the review,Nintendo,HAL Laboratory,4380000,2018-03-16,2018-03-14,2018.0
Dragon Ball FighterZRead the review,Namco Bandai Games,Arc System Works,4310000,2018-01-26,2018-04-02,2018.0
Monster Hunter Generations,Capcom,Capcom,4300000,2016-07-15,2018-01-30,2016.0
Naruto Shippuden: Ultimate Ninja Storm 4,Namco Bandai Games,CyberConnect2,4300000,2016-02-09,2018-09-22,2016.0
Monster Hunter 4 Ultimate,Capcom,Capcom,4200000,2015-02-13,2018-03-28,2015.0
The Legend of Zelda: Skyward Sword HDRead the review,Nintendo,Nintendo,4150000,2021-07-16,2021-02-18,2021.0
Fire Emblem: Three HousesRead the review,Nintendo,Intelligent Systems,4120000,2019-07-26,2019-06-11,2019.0
Shadow of the Tomb Raider,Square Enix,Eidos Montreal,4120000,2018-09-14,2020-10-26,2018.0
Until Dawn,Sony Computer Entertainment,Supermassive Games Ltd.,4040000,2015-08-25,2018-09-14,2015.0
Super Mario Maker,Nintendo,Nintendo EAD,4019999,2015-09-11,2018-03-29,2015.0
Control,505 Games,Remedy Entertainment,4000000,2019-08-27,2020-12-09,2019.0
Far Cry Primal,Ubisoft,Ubisoft Montreal,4000000,2016-02-23,2020-10-28,2016.0
Hyrule Warriors: Age of CalamityRead the review,Nintendo,Koei Tecmo Games,4000000,2020-11-20,2020-09-12,2020.0
Lego Jurassic World,Warner Bros. Interactive Entertainment,TT Fusion,4000000,2015-06-12,2020-10-22,2015.0
"Momotaro Dentetsu: Showa, Heisei, Reiwa Mo Teiban!",Konami,Konami,4000000,2020-11-19,2020-11-24,2020.0
Monster Hunter: World,Capcom,Capcom,4000000,2018-01-26,2018-01-30,2018.0
Octopath Traveler,Square Enix,Square Enix,4000000,2018-07-13,2023-06-07,2018.0
Persona 5 Royal,Sega,Atlus,4000000,2020-03-31,2022-12-01,2020.0
Remnant,Perfect World Entertainment,Gunfire Games,4000000,2019-08-20,2023-08-02,2019.0
V Rising,Stunlock Studios,Stunlock Studios,4000000,2022-05-17,2022-05-24,2022.0
Dark Souls III,Namco Bandai Games,From Software,3910000,2016-04-12,2018-04-23,2016.0
Capcom Arcade Stadium,Capcom,Capcom,3900000,2021-02-17,2023-11-08,2021.0
Jump Force,Bandai Namco Entertainment,Spike Chunsoft,3850000,2019-02-15,2018-06-11,2019.0
Cyberpunk 2077Read the review,CD Projekt Red Studio,CD Projekt Red Studio,3840000,2020-11-19,2019-06-10,2020.0
Resident Evil VII: BiohazardRead the review,Capcom,Capcom,3830000,2017-01-24,2018-11-06,2017.0
Super Mario Maker,Nintendo,Nintendo,3790000,2016-12-02,2018-03-29,2016.0
1-2-Switch,Nintendo,Nintendo EPD,3740000,2017-03-03,2018-11-19,2017.0
Street Fighter 6,Capcom,Capcom,3700000,2023-06-02,2022-06-02,2023.0
World of Warcraft: Shadowlands,Blizzard Entertainment,Blizzard Entertainment,3700000,2020-10-24,2020-08-05,2020.0
Elden Ring,Bandai Namco Entertainment,From Software,3640000,2022-02-25,2023-01-18,2022.0
Undertale,Toby Fox,Toby Fox,3580000,2015-09-15,2018-01-07,2015.0
Animal Crossing: Happy Home Designer,Nintendo,Nintendo EAD,3510000,2015-09-25,2018-01-14,2015.0
A Way Out,Electronic Arts,Hazelight,3500000,2018-03-23,2020-03-11,2018.0
A Way Out,Electronic Arts,Hazelight,3500000,2018-03-23,2021-02-12,2018.0
Cult of the Lamb,Devolver Digital,Massive Monster,3500000,2022-08-11,2022-08-18,2022.0
Nioh,Koei Tecmo,Team Ninja,3500000,2017-02-09,2020-10-17,2017.0
Resident Evil: Revelations 2,Capcom,Capcom,3500000,2015-02-24,2020-10-11,2015.0
Sonic Frontiers,Sega,Sonic Team,3500000,2022-11-08,2022-12-13,2022.0
Monument Valley 2,Ustwo Games,Ustwo Games,3500000,2017-06-05,2021-01-30,2017.0
Pikmin 4Read the review,Nintendo,Nintendo,3480000,2023-07-21,2022-09-13,2023.0
Paper Mario: The Origami KingRead the review,Nintendo,Intelligent Systems,3470000,2020-07-17,2020-08-01,2020.0
Dying Light,Warner Bros. Interactive Entertainment,Techland,3470000,2016-02-06,2018-05-04,2016.0
The Legend of Zelda: Majora's Mask 3DRead the review,Nintendo,GREZZO,3460000,2015-02-13,2018-01-31,2015.0
World of Warcraft: Battle for Azeroth,Blizzard Entertainment,Blizzard Entertainment,3400000,2018-08-14,2018-04-19,2018.0
Dark Souls: Remastered,Bandai Namco Entertainment,From Software,3390000,2018-05-25,2023-08-04,2018.0
Yoshi's Crafted WorldRead the review,Nintendo,Good-Feel,3350000,2019-03-29,2019-03-22,2019.0
Naruto Shippuden: Ultimate Ninja Storm Trilogy,Bandai Namco Entertainment,CyberConnect2,3340000,2018-04-26,2022-08-31,2018.0
Super Mario RPGRead the review,Nintendo,Nintendo,3310000,2023-11-17,2023-06-21,2023.0
Horizon: Zero Dawn,PlayStation Mobile Inc.,Guerrilla Games,3300000,2020-08-07,2020-08-05,2020.0
World of Warcraft: Legion,Blizzard Entertainment,Blizzard Entertainment,3300000,2016-08-29,2018-04-22,2016.0
Dark Souls III,Namco Bandai Games,From Software,3290000,2016-04-11,2018-11-02,2016.0
Dragon Ball Z: KakarotRead the review,Bandai Namco Games,CyberConnect2,3220000,2020-01-17,2019-07-23,2020.0
Lego Star Wars: The Skywalker Saga,Warner Bros. Interactive Entertainment,TT Games,3200000,2022-04-05,2022-04-22,2022.0
Street Fighter 30th Anniversary Collection,Capcom,Capcom,3200000,2018-05-29,2020-10-12,2018.0
Naruto to Boruto: Shinobi Striker,Bandai Namco Entertainment,Soleil Software Studio Inc.,3180000,2018-08-31,2023-08-05,2018.0
Fire Emblem Fates,Nintendo,Intelligent Systems,3090000,2016-02-19,2017-12-31,2016.0
Elden Ring,Bandai Namco Entertainment,From Software,3040000,2022-02-25,2023-01-18,2022.0
Metroid DreadRead the review,Nintendo,Nintendo,3040000,2021-10-08,2021-06-15,2021.0
Miitopia,Nintendo,Nintendo,3010000,2017-07-28,2021-08-05,2017.0
Armored Core VI Fires of Rubicon,Bandai Namco Entertainment,From Software,3000000,2023-08-24,2024-07-25,2023.0
Code Vein,Bandai Namco Entertainment,Bandai Namco Studios,3000000,2019-09-27,2020-02-04,2019.0
Code Vein,Bandai Namco Entertainment,Bandai Namco Studios,3000000,2019-09-27,2020-10-09,2019.0
Crusader Kings III,Paradox Interactive,Paradox Development,3000000,2020-09-01,2024-05-17,2020.0
Dave the Diver,Mintrocket,Mintrocket,3000000,2023-06-28,2024-01-03,2023.0
Demon Slayer: Kimetsu no Yaiba – The Hinokami Chronicles,Sega,CyberConnect2,3000000,2021-10-15,2022-01-04,2021.0
Dragon's Dogma 2,Capcom,Capcom,3000000,2024-03-22,2024-04-03,2024.0
Enter the Gungeon,Devolver Digital,Dodge Roll,3000000,2016-04-05,2021-01-21,2016.0
Farming Simulator 22,Giants Software,Giants Software,3000000,2021-11-22,2021-12-01,2021.0
Final Fantasy Pixel Remaster,Square Enix,Square Enix,3000000,2021-07-28,2023-05-02,2021.0
Final Fantasy XVIRead the review,Square Enix,Square Enix,3000000,2023-06-22,2020-09-16,2023.0
Football Manager 2020,Sega,Sports Interactive,3000000,2019-11-18,2023-08-11,2019.0
Gungeon,Devolver Digital,Dodge Roll,3000000,2016-04-05,2020-03-03,2016.0
Jurassic World Evolution,Frontier Developments,Frontier Developments,3000000,2018-06-12,2021-01-19,2018.0
Kingdom Come: Deliverance,Deep Silver,Warhorse Studios,3000000,2018-02-13,2021-01-10,2018.0
Life is Strange,Square Enix,DONTNOD Entertainment,3000000,2015-01-30,2021-02-14,2015.0
Little Nightmares,Bandai Namco Entertainment,Tarsier Studios,3000000,2017-04-28,2021-01-22,2017.0
Mass Effect: Andromeda,Electronic Arts,BioWare,3000000,2017-03-21,2020-12-05,2017.0
Middle-earth: Shadow of War,Warner Bros. Interactive Entertainment,Monolith Productions,3000000,2017-10-10,2021-08-30,2017.0
Mortal Kombat 1,Warner Bros.,NetherRealm Studios,3000000,2023-09-19,2023-11-09,2023.0
Octopath Traveler,Square Enix,Square Enix,3000000,2018-07-13,2021-02-13,2018.0
PGA Tour 2K21,2K Sports,HB Studios,3000000,2020-08-21,2020-11-06,2020.0
Remnant: From the Ashes,Perfect World Entertainment,Gunfire Games,3000000,2019-08-20,2021-02-12,2019.0
Space Engineers,Keen Software House,Keen Software House,3000000,2019-02-28,2018-09-13,2019.0
Squad,Offworld Industries,Offworld Industries,3000000,2015-12-15,2019-08-29,2015.0
Tales of Arise,Bandai Namco Entertainment,Bandai Namco Games,3000000,2021-09-10,2021-09-16,2021.0
Warhammer: Vermintide,Fatshark,Fatshark,3000000,2015-10-23,2020-03-04,2015.0
World War Z,Mad Dog Games,Saber Interactive,3000000,2019-04-16,2020-11-27,2019.0
WWE 2K17,2K Sports,THQ,3000000,2016-10-11,2020-10-24,2016.0
Yokai Watch,Nintendo,Level 5,2970000,2015-11-06,2018-01-05,2015.0
Nioh,Sony Interactive Entertainment,Team Ninja,2900000,2017-02-07,2020-08-05,2017.0
SubnauticaRead the review,Unknown Worlds Entertainment,Unknown Worlds Entertainment,2870000,2018-01-23,2018-02-14,2018.0
Prison Architect,Introversion Software,Introversion Software,2860000,2015-10-06,2018-08-18,2015.0
Superhot,SUPERHOT Team,SUPERHOT Team,2840000,2016-02-25,2020-05-19,2016.0
Hollow Knight,Team Cherry,Team Cherry,2800000,2017-02-24,2020-03-14,2017.0
Hollow Knight,Team Cherry,Team Cherry,2800000,2017-02-24,2021-01-21,2017.0
Ratchet & Clank: Rift Apart,Sony Interactive Entertainment,Insomniac Games,2720000,2021-06-11,2020-06-11,2021.0
ARMS,Nintendo,Nintendo EPD,2720000,2017-06-16,2018-11-19,2017.0
Xenoblade Chronicles 2,Nintendo,Monolith Soft,2700000,2017-12-01,2018-01-01,2017.0
Elden Ring,Bandai Namco Entertainment,From Software,2670000,2022-02-25,2023-01-18,2022.0
Bloodstained,Inti Creates,Inti Creates,2600000,2018-05-24,2021-02-08,2018.0
NieR: Automata,Square Enix,PlatinumGames,2600000,2017-03-07,2018-01-01,2017.0
Mario Strikers: Battle LeagueRead the review,Nintendo,Nintendo,2540000,2022-06-10,2022-02-09,2022.0
Dragon Ball: Xenoverse,Namco Bandai Games,Dimps Corporation,2520000,2015-02-24,2018-09-11,2015.0
Detroit: Become Human,Quantic Dream,Quantic Dream,2500000,2019-12-12,2019-03-20,2019.0
Dishonored 2,Bethesda Softworks,Arkane Studios,2500000,2016-11-11,2021-01-27,2016.0
Evolve,2K Games,Turtle Rock Studios,2500000,2015-02-10,2021-07-22,2015.0
Factorio,Wube Software LTD.,Wube Software LTD.,2500000,2016-01-01,2021-02-06,2016.0
Firewatch,Panic,Campo Santo,2500000,2016-02-09,2021-01-30,2016.0
Forza Horizon 3Read the review,Microsoft Studios,Playground Games,2500000,2016-09-27,2018-01-13,2016.0
Ghostrunner,505 Games,One More Level,2500000,2020-10-27,2021-05-31,2020.0
God of War,PlayStation PC,SIE Santa Monica Studio,2500000,2022-01-14,2022-05-26,2022.0
Nioh 2,Sony Interactive Entertainment,Koei Tecmo Games,2500000,2020-03-13,2021-04-28,2020.0
Planet Coaster,Frontier Developments,Frontier Developments,2500000,2016-11-17,2018-09-22,2016.0
Streets of Rage 4,DotEmu,DotEmu,2500000,2020-04-30,2021-02-22,2020.0
Rise of the Tomb Raider,Square Enix,Crystal Dynamics,2490000,2016-01-28,2018-04-11,2016.0
Mario Golf: Super RushRead the review,Nintendo,Camelot Software Planning,2480000,2021-06-25,2021-02-17,2021.0
Dragon Ball FighterZ,Bandai Namco Entertainment,Arc System Works,2430000,2018-09-28,2018-06-12,2018.0
New Pokémon Snap,Nintendo,Bandai Namco Studios,2400000,2021-04-30,2020-06-17,2021.0
Pikmin 3 Deluxe,Nintendo,Nintendo,2400000,2020-10-30,2020-08-05,2020.0
Yokai Watch Blasters: Red Cat Corps / White Dog Squad,Nintendo,Level 5,2370000,2018-09-07,2018-09-09,2018.0
Captain Toad: Treasure Tracker,Nintendo,Nintendo EPD,2350000,2018-07-13,2018-11-18,2018.0
Cyberpunk 2077,CD Projekt Red Studio,CD Projekt Red Studio,2330000,2020-11-19,2019-06-10,2020.0
Marvel vs. Capcom: Infinite,Capcom,Capcom,2300000,2017-09-19,2020-10-12,2017.0
Persona 5 RoyalRead the review,Atlus,Atlus,2300000,2020-03-31,2020-08-05,2020.0
Tabletop Simulator,Berserk Games,Berserk Games,2300000,2015-06-05,2018-02-18,2015.0
The Escapists,Team17,Mouldy Toof Studios,2290000,2015-02-13,2021-02-18,2015.0
Darksiders: Warmastered Edition,THQ Nordic,Kaiko,2280000,2016-11-29,2018-03-31,2016.0
Golf With Your Friends,Team 17,Blacklight Interactive,2270000,2016-01-29,2019-02-02,2016.0
Mario Party 10,Nintendo,"Nd Cube Co., Ltd.",2270000,2015-03-20,2018-01-24,2015.0
Project CARS,Bandai Namco Entertainment,Slightly Mad Studios,2260000,2015-05-06,2020-03-17,2015.0
Taiko no Tatsujin: Drum 'n' Fun!,Bandai Namco Games,Bandai Namco Games,2240000,2018-11-02,2018-08-25,2018.0
Darkest Dungeon,Red Hook Studios,Red Hook Studios,2210000,2016-01-19,2018-01-31,2016.0
Yokai Watch 3: Sushi / Tempura / Sukiyaki,Level 5,Level 5,2210000,2016-07-16,2019-01-26,2016.0
Capcom Arcade Stadium,Capcom,Capcom,2200000,2021-02-17,2023-06-06,2021.0
Content Warning,Landfall Games,Skog,2200000,2024-04-01,2024-04-16,2024.0
Dragon Quest Builders,Square Enix,Square Enix,2200000,2016-10-11,2020-03-11,2016.0
Naruto to Boruto: Shinobi Striker,Bandai Namco Games,Soleil Software Studio Inc.,2130000,2018-08-31,2018-06-14,2018.0
Total War: WARHAMMER,Sega,Creative Assembly,2089999,2016-05-24,2018-05-30,2016.0
Demon’s Souls,Sony Interactive Entertainment,Bluepoint Games,2080000,2020-11-12,2020-09-18,2020.0
Naruto Shippuden: Ultimate Ninja Storm Trilogy,Bandai Namco Entertainment,CyberConnect2,2080000,2018-04-26,2018-03-03,2018.0
Dragon Ball: Xenoverse 2,Namco Bandai Games,Dimps Corporation,2060000,2016-10-25,2018-03-03,2016.0
Plague Inc: Evolved,Ndemic Creations,Ndemic Creations,2000000,2020-12-31,2019-02-02,2020.0
Atelier Ryza,Koei Tecmo,Gust,2000000,2019-10-29,2021-03-29,2019.0
Balatro,Playstack,LocalThunk,2000000,2024-02-20,2024-03-18,2024.0
Beat Saber,Beat Games,Beat Games,2000000,2019-05-21,2020-10-10,2019.0
Bloodstained: Ritual of the Night,505 Games,ArtPlay,2000000,2019-06-18,2021-02-08,2019.0
Crusader Kings III,Paradox Interactive,Paradox Interactive,2000000,2020-09-01,2019-10-29,2020.0
Cuphead - The Delicious Last Course,Studio MDHR,Studio MDHR,2000000,2022-06-30,2022-06-10,2022.0
Dead Island 2,Deep Silver,Dambuster Studios,2000000,2023-04-21,2023-04-24,2023.0
Farming Simulator 19,Focus Home Interactive,Giants Software,2000000,2018-11-19,2020-12-18,2018.0
Fire Emblem Warriors,Nintendo,Omega Force,2000000,2017-10-20,2022-08-17,2017.0
Fitness Boxing,Nintendo,Imagineer,2000000,2019-01-04,2021-01-14,2019.0
Football Manager 2019,Sega,Sports Interactive,2000000,2018-11-02,2021-02-12,2018.0
Granblue Fantasy,Xseed Games,Cygames,2000000,2020-03-03,2020-04-23,2020.0
GreedFall,Focus Home Interactive,Spiders,2000000,2019-09-10,2021-02-22,2019.0
Hot Wheels Unleashed,Milestone,Milestone,2000000,2021-09-30,2021-12-22,2021.0
Icey,X.D. Network Inc.,FantaBlade Network,2000000,2016-11-17,2021-08-18,2016.0
Manor Lords,Hooded Horse,Slavic Magic,2000000,2024-04-26,2024-04-28,2024.0
Mario + Rabbids: Kingdom BattleRead the review,Ubisoft,Ubisoft Milan,2000000,2017-08-29,2018-01-24,2017.0
MLB The Show 21,Sony Interactive Entertainment,SIE San Diego Studio,2000000,2021-04-20,2021-07-28,2021.0
Monster Hunter Stories 2: Wings of Ruin,Capcom,Capcom,2000000,2021-07-09,2021-07-20,2021.0
One Piece: Pirate Warriors 4,Bandai Namco Entertainment,Omega Force,2000000,2020-03-27,2020-12-10,2020.0
Persona 5 Strikers,Sega,Omega Force,2000000,2021-02-23,2020-12-07,2021.0
Project CARS,Bandai Namco Entertainment,Slightly Mad Studios,2000000,2015-05-06,2021-01-22,2015.0
Sifu,Sloclap,Sloclap,2000000,2022-02-08,2022-03-02,2022.0
Sons of the Forest,Newnight,Endnight Games Ltd,2000000,2023-02-23,2023-02-27,2023.0
SoulCalibur VI,Bandai Namco Entertainment,Bandai Namco Studios,2000000,2018-10-19,2021-07-21,2018.0
SpongeBob SquarePants: Battle for Bikini Bottom - Rehydrated,THQ Nordic,THQ Nordic,2000000,2020-06-23,2020-11-27,2020.0
Super Bomberman R,Konami,Konami,2000000,2017-03-03,2021-02-19,2017.0
Superhot VR,SUPERHOT Team,SUPERHOT Team,2000000,2016-12-05,2021-01-21,2016.0
Tales of Berseria,Namco Bandai Games,Namco Bandai Games,2000000,2017-01-24,2021-09-16,2017.0
Tekken 8,Bandai Namco Entertainment,Bandai Namco Games,2000000,2024-01-25,2022-09-14,2024.0
Vampyr,Focus Home Interactive,DONTNOD Entertainment,2000000,2018-06-05,2020-11-27,2018.0
Warhammer: Vermintide 2,Fatshark,Fatshark,2000000,2018-03-08,2021-01-21,2018.0
Pokémon Mystery Dungeon: Rescue Team DX,Nintendo,Spike Chunsoft,1990000,2020-03-06,2020-08-05,2020.0
Stellaris,Paradox Interactive,Paradox Interactive,1970000,2016-05-09,2018-09-22,2016.0
Big Brain Academy: Brain vs. Brain,Nintendo,Nintendo,1940000,2021-12-03,2021-09-11,2021.0
Naruto Shippuden Ultimate Ninja Storm 4: Road to Boruto,Namco Bandai Games,CyberConnect2,1920000,2017-02-03,2018-06-25,2017.0
Dark Souls III,Namco Bandai Games,From Software,1900000,2016-04-12,2018-11-11,2016.0
Mega Man 11,Capcom,Capcom,1900000,2018-10-02,2020-10-12,2018.0
Octopath TravelerRead the review,Nintendo,Square Enix,1900000,2018-07-13,2018-10-02,2018.0
Dark Souls: RemasteredRead the review,Bandai Namco Entertainment,From Software,1890000,2018-05-25,2018-06-05,2018.0
Xenoblade Chronicles: Definitive EditionRead the review,Nintendo,Monolith Soft,1880000,2020-05-29,2020-05-11,2020.0
The Long Dark,Hinterland Studio Inc.,Hinterland Studio Inc.,1880000,2017-08-01,2018-08-07,2017.0
Xenoblade Chronicles 3Read the review,Nintendo,Monolith Soft,1860000,2022-07-29,2022-02-09,2022.0
Ghost of Tsushima Director's Cut,Sony Interactive Entertainment,Sucker Punch Productions,1860000,2020-07-17,2023-12-22,2020.0
Dragon Ball: Xenoverse 2,Namco Bandai Games,Dimps Corporation,1820000,2017-09-22,2018-01-01,2017.0
Friday the 13th: The Game,Gun Media,IllFonic,1800000,2017-05-26,2021-02-22,2017.0
Kingdom Hearts HD I.5 + II.5 ReMIX,Square Enix,Square Enix,1800000,2017-03-28,2018-01-10,2017.0
Monster Hunter Double Cross,Capcom,Capcom,1800000,2017-03-18,2018-01-05,2017.0
The Escapists,Team17,Mouldy Toof Studios,1800000,2015-02-13,2021-02-18,2015.0
Yakuza: Like a Dragon,Sega,Sega,1800000,2020-11-10,2023-12-21,2020.0
Dark Souls II: Scholar of the First Sin,Namco Bandai Games,From Software,1790000,2015-04-07,2018-04-23,2015.0
Miitopia,Nintendo,Nintendo,1790000,2021-05-21,2021-02-18,2021.0
Mad Max (2013),Warner Bros. Interactive Entertainment,Avalanche Studios,1780000,2015-09-01,2018-01-05,2015.0
Ori and the Blind Forest: Definitive EditionRead the review,Nordic Games,Moon Studios,1760000,2016-06-14,2018-08-12,2016.0
Paper Mario: The Thousand-Year Door,Nintendo,Intelligent Systems,1760000,2024-05-23,2023-09-14,2024.0
Metal Gear Solid V: The Phantom Pain,Konami Digital Entertainment,Kojima Productions,1750000,2015-09-01,2018-05-04,2015.0
Cuphead,Studio MDHR,Studio MDHR,1740000,2017-09-29,2020-08-01,2017.0
Mario Kart Live: Home Circuit,Nintendo,Velan Studios,1730000,2020-10-16,2020-09-03,2020.0
Capcom Arcade 2nd Stadium,Capcom,Capcom,1700000,2022-07-22,2023-11-08,2022.0
Days Gone,PlayStation PC,SIE Bend Studio,1700000,2021-05-18,2022-01-06,2021.0
Saints Row (2022),Deep Silver,Volition,1700000,2022-08-23,2024-05-15,2022.0
The Legend of Zelda: Breath of the Wild,Nintendo,Nintendo EPD,1700000,2017-03-03,2018-11-19,2017.0
Pokémon Super Mystery Dungeon,Nintendo,ChunSoft,1670000,2015-11-20,2018-08-03,2015.0
Kirby: Planet Robobot,Nintendo,HAL Laboratory,1640000,2016-06-10,2018-04-20,2016.0
Sackboy: A Big Adventure,Sony Interactive Entertainment,Sumo Digital,1620000,2020-11-12,2023-12-22,2020.0
Fire Emblem EngageRead the review,Nintendo,Intelligent Systems,1610000,2023-01-20,2022-09-13,2023.0
Dragon Quest VII: Fragments of the Forgotten Past,Nintendo,ArtePiazza,1600000,2016-09-16,2018-01-30,2016.0
Marvel Ultimate Alliance 3: The Black Order,Nintendo,Team Ninja,1600000,2019-07-19,2019-06-12,2019.0
Mega Man Legacy Collection,Capcom,Capcom,1600000,2015-08-25,2020-10-10,2015.0
Shin Megami Tensei V,Sega,Atlus,1600000,2021-11-12,2024-06-20,2021.0
Yoshi's Woolly World,Nintendo,Good-Feel,1570000,2015-10-16,2020-08-03,2015.0
Dragon Ball FighterZ,Namco Bandai Games,Arc System Works,1560000,2018-01-26,2018-04-02,2018.0
Hitman,Square Enix,IO Interactive,1530000,2016-03-11,2018-05-01,2016.0
Ancestors: The Humankind Odyssey,Private Division,Panache Digital Games,1500000,2019-08-27,2021-05-18,2019.0
ARK: Survival Evolved,Studio Wildcard,Studio Wildcard,1500000,2017-08-29,2018-09-22,2017.0
Dead Rising 4,Microsoft Studios,Capcom,1500000,2016-12-06,2020-10-10,2016.0
Digimon Story: Cyber Sleuth,Bandai Namco Entertainment,Media.Vision,1500000,2016-02-02,2021-02-22,2016.0
Ender Lilies: Quietus of the Knights,Binary Haze Interactive,Live Wire,1500000,2021-06-22,2022-03-07,2021.0
Injustice 2,Warner Bros. Interactive Entertainment,NetherRealm Studios,1500000,2017-05-16,2023-11-11,2017.0
Marvel's Spider-Man Remastered,PlayStation PC,Insomniac Games,1500000,2022-08-12,2023-05-24,2022.0
Naruto Shippuden: Ultimate Ninja Storm 4,Namco Bandai Games,CyberConnect2,1500000,2016-02-09,2018-09-22,2016.0
Prey (2017),Bethesda Softworks,Arkane Studios,1500000,2017-05-05,2021-01-27,2017.0
Puzzle & Dragons Z + Super Mario Bros. Edition,Nintendo,GungHo Online Entertainment,1500000,2015-05-22,2018-07-17,2015.0
Resident Evil: Revelations Collection,Capcom,Capcom,1500000,2017-11-28,2018-03-15,2017.0
Slay the Spire,Mega Crit Games,Mega Crit Games,1500000,2019-01-23,2019-03-24,2019.0
Tales of Vesperia: Definitive Edition,Namco Bandai Games,Bandai Namco Games,1500000,2019-01-11,2021-09-16,2019.0
Kirby's Return to Dream Land DeluxeRead the review,Nintendo,HAL Laboratory,1460000,2023-02-24,2022-09-13,2023.0
One Piece: Pirate Warriors 3,Bandai Namco Entertainment,Omega Force,1460000,2015-08-25,2020-11-13,2015.0
SoulCalibur VIRead the review,Bandai Namco Games,Project Soul,1440000,2018-10-19,2018-11-07,2018.0
Nintendo Labo: Toy-Con 01 Variety Kit,Nintendo,Nintendo EPD,1420000,2018-04-20,2018-11-19,2018.0
Style Savvy: Fashion Forward,Nintendo,syn Sophia,1410000,2016-08-19,2018-01-07,2016.0
Frostpunk,11 bit studios,11 bit studios,1400000,2018-04-24,2019-04-24,2018.0
Nioh 2,Sony Interactive Entertainment,Team Ninja,1400000,2020-03-13,2020-05-15,2020.0
Puyo Puyo Tetris,Sega,Sonic Team,1400000,2017-04-25,2021-05-12,2017.0
The Witcher 3: Complete Edition,CD Projekt Red Studio,CD Projekt Red Studio,1400000,2019-10-15,2019-06-11,2019.0
Batman: Arkham Knight,Warner Bros. Interactive Entertainment,Rocksteady Studios,1400000,2015-06-23,2018-01-04,2015.0
No Man's Sky,Hello Games,Hello Games,1400000,2016-01-01,2018-04-04,2016.0
The Room Three,Fireproof Games,Fireproof Games,1380000,2015-11-04,2020-12-18,2015.0
The Legend of Zelda: Tri Force Heroes,Nintendo,GREZZO,1360000,2015-10-23,2018-01-04,2015.0
Hearts of Iron IV,Paradox Interactive,Paradox Development,1350000,2016-06-06,2018-11-29,2016.0
WarioWare: Get It Together!,Nintendo,Nintendo,1340000,2021-09-10,2021-06-16,2021.0
Astral Chain,Nintendo,PlatinumGames,1330000,2019-08-30,2019-06-12,2019.0
Satisfactory,Coffee Stain Studios,Coffee Stain Studios,1330000,2019-03-18,2019-06-07,2019.0
Alan Wake 2,Epic Games,Remedy Entertainment,1300000,2023-10-27,2024-02-16,2023.0
Elite Dangerous: Horizons,Frontier Developments,Frontier Developments,1300000,2015-12-15,2021-01-19,2015.0
Kingdom Hearts HD II.8 Final Chapter Prologue,Square Enix,Square-Enix,1300000,2017-01-24,2018-01-01,2017.0
Mega Man X Legacy Collection,Capcom,Capcom,1300000,2018-07-24,2023-06-06,2018.0
Princess Peach: Showtime!,Nintendo,Nintendo,1300000,2023-03-22,2023-09-14,2023.0
Pillars of Eternity,Paradox Interactive,Obsidian Entertainment,1280000,2015-03-26,2018-02-06,2015.0
Dr Kawashima's Brain Training for Nintendo Switch,Nintendo,Nintendo,1270000,2020-01-03,2020-01-10,2020.0
Jump Force,Bandai Namco Entertainment,Spike Chunsoft,1270000,2018-02-15,2018-06-11,2018.0
Naruto Shippuden: Ultimate Ninja Storm Trilogy,Bandai Namco Entertainment,CyberConnect2,1260000,2018-04-26,2018-05-20,2018.0
Dark Souls II: Scholar of the First Sin,Namco Bandai Games,From Software,1250000,2015-04-07,2018-03-09,2015.0
Bayonetta,Nintendo,PlatinumGames,1240000,2018-02-16,2020-08-02,2018.0
Bayonetta 2,Nintendo,PlatinumGames,1230000,2018-02-16,2018-04-17,2018.0
Miitopia,Nintendo,Nintendo EPD,1220000,2017-07-28,2018-11-18,2017.0
Slime Rancher,Monomi Park,Monomi Park,1220000,2017-08-01,2018-08-07,2017.0
Black Desert Online,Kakao Games,Pearl Abyss,1200000,2016-03-03,2019-01-07,2016.0
Final Fantasy XII: The Zodiac Age,Square Enix,Square Enix,1200000,2017-07-11,2018-09-22,2017.0
Homefront: The Revolution,Deep Silver,Dambuster Studios,1200000,2016-05-17,2021-02-14,2016.0
Luigi's Mansion 2 HD,Nintendo,Next Level Games,1190000,2024-06-27,2023-09-14,2024.0
NieR: Automata,Square Enix,PlatinumGames,1180000,2017-03-17,2018-01-16,2017.0
Dragon Ball Z: Kakarot,Bandai Namco Games,CyberConnect2,1170000,2020-01-17,2019-07-23,2020.0
Pokken Tournament DX,Nintendo,Namco Bandai Games,1160000,2017-09-22,2018-01-01,2017.0
The Legend of Zelda: Twilight Princess HD,Nintendo,Tantalus Interactive,1160000,2016-03-04,2018-03-20,2016.0
Dark Souls: Remastered,Bandai Namco Entertainment,From Software,1150000,2018-10-19,2018-06-05,2018.0
Game Builder Garage,Nintendo,Nintendo,1150000,2021-06-11,2021-08-01,2021.0
Conan Exiles,Maximum Games,Funcom Oslo A/S,1140000,2018-05-08,2018-03-30,2018.0
Tekken 7,Namco Bandai Games,Namco Bandai Games,1130000,2017-06-02,2018-01-15,2017.0
Mario vs. Donkey Kong,Nintendo,Nintendo,1120000,2024-02-16,2023-09-14,2024.0
Dragon Ball: Xenoverse,Namco Bandai Games,Dimps Corporation,1110000,2015-02-24,2018-09-11,2015.0
One Piece: Pirate Warriors 3,Tecmo Koei,Omega Force,1110000,2015-08-25,2018-01-12,2015.0
Dragon Quest Builders,Nintendo,Square Enix,1100000,2016-10-11,2021-01-22,2016.0
Dragon Quest Builders 2,Nintendo,Square Enix,1100000,2019-07-12,2021-01-22,2019.0
Dragon's Dogma: Dark Arisen,Capcom,Capcom,1100000,2019-04-23,2019-03-22,2019.0
Kingdom Come: DeliveranceRead the review,Warhorse Studios,Warhorse Studios,1100000,2018-02-13,2018-01-10,2018.0
Shin Megami Tensei VRead the review,Sega,Atlus,1100000,2021-11-11,2021-12-08,2021.0
The Texas Chain Saw Massacre,Gun Interactive,Sumo Digital,1100000,2023-08-18,2024-02-28,2023.0
Metroid Prime RemasteredRead the review,Nintendo,Retro Studios,1090000,2023-02-08,2023-02-09,2023.0
Mario & Luigi: Paper Jam,Nintendo,AlphaDream Corporation,1080000,2016-01-22,2018-01-07,2016.0
Bayonetta 3Read the review,Nintendo,PlatinumGames,1070000,2022-10-28,2017-12-31,2022.0
Uncharted: Legacy of Thieves Collection,Sony Interactive Entertainment,Naughty Dog,1050000,2022-01-28,2023-12-22,2022.0
Naruto to Boruto: Shinobi Striker,Bandai Namco Games,Soleil Software Studio Inc.,1050000,2018-08-31,2018-09-12,2018.0
Dragon Ball: Xenoverse,Namco Bandai Games,Dimps Corporation,1040000,2015-02-24,2018-09-11,2015.0
Hotline Miami 2: Wrong NumberRead the review,Devolver Digital,Dennaton Games,1040000,2015-03-10,2018-01-21,2015.0
Resident Evil VII: Biohazard,Capcom,Capcom,1040000,2017-01-24,2018-01-15,2017.0
Assassin's Creed Origins,Ubisoft,Ubisoft Montreal,1030000,2017-10-27,2018-01-10,2017.0
Rhythm Heaven Megamix,Nintendo,Nintendo,1030000,2016-06-15,2018-05-31,2016.0
Code VeinRead the review,Bandai Namco Entertainment,Bandai Namco Studios,1020000,2019-09-27,2018-06-17,2019.0
ReturnalRead the review,Sony Interactive Entertainment,Housemarque,1020000,2021-04-30,2020-06-12,2021.0
13 Sentinels: Aegis Rim,Sega,Vanillaware,1000000,2020-09-22,2022-11-28,2020.0
60 Seconds!,Robot Gentleman Studios,Robot Gentleman Studios,1000000,2015-05-25,2021-02-09,2015.0
A Hat in Time,Gears for Breakfast,Gears for Breakfast,1000000,2017-10-05,2021-02-12,2017.0
A Plague Tale: Innocence,Focus Home Interactive,Asobo Studio,1000000,2019-05-14,2021-02-22,2019.0
ARK: Survival Evolved,Studio Wildcard,Studio Wildcard,1000000,2017-08-29,2018-01-14,2017.0
Biomutant,THQ Nordic,Experiment 101,1000000,2021-05-25,2021-08-18,2021.0
Bravely Default II,Square Enix,Silicon Studio,1000000,2021-02-26,2021-12-22,2021.0
Celeste,Matt Makes Games Inc.,Matt Makes Games Inc.,1000000,2018-01-25,2021-02-09,2018.0
Chivalry 2,Tripwire Interactive,Torn Banner Studios,1000000,2021-06-08,2021-08-17,2021.0
Cities: Skylines II,Paradox Interactive,Colossal Order,1000000,2023-10-24,2023-06-12,2023.0
Cities: Skylines II,Paradox Interactive,Colossal Order,1000000,2023-10-24,2024-02-07,2023.0
Danganronpa 2: Goodbye Despair,Spike Chunsoft,Spike Chunsoft,1000000,2016-04-18,2018-12-17,2016.0
Danganronpa: Trigger Happy Havoc,Spike Chunsoft,Spike Chunsoft,1000000,2016-02-18,2018-12-17,2016.0
Destroy All Humans! (2020),THQ Nordic,Black Forest Games,1000000,2020-07-28,2021-07-08,2020.0
Divinity: Original Sin 2,Larian Studios,Larian Studios,1000000,2016-09-15,2019-02-03,2016.0
Dragon Quest Monsters: The Dark Prince,Square Enix,Square Enix,1000000,2023-12-01,2023-06-21,2023.0
Dread Hunger,Digital Confectioners,Dread Hunger Team,1000000,2022-01-26,2023-06-24,2022.0
DREDGE,Team17,Black Salt Games,1000000,2023-03-30,2023-10-09,2023.0
Earth Defense Force 5,D3 Publisher,Sandlot,1000000,2018-12-11,2022-08-17,2018.0
Enter the Gungeon,Devolver Digital,Dodge Roll,1000000,2017-12-14,2018-02-04,2017.0
Escape Simulator,Pine Studio,Pine Studio,1000000,2021-10-19,2022-05-02,2021.0
Farming Simulator 17,Giants Software,Giants Software,1000000,2016-10-24,2020-12-18,2016.0
Final Fantasy Type-0 HD,Square Enix,Square Enix,1000000,2015-03-17,2018-05-10,2015.0
Fire Emblem Echoes: Shadows of Valentia,Nintendo,Intelligent Systems,1000000,2017-05-19,2017-12-31,2017.0
Fire Emblem Warriors,Nintendo,Omega Force,1000000,2017-10-20,2020-10-16,2017.0
Fire Emblem Warriors: Three HopesRead the review,Nintendo,Omega Force,1000000,2022-06-24,2022-02-09,2022.0
Fitness Boxing,Nintendo,Imagineer,1000000,2019-01-04,2021-01-14,2019.0
Fitness Boxing 2: Rhythm & Exercise,Nintendo,Imagineer,1000000,2020-12-04,2022-04-17,2020.0
Football Manager 2016,Sega,Sports Interactive,1000000,2015-11-13,2018-04-20,2015.0
Football Manager 2017,Sega,Sports Interactive,1000000,2016-11-04,2018-05-29,2016.0
Football Manager 2021,Sega,Sports Interactive,1000000,2020-11-24,2021-01-05,2020.0
Forts,EarthWork Games,EarthWork Games,1000000,2017-04-19,2022-03-09,2017.0
Forza Motorsport 6,Microsoft Studios,Turn 10 Studios,1000000,2015-09-15,2018-01-12,2015.0
Gears of War: Ultimate EditionRead the review,Microsoft Studios,The Coalition,1000000,2015-08-25,2018-08-10,2015.0
Granblue Fantasy: Relink,Cygames,Cygames,1000000,2024-02-01,2024-02-13,2024.0
Granblue Fantasy: Versus,Xseed Games,Arc System Works,1000000,2020-03-03,2020-11-21,2020.0
GRIS,Devolver Digital,Nomada Studio,1000000,2018-12-13,2021-02-12,2018.0
Guilty Gear -Strive-,Arc System Works,Arc System Works,1000000,2021-06-11,2021-06-15,2021.0
Hades,Supergiant Games,Supergiant Games,1000000,2020-09-17,2020-12-27,2020.0
Hellblade,Ninja Theory,Ninja Theory,1000000,2017-08-08,2020-03-05,2017.0
Hellblade: Senua's Sacrifice,Ninja Theory,Ninja Theory,1000000,2017-08-08,2021-01-24,2017.0
Hollow Knight,Team Cherry,Team Cherry,1000000,2017-02-24,2018-02-03,2017.0
Inside,Playdead,Playdead,1000000,2016-06-29,2020-12-27,2016.0
Judgment,Sega,Sega,1000000,2019-06-25,2021-06-16,2019.0
Killing Floor 2,Tripwire Interactive,Tripwire Interactive,1000000,2016-11-18,2018-05-30,2016.0
Lies of P,Neowiz Corporation,Neowiz Corporation,1000000,2023-09-18,2023-10-17,2023.0
Like a Dragon: Infinite Wealth,Sega,Sega,1000000,2024-01-25,2024-02-01,2024.0
Little Nightmares 2,Bandai Namco Entertainment,Tarsier Studios,1000000,2021-02-11,2021-03-12,2021.0
Lords of the Fallen (2023),CI Games,HEXWORKS,1000000,2023-10-13,2023-10-23,2023.0
Metal: Hellsinger,Funcom,The Outsiders,1000000,2022-09-15,2024-05-17,2022.0
Microsoft Flight Simulator (2020),Xbox Game Studios,Asobo Studio,1000000,2020-08-18,2020-08-04,2020.0
Momotaro Dentetsu World: Chikyuu wa Kibou de Mawatteru!,Konami,Nintendo,1000000,2023-11-16,2023-12-28,2023.0
Monster Strike 3DS,"mixi, Inc","mixi, Inc",1000000,2015-12-17,2018-01-07,2015.0
Moonlighter,11 bit studios,Digital Sun,1000000,2018-05-29,2020-10-09,2018.0
Mordhau,Triternion,Triternion,1000000,2019-04-29,2019-05-06,2019.0
Mortal Shell,Playstack,Cold Symmetry,1000000,2020-08-18,2024-05-16,2020.0
My Time At Portia,Team17 Digital Ltd,Pathea Games,1000000,2019-01-15,2019-04-15,2019.0
Needy Streamer Overload,WSS playground,WSS playground,1000000,2022-01-21,2023-06-30,2022.0
Octopath Traveler II,Square Enix,Square Enix,1000000,2023-02-24,2023-06-07,2023.0
Outward,Deep Silver,Nine Dots Studio,1000000,2019-03-26,2020-12-01,2019.0
Oxenfree,Night School Studio,Night School Studio,1000000,2016-01-15,2021-02-12,2016.0
Persona 3 Reload,Sega,Atlus,1000000,2024-02-02,2024-02-08,2024.0
Planet ZooRead the review,Frontier Developments,Frontier Developments,1000000,2019-11-05,2019-06-02,2019.0
Pokken Tournament,Nintendo,Namco Bandai Games,1000000,2016-03-18,2018-01-24,2016.0
Puyo Puyo TetrisRead the review,Sega,Sonic Team,1000000,2017-04-25,2018-07-04,2017.0
Remnant 2,Gearbox Publishing,Gunfire Games,1000000,2023-07-25,2023-08-02,2023.0
Resident Evil 6,Capcom,Capcom,1000000,2019-10-29,2019-06-16,2019.0
Rise of the Tomb Raider,Square Enix,Crystal Dynamics,1000000,2015-11-10,2018-04-11,2015.0
Risk of Rain 2,Gearbox Publishing,Hopoo Games,1000000,2019-03-28,2019-05-03,2019.0
Sakuna: Of Rice and Ruin,Xseed Games,Edelweiss,1000000,2020-11-10,2020-11-25,2020.0
Salt and Sanctuary,Ska Studios,Ska Studios,1000000,2016-03-15,2021-01-27,2016.0
Scarlet Nexus,Bandai Namco Entertainment,Bandai Namco Games,1000000,2021-06-25,2022-04-14,2021.0
Sniper: Ghost Warrior 3,CI Games,CI Games,1000000,2017-04-25,2021-01-11,2017.0
Sniper: Ghost Warrior Contracts,CI Games,CI Games,1000000,2019-11-22,2021-01-11,2019.0
SnowRunner,Focus Home Interactive,Saber Interactive,1000000,2020-04-28,2020-11-27,2020.0
Sonic Mania,Sega,PagodaWest Games,1000000,2017-08-15,2020-10-23,2017.0
Spintires: MudRunner,Focus Home Interactive,Saber Interactive,1000000,2017-10-31,2020-11-27,2017.0
Spiritfarer,Thunder Lotus Games,Thunder Lotus Games,1000000,2020-08-18,2021-04-20,2020.0
StarCraft II: Legacy of the VoidRead the review,Blizzard Entertainment,Blizzard Entertainment,1000000,2015-11-10,2018-05-31,2015.0
Stellar Blade,Sony Interactive Entertainment,Shift Up,1000000,2024-04-26,2024-01-31,2024.0
Story of Seasons: Pioneers of Olive TownRead the review,Marvelous,Marvelous,1000000,2021-03-26,2021-02-10,2021.0
Story of Seasons: Pioneers of Olive Town,Xseed Games,Marvelous,1000000,2021-09-15,2021-10-05,2021.0
Teenage Mutant Ninja Turtles: Shredder's Revenge,DotEmu,Tribute Games,1000000,2022-06-16,2022-07-13,2022.0
Teenage Mutant Ninja Turtles: The Cowabunga Collection,Konami,Digital Eclipse,1000000,2022-08-30,2023-04-07,2022.0
The Exit 8,Kotake Create,Kotake Create,1000000,2023-11-29,2024-08-08,2023.0
The Great Ace Attorney Chronicles,Capcom,Capcom,1000000,2021-07-27,2022-04-15,2021.0
The Scroll of Taiwu,ConchShip Games,ConchShip Games,1000000,2018-09-21,2021-08-16,2018.0
Thief Simulator,Forever Entertainment S.A.,Noble Muffins,1000000,2019-05-16,2021-07-16,2019.0
Tony Hawk's Pro Skater 1 + 2,Activision,Vicarious Visions,1000000,2020-09-04,2020-11-03,2020.0
Total War: Three Kingdoms,Sega,Creative Assembly,1000000,2019-05-23,2018-01-10,2019.0
Trials of Mana,Square Enix,Square Enix,1000000,2020-04-24,2021-02-12,2020.0
Triangle Strategy,Square Enix,Square Enix,1000000,2022-03-04,2022-12-21,2022.0
Two Point Hospital,Sega,Two Point Studio,1000000,2018-08-30,2019-07-24,2018.0
Unpacking,Humble Bundle,Witch Beam,1000000,2021-11-02,2021-12-14,2021.0
Untitled Goose Game,Panic,House House,1000000,2019-09-20,2021-01-24,2019.0
Valkyria Chronicles 4,Sega,Sega,1000000,2018-09-25,2021-01-20,2018.0
Warhammer: End Times – Vermintide,Fatshark,Fatshark,1000000,2015-10-23,2021-01-21,2015.0
Wo Long: Fallen Dynasty,Koei Tecmo,Team Ninja,1000000,2023-03-03,2022-06-13,2023.0
Dragon's Dogma: Dark Arisen,Capcom,Capcom,970000,2016-01-15,2019-03-22,2016.0
Total War: Warhammer II,Sega,Creative Assembly,960000,2017-09-28,2018-09-22,2017.0
Football Manager 2018,Sega,Sports Interactive,960000,2017-11-10,2018-05-31,2017.0
Bravely Default IIRead the review,Nintendo,Silicon Studio,950000,2021-02-26,2019-12-17,2021.0
Warriors Orochi 4,Koei Tecmo,Omega Force,950000,2018-10-16,2020-10-17,2018.0
Exoprimal,Capcom,Capcom,940000,2023-07-14,2024-05-12,2023.0
Zombie Army Trilogy,Rebellion Developments,Rebellion Developments,940000,2015-03-06,2018-05-30,2015.0
Portal Knights,505 Games,Keen Games,910000,2016-02-25,2018-07-03,2016.0
Mario & Sonic at the Tokyo 2020 Olympic GamesRead the review,Sega,Sega,900000,2019-11-05,2019-06-12,2019.0
Ni no Kuni II: Revenant Kingdom,Bandai Namco Entertainment,Level 5,900000,2018-03-23,2021-01-22,2018.0
Persona 4 Golden,Sega,Atlus,900000,2020-06-13,2020-08-05,2020.0
Dead Rising 4,Microsoft Studios,Capcom,870000,2016-12-06,2018-09-25,2016.0
Mafia III,2K Games,Hangar 13,860000,2016-10-07,2018-04-02,2016.0
SUPERHOT,SUPERHOT Team,SUPERHOT Team,840000,2016-02-25,2018-11-08,2016.0
Dead Cells,Motion Twin,Motion Twin,830000,2017-05-10,2018-08-06,2017.0
Predator: Hunting Grounds,Sony Computer Entertainment,IllFonic,830000,2020-04-24,2019-06-20,2020.0
Dragon Ball: Xenoverse,Namco Bandai Games,Dimps Corporation,820000,2015-02-27,2018-09-11,2015.0
theHunter: Call of the Wild,Maximum Games,Expansive Worlds,820000,2017-03-07,2018-06-19,2017.0
Triangle StrategyRead the review,Nintendo,Square Enix,800000,2022-03-04,2022-04-08,2022.0
Yakuza 6: The Song of Life,Sega,Sega,800000,2018-04-17,2018-01-03,2018.0
Farming Simulator 17,Focus Home Interactive,Giants Software,800000,2016-10-25,2018-04-06,2016.0
Dragon Ball FighterZ,Namco Bandai Games,Arc System Works,770000,2018-01-26,2018-04-02,2018.0
Dynasty Warriors 9,Koei Tecmo,Omega Force,730000,2018-02-13,2020-10-17,2018.0
Homeworld Remastered Collection,Gearbox Software,Gearbox Software,730000,2015-02-25,2018-09-22,2015.0
Bendy and the Ink Machine,Joey Drew Studios Inc.,TheMeatly Games,720000,2018-02-28,2018-12-19,2018.0
Prey (2017),Bethesda Softworks,Arkane Studios,700000,2017-05-05,2018-01-18,2017.0
Attack on Titan,Koei Tecmo,Omega Force,700000,2016-08-30,2021-01-22,2016.0
Bravely Second: End Layer,Nintendo,Silicon Studio,700000,2016-04-15,2018-01-08,2016.0
Tennis World Tour,Bigben Interactive,Breakpoint Studio,700000,2018-05-22,2021-04-26,2018.0
Resident Evil VII: Biohazard,Capcom,Capcom,670000,2017-01-24,2018-01-15,2017.0
Resident Evil: Revelations 2,Capcom,Capcom,660000,2015-02-25,2018-04-15,2015.0
Hand of Fate,Defiant Development,Defiant Development,620000,2015-02-17,2019-04-21,2015.0
Pixel Piracy,Re-Logic,Quadro Delta,620000,2015-04-23,2018-08-09,2015.0
Wolfenstein: The Old Blood,Bethesda Softworks,MachineGames,600000,2015-05-05,2018-04-21,2015.0
Bloodstained: Curse of the Moon,Inti Creates,Inti Creates,600000,2018-05-24,2021-02-08,2018.0
F1 Manager 2022,Frontier Developments,Frontier Developments,600000,2022-08-30,2023-01-10,2022.0
Shin Megami Tensei III: Nocturne HD Remaster,Sega,Atlus,600000,2021-05-21,2021-04-28,2021.0
VA-11 HALL-A,Ysbryd Games,Sukeban Games,600000,2016-06-21,2020-12-01,2016.0
Wartales,Shiro Games,Shiro Games,600000,2021-12-01,2022-02-09,2021.0
Yakuza 5,Sega,Sega,590000,2015-12-08,2018-01-02,2015.0
I Am Bread,Bossa Studios,Bossa Studios,580000,2015-04-09,2018-08-11,2015.0
ABZURead the review,505 Games,Giant Squid Studios,580000,2016-08-02,2018-08-01,2016.0
Uncharted: Legacy of Thieves Collection,Sony Interactive Entertainment,Naughty Dog,570000,2022-01-28,2022-03-06,2022.0
Final Fantasy X / X-2 HD Remaster,Square Enix,Square Enix,570000,2016-05-12,2019-03-22,2016.0
Mega Man Legacy Collection,Capcom,Digital Eclipse Software,570000,2016-02-23,2018-05-29,2016.0
Hatsune Miku: Project Diva Future Tone,Sega,Sega,550000,2017-01-10,2018-09-21,2017.0
ToeJam & Earl: Back in the Groove,HumaNature Studios,HumaNature Studios,550000,2019-03-01,2021-09-17,2019.0
Dragon Ball: Xenoverse 2,Namco Bandai Games,Dimps Corporation,540000,2016-10-28,2018-03-03,2016.0
NBA 2K18,2K Sports,Visual Concepts,540000,2017-09-19,2018-04-02,2017.0
Attack on Titan 2,Koei Tecmo,Omega Force,520000,2018-03-20,2020-10-17,2018.0
Shovel Knight,Yacht Club Games,Yacht Club Games,500000,2015-11-03,2018-11-21,2015.0
13 Sentinels: Aegis RimRead the review,Atlus,Vanillaware,500000,2020-09-22,2019-03-22,2020.0
Atelier Ryza: Ever Darkness & the Secret Hideout,Koei Tecmo,Gust,500000,2019-10-29,2020-12-09,2019.0
Captain Tsubasa: Rise of New Champions,Bandai Namco Entertainment,Tamsoft,500000,2020-08-28,2021-02-19,2020.0
Core Keeper,Fireshine Games,Pugstorm Game Studios,500000,2022-03-08,2022-03-11,2022.0
Darkest Dungeon 2Read the review,Red Hook Studios,Red Hook Studios,500000,2023-05-08,2019-06-27,2023.0
Digimon Survive,Bandai Namco Entertainment,Hyde,500000,2022-07-29,2022-12-02,2022.0
Doki Doki Literature Club Plus!,Serenity Forge,Team Salvato,500000,2021-06-30,2021-07-20,2021.0
eBASEBALL Powerful Pro Baseball 2022,Konami,Konami,500000,2022-04-21,2022-06-09,2022.0
Evil Dead: The Game,Boss Team Games,Saber Interactive,500000,2022-05-13,2024-05-17,2022.0
Fishing Spirits,Bandai Namco Games,Bandai Namco Games,500000,2019-07-25,2020-07-08,2019.0
Hello Neighbor,TinyBuild Games,Dynamic Pixels,500000,2017-12-08,2021-02-08,2017.0
Insurgency: SandstormRead the review,Focus Home Interactive,New World Interactive,500000,2018-12-12,2018-12-12,2018.0
Jikkyou Powerful Pro Baseball 2016,Konami,Konami,500000,2016-04-28,2021-01-30,2016.0
Live A Live,Nintendo,Square Enix,500000,2022-07-22,2022-09-02,2022.0
Melty Blood: Type Lumina,Delightworks,French-Bread,500000,2021-09-30,2022-03-15,2021.0
Mini Motorways,Dinosaur Polo Club,Dinosaur Polo Club,500000,2019-09-19,2021-12-07,2019.0
My Friend Pedro,Devolver Digital,DeadToast Entertainment,500000,2019-06-20,2021-02-19,2019.0
My Hero One's Justice,Bandai Namco Entertainment,Byking,500000,2018-10-26,2021-02-09,2018.0
Romance of the Three Kingdoms XIV,Koei Tecmo,Koei,500000,2020-02-28,2020-10-17,2020.0
Root Letter,PQube,Kadokawa Games,500000,2016-11-10,2022-04-24,2016.0
Rune Factory 5Read the review,Marvelous Entertainment,Xseed Games,500000,2022-03-22,2019-02-13,2022.0
Songs of Conquest,Coffee Stain Publishing,Lavapotion,500000,2024-05-20,2019-06-10,2024.0
Temtem,Humble Bundle,CremaGames,500000,2022-09-06,2024-05-17,2022.0
Unicorn Overlord,Atlus,Vanillaware,500000,2024-03-08,2024-04-02,2024.0
Victoria 3,Paradox Interactive,Paradox Development,500000,2022-10-25,2022-11-19,2022.0
Warhammer: The End Times - Vermintide,Games Workshop,Fatshark,500000,2016-10-04,2018-08-11,2016.0
Wizard of Legend,Humble Bundle,Contingent99,500000,2018-05-15,2021-02-09,2018.0
Yakuza 0,Sega,Sega,500000,2017-01-24,2020-12-15,2017.0
Ys VIII: Lacrimosa of Dana,NIS America,Nihon Falcom Corporation,500000,2017-09-12,2021-02-09,2017.0
Final Fantasy XV: Windows Edition,Square Enix,Square Enix,490000,2018-03-06,2018-09-07,2018.0
The Escapists 2,Team17 Software,Team17 Software,490000,2017-08-22,2019-02-22,2017.0
Uncharted: Legacy of Thieves Collection,PlayStation PC,Naughty Dog,480000,2022-10-19,2021-09-11,2022.0
Jurassic World Evolution,Frontier Developments,Frontier Developments,480000,2018-07-03,2018-04-20,2018.0
Galactic Civilizations IIIRead the review,Stardock,Stardock,480000,2015-05-14,2018-11-23,2015.0
Life Is Strange: Before the Storm,Square Enix,Deck Nine,470000,2017-08-31,2018-07-09,2017.0
Victor Vran ARPG,EuroVideo Medien,Haemimont Games,450000,2015-07-01,2019-02-09,2015.0
Marvel's Spider-Man: Miles Morales,PlayStation PC,Insomniac Games,450000,2022-11-18,2022-06-02,2022.0
BlazBlue: Cross Tag Battle,Arc System Works,Arc System Works,450000,2018-06-05,2021-02-19,2018.0
Yakuza: Like a DragonRead the review,Sega,Sega,450000,2020-11-13,2019-11-05,2020.0
Bayonetta,Sega,PlatinumGames,420000,2017-04-11,2020-08-02,2017.0
Hellblade: Senua's Sacrifice,Ninja Theory,Ninja Theory,420000,2017-08-08,2019-04-11,2017.0
Fate/Samurai Remnant,Koei Tecmo,Omega Force,410000,2023-09-28,2023-10-06,2023.0
Samurai Warriors 5,Koei Tecmo,Omega Force,410000,2021-07-27,2021-07-27,2021.0
Shadow Tactics: Blades of the Shogun,Daedalic Entertainment,Mimimi Productions,410000,2016-12-06,2018-09-15,2016.0
Salt and Sanctuary,Ska Studios,Ska Studios,400000,2016-03-15,2019-02-10,2016.0
God Wars,Kadokawa Games,Kadokawa Games,400000,2017-06-20,2020-02-17,2017.0
Gray Zone Warfare,MADFINGER Games,MADFINGER Games,400000,2024-04-30,2024-05-02,2024.0
Root Letter,PQube,Kadokawa Games,400000,2016-11-10,2021-01-30,2016.0
Trine 3: The Artifacts of Power,Frozenbyte,Frozenbyte,390000,2015-08-20,2018-10-27,2015.0
Rebel Galaxy,Double Damage Games,Double Damage Games,380000,2016-01-01,2018-01-01,2016.0
This is the Police,EuroVideo Medien,Weappy Studio,380000,2016-08-02,2019-04-08,2016.0
Disgaea 5,NIS America,Nippon Ichi Software,370000,2015-10-06,2021-02-03,2015.0
Shovel Knight,Yacht Club Games,Yacht Club Games,370000,2019-04-09,2019-01-28,2019.0
Clustertruck,TinyBuild Games,Landfall,370000,2016-09-27,2018-03-01,2016.0
The Last of Us Part I,PlayStation PC,Naughty Dog,370000,2023-03-28,2022-06-10,2023.0
Grey Goo,Grey Box,Petroglyph Games,360000,2015-01-23,2019-01-04,2015.0
Cossacks 3,GSC Game World,GSC Game World,360000,2016-09-20,2018-09-22,2016.0
Atelier Ryza 2: Lost Legends & the Secret Fairy,Koei Tecmo,Gust,360000,2021-01-26,2020-12-09,2021.0
Dead or Alive 6,Koei Tecmo,Team Ninja,350000,2019-03-01,2020-10-17,2019.0
Dark Souls: Remastered,Bandai Namco Entertainment,From Software,350000,2018-05-25,2018-06-05,2018.0
Nioh: Complete Edition,Koei Tecmo,Team Ninja,350000,2017-11-07,2020-08-05,2017.0
One Piece: Pirate Warriors 3,Namco Bandai Games,Omega Force,350000,2015-08-25,2018-01-12,2015.0
LEGO Jurassic World,Warner Bros. Interactive Entertainment,Traveller's Tales,340000,2015-06-12,2018-04-06,2015.0
Fatal Frame: Maiden of Black Water,Koei Tecmo,Koei Tecmo Games,340000,2021-10-28,2022-02-28,2021.0
Transport Fever,Astragon,Urban Games,340000,2016-11-08,2018-09-22,2016.0
Death Stranding Director's CutRead the review,Sony Interactive Entertainment,Kojima Productions,340000,2021-09-24,2021-06-10,2021.0
Dead or Alive 5 Last Round,Koei Tecmo,Team Ninja,330000,2015-02-17,2021-02-05,2015.0
Battlefleet Gothic: Armada,Koch Media,Tindalos Interactive,320000,2016-04-21,2018-09-22,2016.0
South Park: The Fractured But Whole,Ubisoft,Ubisoft San Francisco,320000,2017-10-17,2018-04-06,2017.0
The Jackbox Party Pack 3,Jackbox Games,Jackbox Games,320000,2016-10-18,2019-04-21,2016.0
Spintires: MudRunner,Focus Home Interactive,Saber Interactive,320000,2017-10-31,2018-05-30,2017.0
F1 2016,Codemasters,Codemasters,320000,2017-01-01,2018-05-14,2017.0
Fairy Tail,Koei Tecmo,Gust,310000,2020-07-31,2021-02-07,2020.0
Warriors  Orochi 4,Koei Tecmo,Omega Force,310000,2018-10-16,2018-11-11,2018.0
Her Story,Sam Barlow,Sam Barlow,310000,2015-06-24,2018-01-06,2015.0
Agony,PlayWay,Madmind Studio,310000,2018-05-29,2020-03-18,2018.0
Agony,PlayWay,Madmind Studio,310000,2018-05-29,2021-01-24,2018.0
.hack//G.U. Last Recode,Bandai Namco Entertainment,CyberConnect2,300000,2017-11-03,2021-02-09,2017.0
Agents of Mayhem,Deep Silver,Volition,300000,2017-08-15,2021-02-14,2017.0
Atelier Ryza 3: Alchemist of the End & the Secret Key,Koei Tecmo,Gust,300000,2023-03-24,2023-04-27,2023.0
Bloodstained: Curse of the MoonRead the review,Inti Creates,Inti Creates,300000,2018-05-24,2018-06-05,2018.0
Earth Defense Force 5,D3 Publisher,Sandlot,300000,2018-12-11,2018-01-07,2018.0
Earth Defense Force 6,D3 Publisher,Sandlot,300000,2022-08-25,2022-09-02,2022.0
Everspace 2,Rockfish Games,Rockfish Games,300000,2023-04-06,2023-04-06,2023.0
Master Detective Archives: Rain Code,Spike Chunsoft,Too Kyo Games,300000,2023-06-30,2023-08-04,2023.0
Slime Rancher 2,Monomi Park,Monomi Park,300000,2022-09-22,2022-09-23,2022.0
SNK Heroines: Tag Team Frenzy,NIS America,SNK,300000,2018-09-07,2021-02-12,2018.0
VA-11 HALL-A,Ysbryd Games,Sukeban Games,300000,2016-06-21,2018-01-06,2016.0
The Jackbox Party Pack 2,Jackbox Games,Jackbox Games,300000,2015-10-13,2019-04-21,2015.0
Pit People,The Behemoth,The Behemoth,300000,2018-03-02,2018-09-11,2018.0
Talon Man Remastered,Out of crumpét's:,OutOfTime,290000,2018-01-01,2018-12-12,2018.0
Worms: WMD,Team17 Digital Ltd,Team17 Digital Ltd,290000,2016-08-23,2018-08-12,2016.0
Tales of Berseria,Namco Bandai Games,Namco Bandai Games,280000,2018-01-01,2018-05-25,2018.0
Little Nightmares,Namco Bandai Games,Tarsier Studios,280000,2017-04-28,2019-02-20,2017.0
Dynasty Warriors 9 Empires,Koei Tecmo,Omega Force,280000,2022-02-15,2022-02-28,2022.0
Mega Man Legacy Collection,Capcom,Digital Eclipse Software,270000,2015-08-25,2018-05-29,2015.0
Battle Royale Trainer,Trickjump Games Ltd,Trickjump Games Ltd,260000,2018-01-04,2019-02-17,2018.0
Final Quest II,Back To Basics Gaming,RPG Video,260000,2016-10-18,2019-02-17,2016.0
Greyfox RPG,EQ Games,Lesley Dodd,260000,2015-02-24,2019-02-17,2015.0
The Four Kings Casino and Slots,Digital Leisure Inc.,Digital Leisure Inc.,260000,2015-06-01,2019-02-17,2015.0
PixARK,Snail Games USA,Snail Games USA,260000,2018-03-27,2019-05-19,2018.0
Elex,THQ Nordic,Piranha Bytes,250000,2017-10-17,2018-06-30,2017.0
Legend of Mysteria RPG,EQ Games,Labyrinthine,250000,2015-10-09,2019-02-16,2015.0
Grand Pigeon's Duty,WolfgangIs,WolfgangIs,250000,2016-08-05,2019-02-16,2016.0
Owlboy,D-Pad Studio,D-Pad Studios,250000,2016-11-01,2019-02-16,2016.0
Song of the Deep,GameTrust,Insomniac Games,250000,2016-07-12,2023-12-24,2016.0
Age of Wonders 4,Paradox Interactive,Triumph Studios,250000,2023-05-02,2023-05-10,2023.0
Hollow Knight,Team Cherry,Team Cherry,250000,2018-06-12,2018-12-01,2018.0
Kamiko,Flyhigh Works,Skipmore,250000,2017-04-27,2018-01-16,2017.0
Sea of Stars,Sabotage Studio,Sabotage Studio,250000,2023-08-29,2023-08-30,2023.0
Touhou Luna Nights,Playism,Team Ladybug,250000,2018-08-20,2021-04-12,2018.0
Toukiden 2,Koei Tecmo,Omega Force,250000,2017-03-21,2021-02-07,2017.0
World War Z,Focus Home Interactive,Saber Interactive,250000,2019-04-16,2019-03-20,2019.0
Streamline,Proletariat Inc.,Proletariat Inc.,250000,2016-09-30,2019-02-16,2016.0
Spikit,Back To Basics Gaming,Blastoid Entertainment,250000,2016-08-09,2019-02-16,2016.0
Momodora: Reverie Under the Moonlight,AGM Playism,Bombservice,250000,2016-03-04,2018-01-05,2016.0
Project Highrise: Architect's Edition,Kasedo Games,SomaSim,250000,2016-09-08,2019-03-22,2016.0
Lego Star Wars: The Force Awakens,Warner Bros. Interactive Entertainment,TT Fusion,250000,2016-06-28,2018-03-31,2016.0
Detention,Coconut Island Games,Red Candle Games,240000,2017-01-12,2019-02-11,2017.0
The Land of Dasthir,Back To Basics Gaming,RPG Video,240000,2017-01-10,2019-02-11,2017.0
Reset 1-1,New Reality Games,Panda Indie Studio,240000,2016-08-30,2019-02-11,2016.0
Under Zero,Dagestan Technology,Dagestan Technology,240000,2016-03-25,2019-02-11,2016.0
God Eater 2: Rage Burst,Namco Bandai Games,Namco Bandai Games,240000,2016-10-01,2018-07-04,2016.0
Sleeping Valley,White Dog,White Dog,240000,2016-10-08,2019-02-06,2016.0
Warriors of Vilvatikta,Back To Basics Gaming,RPG Video,240000,2016-08-26,2019-02-06,2016.0
Crawl,Powerhoof Pty Ltd,Powerhoof,240000,2017-04-11,2019-02-06,2017.0
Ninja Gaiden: Master Collection,Koei Tecmo,Team Ninja,240000,2021-06-10,2021-07-27,2021.0
Shelter 2,Might and Delight,Might and Delight,240000,2015-03-09,2019-02-06,2015.0
Shake Your Money Simulator 2016,CharlieH,CharlieH,240000,2016-03-18,2019-02-06,2016.0
Energy Cycle,Sometimes You,Sometimes You,240000,2016-01-13,2019-02-03,2016.0
Mad Hunter,Unknown,Unknown,240000,2016-11-29,2019-02-03,2016.0
Jet Racing Extreme: The First Encounter,Real Dynamics,Real Dynamics,240000,2015-07-14,2019-02-03,2015.0
Evoland 2,Shiro Games,Shiro Games,230000,2015-08-25,2018-08-10,2015.0
Sniper: Ghost Warrior 3,City Interactive,City Interactive,230000,2017-04-25,2018-05-29,2017.0
The Evil Within 2,Bethesda Softworks,Tango Gameworks,230000,2017-10-13,2018-05-10,2017.0
Total War Saga: Thrones of BritanniaRead the review,Sega,Creative Assembly,220000,2018-05-03,2018-05-15,2018.0
Attack on Titan 2: Final Battle,Koei Tecmo,Omega Force,220000,2019-07-05,2021-02-07,2019.0
Chroma Squad,Behold Studios,Behold Studios,220000,2015-04-30,2019-03-08,2015.0
Night in the Woods,Unknown,Unknown,220000,2017-02-21,2017-11-28,2017.0
LEGO Marvel's Avengers,Warner Bros. Interactive Entertainment,Traveller's Tales,210000,2016-01-26,2018-04-06,2016.0
Pillars of Eternity II: Deadfire,Versus Evil,Obsidian Entertainment,200000,2018-12-31,2018-01-11,2018.0
Agony,PlayWay,Madmind Studio,200000,2018-05-29,2018-04-30,2018.0
Atelier Sophie 2: The Alchemist of the Mysterious Dream,Koei Tecmo,Gust,200000,2022-02-25,2022-05-11,2022.0
Azur Lane: Crosswave,Idea Factory International,Felistella,200000,2020-02-13,2021-02-19,2020.0
Blue Reflection,Koei Tecmo,Gust,200000,2017-09-26,2022-02-28,2017.0
Carrion,Devolver Digital,Phobia Game Studio,200000,2020-07-23,2021-02-19,2020.0
Disgaea 5 Complete,NIS America,Nippon Ichi Software,200000,2017-05-23,2018-02-25,2017.0
Fate/Extella: The Umbral Star,Xseed Games,Marvelous,200000,2017-01-17,2021-01-30,2017.0
Metro Exodus,Deep Silver,4a-games,200000,2019-02-15,2018-01-01,2019.0
Nobunaga's Ambition: Shinsei,Koei Tecmo,Koei Tecmo Games,200000,2022-07-21,2022-11-04,2022.0
Pseudoregalia,rittzler,rittzler,200000,2023-07-28,2024-08-26,2023.0
Shiren the Wanderer: The Mystery Dungeon of Serpentcoil IslandRead the review,Spike Chunsoft,Spike Chunsoft,200000,2024-02-27,2024-01-15,2024.0
Toukiden Kiwami,Koei Tecmo,Omega Force,200000,2015-06-26,2021-02-05,2015.0
Resident Evil Zero,Capcom,Capcom,200000,2016-01-19,2018-09-04,2016.0
The Room Two,Fireproof Games,Fireproof Games,200000,2016-06-05,2017-12-31,2016.0
Space Pilgrim Episode I: Alpha Centauri,GrabTheGames,Pilgrim Adventures,200000,2015-12-21,2019-02-27,2015.0
Call of Duty: Modern Warfare Remastered,Activision,Infinity Ward,190000,2018-01-01,2018-01-14,2018.0
Death Coming,Zodiac Interactive,NEXT Studios,190000,2017-11-06,2019-04-20,2017.0
Shovel Knight,Yacht Club Games,Yacht Club Games,190000,2015-04-21,2018-11-21,2015.0
Dead or Alive Xtreme 3,Koei Tecmo,Team Ninja,190000,2016-03-24,2020-10-16,2016.0
A Hat in Time,Gears for Breakfast,Gears for Breakfast,190000,2017-10-05,2018-08-01,2017.0
Fran Bow,Killmonday Games,Killmonday Games,190000,2015-08-27,2018-01-06,2015.0
Sword Art Online: Fatal Bullet,Namco Bandai Games,Dimps Corporation,180000,2018-02-23,2018-02-23,2018.0
RollerCoaster Tycoon World,Atari,Nvizzio Creations,180000,2016-03-30,2018-09-22,2016.0
Bomber Crew,Curve Digital,Runner Duck,180000,2017-10-19,2019-01-03,2017.0
Atelier Lydie & Suelle: The Alchemists and the Mysterious Paintings,Koei Tecmo,Gust,180000,2017-12-21,2020-10-17,2017.0
Nobunaga's Ambition: Awakening,Koei Tecmo,Koei Tecmo Games,180000,2022-07-21,2023-11-03,2022.0
Romance of the Three Kingdoms XIII,Koei Tecmo,Koei,180000,2016-01-28,2020-10-16,2016.0
Samurai Warriors 4-II,KOEI,Koei Tecmo Games,180000,2015-02-11,2020-10-16,2015.0
Taiko Risshiden V DX,Koei Tecmo,Koei Tecmo Games,180000,2022-05-19,2022-08-03,2022.0
Yu-Gi-Oh! Legacy of the Duelist,Konami,Other Ocean Interactive,180000,2016-12-16,2019-04-20,2016.0
BlazBlue: Chrono Phantasma Extend,"H2 Interactive Co., Ltd.",Arc System Works,180000,2016-03-02,2019-04-08,2016.0
Going Medieval,The Irregular Corporation,Foxy Voxel,180000,2021-06-01,2021-06-10,2021.0
Might & Magic Heroes VII,Ubisoft,Limbic Software,170000,2015-09-29,2018-09-21,2015.0
Atelier Sophie: The Alchemist of the Mysterious Book,Koei Tecmo,Gust,170000,2015-11-19,2020-10-16,2015.0
Disgaea PC,NIS America,Nippon Ichi Software,170000,2016-02-24,2017-12-31,2016.0
Dishonored: Death of the Outsider,Bethesda Softworks,Arkane Studios,170000,2017-09-15,2018-03-03,2017.0
Act of Aggression,Focus Home Interactive,Eugen Systems,160000,2015-09-02,2018-09-22,2015.0
VampyrRead the review,Focus Home Interactive,DONTNOD Entertainment,160000,2018-06-05,2018-02-08,2018.0
Okami HD,Capcom,Capcom,160000,2017-12-12,2017-12-31,2017.0
The Surge,Focus Home Interactive,DECK13 Interactive,160000,2017-05-16,2018-01-06,2017.0
Steins;Gate,Nitro+,Nitro+,160000,2016-09-09,2018-07-04,2016.0
Summon Night 5,Gaijinworks,Felistella,160000,2015-12-15,2018-11-08,2015.0
SUPERHOT VR,SUPERHOT Team,SUPERHOT Team,160000,2017-05-25,2018-11-09,2017.0
Pixel Puzzles 2: Anime,DL Softworks,DL Softworks,160000,2015-03-27,2019-04-03,2015.0
Yooka-LayleeRead the review,Team17 Software,Playtonic Games,160000,2018-01-01,2018-05-31,2018.0
Holy Potatoes! A Weapon Shop?!,Daedalic Entertainment,Daylight Studios,150000,2015-07-13,2018-07-05,2015.0
Space Pilgrim Episode II: Epsilon Indi,GrabTheGames,Pilgrim Adventures,150000,2016-01-08,2019-03-22,2016.0
Rogue Port - Red Nightmare,Sunight Games,Sunight Games,150000,2016-05-07,2019-04-21,2016.0
Granblue Fantasy VersusRead the review,Xseed Games,Arc System Works,150000,2020-02-18,2019-08-06,2020.0
Hatsune Miku: Project Diva MegaMixRead the review,Sega,Sega,150000,2020-05-15,2020-01-24,2020.0
Labyrinth of Refrain: Coven of Dusk,Nippon Ichi Software,Nippon Ichi Software,150000,2018-09-18,2021-02-09,2018.0
MoonlighterRead the review,Merge Games,Digital Sun,150000,2018-11-09,2019-02-22,2018.0
Nights of Azure,Koei Tecmo,Gust,150000,2016-03-29,2021-02-07,2016.0
Dead Rising 4Read the review,Capcom,Capcom,150000,2016-12-06,2018-10-01,2016.0
Toki Tori 2+,Two Tribes,Two Tribes,150000,2016-02-26,2018-09-21,2016.0
Battle Chasers: Nightwar,THQ Nordic,Airship Syndicate,150000,2017-10-03,2018-09-22,2017.0
Sherlock Holmes: The Devil's Daughter,Bigben Interactive,Bigben Interactive,140000,2016-10-25,2018-06-27,2016.0
Vanquish,Sega,PlatinumGames,140000,2017-05-25,2018-11-02,2017.0
Styx: Shards of Darkness,Focus Home Interactive,Cyanide Studio,140000,2017-03-14,2018-01-06,2017.0
WWE 2K16,2K Sports,Yuke's,140000,2016-03-10,2018-04-11,2016.0
Heckabomb,Kiss,Allicorn Games,140000,2015-02-27,2019-04-22,2015.0
RoboMatch,Lasta Dan Publisher,Anti-Ded GameDev,140000,2017-03-06,2019-04-22,2017.0
The Solus Project,Teotl Studios,Hourences,140000,2016-06-07,2019-04-22,2016.0
Inverted,Dagestan Technology,Versus System,140000,2016-07-22,2019-04-22,2016.0
Sun Blast: Star Fighter,EQ Games,OBLONE Software,140000,2015-04-03,2019-04-22,2015.0
Battle Brothers,Overhype Studios,Overhype Studios,140000,2017-03-24,2019-04-22,2017.0
Winter Novel,DeXP,DeXP,140000,2016-08-10,2019-04-22,2016.0
Force of Nature,A.Y.std,A.Y.std,140000,2016-12-13,2019-04-22,2016.0
Sig.NULL,Dagestan Technology,SaintHeiser,140000,2016-09-27,2019-04-22,2016.0
NUKED KNIGHT,Siberian Digital,Nuked Games,140000,2016-10-19,2019-04-22,2016.0
Space Pilgrim Episode IV: Sol,GrabTheGames,Pilgrim Adventures,140000,2016-03-04,2019-04-22,2016.0
The Silent AgeRead the review,Meridian4,House On Fire,140000,2015-05-29,2019-04-22,2015.0
Fahrenheit: Indigo Prophecy Remastered,Aspyr,Aspyr,140000,2015-01-29,2019-04-22,2015.0
Squeezone,Dagestan Technology,Versus System,140000,2016-09-16,2019-04-22,2016.0
Fairy Fencer F,Idea Factory International,Compile Heart,140000,2015-08-04,2018-11-04,2015.0
Cat Goes Fishing,Unknown,Cat5Games,140000,2015-01-20,2019-04-22,2015.0
Shantae and the Pirate's Curse,WayForward,WayForward,140000,2015-04-23,2019-04-22,2015.0
Absolute Drift,Funselektor Labs Inc.,Funselektor Labs Inc.,140000,2015-07-29,2019-04-22,2015.0
Teslagrad,Rain Games,Rain Games,140000,2015-09-15,2019-04-22,2015.0
Garden Rescue,Rainbow Games,Rainbow Games,140000,2015-02-02,2019-04-08,2015.0
Guilty Gear Xrd: Sign,Arc System Works,Arc System Works,140000,2015-12-09,2019-04-21,2015.0
"Warhammer 40,000: Inquisitor - Martyr",NeocoreGames,NeoCoreGames,140000,2018-06-05,2019-04-22,2018.0
Mega Man Legacy Collection,Capcom,Digital Eclipse Software,130000,2015-08-25,2018-05-29,2015.0
The Mercury Man,Mehsoft,Mehsoft,130000,2018-05-20,2019-04-22,2018.0
SpellForce 3,THQ Nordic,Grimlore Games,130000,2017-12-07,2019-04-22,2017.0
Fallout 4 VR,Bethesda Softworks,Bethesda Game Studios,130000,2017-12-11,2018-02-07,2017.0
BattleStorm,Icy Studios,Icy Studios,130000,2016-03-24,2019-04-22,2016.0
Mouse in Lab,Unknown,Unknown,130000,2017-02-02,2019-04-21,2017.0
Haydee,Haydee Interactive,Haydee Interactive,130000,2016-09-26,2019-04-21,2016.0
Hyperdimension Neptunia Re;Birth2: Sisters Generation,Idea Factory,Idea Factory,130000,2015-05-29,2019-04-17,2015.0
One Piece: Burning Blood,Namco Bandai Games,Spike Chunsoft,130000,2016-07-01,2018-05-23,2016.0
The Magical Silence,Anatoliy Loginovskikh,Anatoliy Loginovskikh,130000,2016-06-10,2019-04-21,2016.0
Totem,Dagestan Technology,Grizlikyt,130000,2016-08-30,2019-04-21,2016.0
Colony Survival,Pipliz,Pipliz,130000,2017-06-16,2019-04-21,2017.0
Nobunaga's Ambition: Taishi,Koei Tecmo,Koei Tecmo Games,130000,2017-11-30,2020-10-17,2017.0
Warriors All-Stars,Koei Tecmo,Omega Force,130000,2017-03-30,2020-10-17,2017.0
Dinosaur Hunt,ANPA.US,Racing Bros,130000,2015-09-17,2019-04-21,2015.0
"Warhammer 40,000: Regicide",Hammerfall Publishing,Hammerfall Publishing,130000,2015-09-08,2019-03-29,2015.0
"Linea, the Game",KHB-Soft,KHB-Soft,130000,2016-01-04,2019-04-21,2016.0
Cucumber Blues,Unknown,Unknown,130000,2017-04-03,2019-04-21,2017.0
Bootombaa,cada,Naarassusi Game,130000,2017-03-09,2019-04-21,2017.0
Dungreed,TEAM HORAY,TEAM HORAY,130000,2018-02-15,2019-04-21,2018.0
Obduction,Cyan Worlds,Cyan Worlds,130000,2016-08-24,2019-04-21,2016.0
Runestone Keeper,Blackfire Games,Blackfire Games,130000,2015-03-23,2019-04-21,2015.0
Cataegis : The White Wind,Kiss,Acido Cinza,130000,2015-09-25,2019-04-21,2015.0
Spaceport Hope,team BitClub,team BitClub,130000,2016-04-16,2019-04-21,2016.0
Dungeons 3,Kalypso Media,Realmforge Studios,130000,2017-10-13,2018-03-03,2017.0
The Turing Test,Square Enix,Bulkhead Interactive,130000,2016-08-30,2019-04-21,2016.0
Super Cuber,Icy Studios,Icy Studios,130000,2017-02-27,2019-04-21,2017.0
Startup Company,Hovgaard Games,Hovgaard Games,130000,2017-08-11,2019-04-21,2017.0
Omega One,StarSystemStudios,StarSystemStudios,130000,2017-02-01,2019-04-21,2017.0
The Deed,GrabTheGames,Pilgrim Adventures,130000,2015-11-24,2019-04-21,2015.0
Asteroid Bounty Hunter,Just1337 Publisher,Just1337 Studio,130000,2016-02-17,2019-04-21,2016.0
Ultimate Marvel vs. Capcom 3,Capcom,Capcom,130000,2017-03-07,2019-04-21,2017.0
Beat Cop,11 bit studios,Pixel Crow,130000,2017-03-30,2019-04-21,2017.0
Delver,Priority Interrupt,Priority Interrupt,130000,2018-02-01,2019-04-21,2018.0
Hand of Fate 2,Defiant Development,Defiant Development,130000,2017-11-07,2019-04-21,2017.0
Battle Ranch: Pigs vs Plants,Playboom,Playboom,130000,2015-02-02,2019-04-21,2015.0
Rogue Port - Blue Nightmare,Sunight Games,Sunight Games,130000,2017-02-20,2019-04-21,2017.0
Super Seducer,RLR Training Inc,RLR Training Inc,130000,2018-03-06,2021-02-15,2018.0
The Jackbox Party Pack 4,Jackbox Games,Jackbox Games,120000,2017-10-19,2019-04-21,2017.0
Attempt[42],ThinkOfGames,ThinkOfGames,120000,2016-12-08,2019-04-21,2016.0
Ni no Kuni II: Revenant Kingdom,Namco Bandai Games,Level 5,120000,2018-03-23,2019-04-21,2018.0
The Curious Expedition,Maschinen-Mensch,Maschinen-Mensch,120000,2016-09-02,2019-04-21,2016.0
Guilty Gear Xrd -Revelator-,Arc System Works,Arc System Works,120000,2016-12-14,2019-04-21,2016.0
Snik,Cleverweek,Cleverweek,120000,2015-09-04,2019-04-21,2015.0
DEADBOLT,Hopoo Games,Hopoo Games,120000,2016-03-14,2019-04-20,2016.0
Linked,ThinkOfGames,ThinkOfGames,120000,2017-02-21,2019-04-20,2017.0
Westerado: Double Barreled,Adult Swim,Ostrich Banditos,120000,2015-04-16,2019-04-20,2015.0
Oceanhorn: Monster of Uncharted Seas,FDG Entertainment,Cornfox & Brothers,120000,2015-03-17,2019-04-20,2015.0
8-Bit Armies,Soedesco,Petroglyph Games,120000,2018-09-21,2018-06-28,2018.0
Hyperdimension Neptunia Re;Birth 3: V Generation,Idea Factory International,Compile Heart,120000,2015-10-30,2018-07-04,2015.0
Deponia Doomsday,Daedalic Entertainment,Daedalic Entertainment,120000,2016-03-01,2018-09-22,2016.0
Dead Age,Headup Games,Silent Dreams,120000,2016-07-14,2019-04-17,2016.0
Dexodonex,Seragam,Seragam,120000,2016-12-08,2019-04-17,2016.0
Three Heroes,Cats Who Play,Cats Who Play,120000,2015-09-17,2019-04-17,2015.0
Drawful 2,Jackbox Games,Jackbox Games,120000,2016-07-21,2019-04-17,2016.0
- Arcane Raise -,WAX Publishing,Arcane Raise,120000,2017-03-10,2019-04-17,2017.0
Overture,Black Shell Media,Black Shell Games,120000,2015-01-01,2019-04-17,2015.0
Puzzle Cube,ThinkOfGames,ThinkOfGames,120000,2016-10-12,2019-04-17,2016.0
Approaching Blocks,Dymchick1,Dymchick1,120000,2016-06-04,2019-04-17,2016.0
Ben and Ed,Sluggerfly,Sluggerfly,120000,2015-12-08,2019-04-17,2015.0
Multimirror,Cleverweek,Cleverweek,120000,2016-11-15,2019-04-17,2016.0
Injustice 2,Warner Bros. Interactive Entertainment,NetherRealm Studios,120000,2017-12-01,2019-04-17,2017.0
The Growth Journey,Cleverweek,Cleverweek,120000,2016-01-07,2019-04-17,2016.0
Senran Kagura Shinovi Versus,Xseed Games,Tamsoft,120000,2016-07-01,2019-04-17,2016.0
Atelier Marie Remake: The Alchemist of Salburg,Koei Tecmo,Koei Tecmo Games,120000,2023-07-13,2023-11-03,2023.0
Blue Reflection: Second Light,Koei Tecmo,Gust,120000,2021-11-09,2022-02-28,2021.0
Fatal Frame: Mask of the Lunar Eclipse,Koei Tecmo,Koei Tecmo Games,120000,2023-03-09,2023-04-28,2023.0
Office Battle,Black Lime Studio,Black Lime Studio,120000,2015-12-02,2019-04-16,2015.0
Attack on Titan / A.O.T. Wings of Freedom,Koei Tecmo,Omega Force,120000,2016-08-26,2019-04-16,2016.0
Emily is Away Too,Kyle Seeley,Kyle Seeley,120000,2017-05-26,2019-04-16,2017.0
Fernbus Simulator,Aerosoft,TML Studios,120000,2016-08-25,2018-09-22,2016.0
N++,Metanet Software Inc.,Metanet Software Inc.,120000,2016-08-25,2019-04-16,2016.0
Out of Reach,Space Boat Studios,Space Boat Studios,120000,2018-07-13,2019-04-10,2018.0
Defend Your Life,Alda Games,Alda Games,120000,2015-04-10,2019-04-10,2015.0
Swiftly,Cleverweek,Cleverweek,120000,2016-01-26,2019-04-10,2016.0
Sudden Strike 4,Kalypso Media,Kite Games,120000,2017-08-15,2018-03-24,2017.0
Akiba's Trip: Undead & Undressed,Xseed Games,Acquire,120000,2015-05-26,2019-04-09,2015.0
Akin,ThinkOfGames,ThinkOfGames,120000,2016-06-06,2019-04-09,2016.0
BADLAND: Game of the Year Edition,Frogmind,Frogmind,120000,2015-05-26,2019-04-08,2015.0
Heaven Forest NIGHTS,Chubby Pixel,Fabio Ferrara,120000,2017-03-13,2019-04-08,2017.0
Shark Attack Deathmatch 2,Lighthouse Games Studio,Lighthouse Games Studio,120000,2015-06-28,2019-04-08,2015.0
Brother Wings,Brogames,Brogames,120000,2017-01-11,2019-04-08,2017.0
Late Shift,Wales Interactive Ltd.,CtrlMovie,110000,2017-04-18,2019-04-08,2017.0
Squirbs,Team Indev,Team Indev,110000,2016-01-06,2019-04-08,2016.0
Sword Art Online: Hollow Realization,Bandai Namco Entertainment,Aquria,110000,2017-10-27,2019-03-22,2017.0
Garden Rescue: Christmas Edition,Rainbow Games,Rainbow Games,110000,2015-11-09,2019-04-08,2015.0
Samorost 3,Amanita Design,Amanita Design,110000,2016-03-24,2019-04-08,2016.0
INK,ZackBellGames,ZackBellGames,110000,2015-08-05,2019-04-07,2015.0
Starpoint Gemini Warlords,Iceberg Interactive,Little Green Men Games,110000,2017-05-23,2019-04-07,2017.0
Farm Together,Milkstone Studios,Milkstone Studios S.L.,110000,2018-10-11,2019-04-07,2018.0
Ice Lakes,Iceflake Studios,Iceflake Studios,110000,2016-04-19,2019-04-07,2016.0
20XX,Batterystaple Games,Batterystaple Games,110000,2017-08-16,2019-04-07,2017.0
Fairyland: Incursion,Naarassusi Publisher,Naarassusi Game,110000,2016-06-22,2019-04-06,2016.0
SHENZHEN I/O,Zachtronics Industries,Zachtronics Industries,110000,2016-11-17,2019-04-06,2016.0
Alter World,Giorgi Abelashvili,Giorgi Abelashvili,110000,2015-05-29,2019-04-06,2015.0
Rebuild 3: Gangs of Deadsville,Northway Games,Northway Games,110000,2015-05-29,2019-04-06,2015.0
HektorRead the review,Meridian4,Rubycone Games,110000,2015-02-20,2019-04-06,2015.0
Cubium Dreams,Siberian Digital,Igrodelsky,110000,2016-04-29,2019-04-06,2016.0
Legends of Eisenwald,Aterdux Entertainment,Aterdux Entertainment,110000,2015-07-02,2019-04-06,2015.0
Crashlands,Butterscotch Shenanigans,Butterscotch Shenanigans,110000,2016-01-21,2019-04-06,2016.0
Fairyland: Fairy Power,Naarassusi Publisher,Naarassusi Game,110000,2016-11-11,2019-04-06,2016.0
Submerged,Uppercut Games Pty Ltd,Uppercut Games,110000,2015-08-04,2019-04-06,2015.0
Intralism,KHB-Soft,KHB-Soft,110000,2016-11-04,2019-04-06,2016.0
12 Labours of Hercules III: Girl Power,Jetdogs Studios,Jetdogs Studios,110000,2015-08-07,2019-04-06,2015.0
Sparkle 3 Genesis,Forever Entertainment S.A.,Forever Entertainment S.A.,110000,2015-04-24,2019-04-06,2015.0
Final Fantasy XII: The Zodiac Age,Square Enix,Square Enix,110000,2018-02-01,2018-09-22,2018.0
Game Corp DX,Endless Loop Studios,Endless Loop Studios,110000,2015-10-02,2019-04-06,2015.0
Tank Blast,Siberian Digital,PowPow,110000,2016-07-13,2019-04-06,2016.0
Staxel,Humble Bundle,Plukit,110000,2018-01-23,2019-04-06,2018.0
UBERMOSH,Walter Machado,Walter Machado,110000,2015-08-13,2019-04-05,2015.0
Blaster Master Zero,Inti Creates,Inti Creates,110000,2017-03-09,2021-02-03,2017.0
Planescape Torment: Enhanced Edition,Beamdog,Beamdog,110000,2017-04-11,2019-04-05,2017.0
The King of Fighters 2002: Unlimited Match,SNK,SNK Corporation,110000,2015-02-27,2019-04-05,2015.0
Hyperdimension Neptunia U: Action Unleashed,Idea Factory International,Compile Heart,110000,2016-03-21,2018-07-03,2016.0
Replica,Somi,Somi,110000,2016-06-11,2019-04-04,2016.0
Sakura Dungeon,Winged Cloud,Winged Cloud,110000,2016-06-03,2019-04-04,2016.0
Vanishing Realms,Indimo Labs LLC,Indimo Labs LLC,110000,2016-04-05,2019-04-04,2016.0
"Cook, Serve, Delicious! 2!!",Vertigo Gaming Inc.,Vertigo Gaming Inc.,110000,2017-09-14,2019-04-04,2017.0
Heroes of Hammerwatch,Crackshell,Crackshell,110000,2018-03-01,2019-04-03,2018.0
Evil Maze,ZOV GAME STUDIO,ZOV GAME STUDIO,110000,2016-06-17,2019-04-03,2016.0
Pixel Puzzles 2: Space,DL Softworks,DL Softworks,110000,2016-02-19,2019-04-03,2016.0
Ace of Words,Ocean Software,ZeroBit Games,110000,2016-05-13,2019-04-03,2016.0
Mighty No. 9Read the review,Deep Silver,Comcept,110000,2016-07-01,2018-07-04,2016.0
Dungeon Souls,Black Shell Media,Lamina Studios,110000,2016-12-02,2019-04-01,2016.0
SimAirport,LVGameDev LLC,LVGameDev LLC,110000,2017-03-07,2019-04-01,2017.0
Cities XXL,Focus Home Interactive,Focus Home Interactive,110000,2015-02-05,2018-09-22,2015.0
QUBIC,Rock Path Collective,Triple-Star Studio,110000,2016-11-18,2019-04-01,2016.0
Alpacapaca Dash,Synnergy Circle Games,Synnergy Circle Games,110000,2017-01-24,2019-04-01,2017.0
Jackal,Peace,Peace,100000,2016-08-21,2019-03-29,2016.0
GRUZCHIK,Unknown,Unknown,100000,2017-03-10,2019-04-01,2017.0
Darkness Assault,Black Lime Studio,Black Lime Studio,100000,2015-02-06,2019-04-01,2015.0
Putrefaction,Kazakov Oleg,Kazakov Oleg,100000,2015-08-07,2019-04-01,2015.0
Monster Prom,Those Awesome Guys,Beautiful Glitch,100000,2018-04-27,2019-04-01,2018.0
Rusty Lake: Roots,Rusty Lake,Rusty Lake,100000,2016-10-20,2019-03-31,2016.0
AXYOS,Axyos Games,Axyos Games,100000,2018-08-01,2019-03-31,2018.0
Albert and Otto,K Bros Games,K Bros Games,100000,2015-10-28,2019-03-27,2015.0
Everything,Double Fine Presents,David OReilly,100000,2017-04-21,2019-03-27,2017.0
Final Fantasy VI,Square Enix,Square Enix,100000,2015-12-16,2019-03-27,2015.0
Orbt XL,Nickervision Studios,Nickervision Studios,100000,2017-04-21,2019-03-27,2017.0
Valhalla Hills,Daedalic Entertainment,Funatics Software,100000,2015-12-02,2019-03-27,2015.0
Midsummer Night,Siberian Digital,Everlasting Fantasy,100000,2016-06-17,2019-03-27,2016.0
Devil Daggers,Sorath,Sorath,100000,2016-02-18,2019-03-27,2016.0
Gloria Victis,Black Eye Games,Black Eye Games,100000,2016-06-09,2019-03-27,2016.0
Bloop Reloaded,Kiss,2SD,100000,2015-02-06,2019-03-27,2015.0
Age of Steel: Recharge,Quaint Emerald,Quaint Emerald,100000,2016-01-06,2019-03-27,2016.0
Homeworld: Deserts of Kharak,Gearbox Publishing,Blackbird Interactive,100000,2016-01-20,2019-03-26,2016.0
Life Beetle,Dagestan Technology,Grizlikyt,100000,2017-04-18,2019-03-26,2017.0
LiEat,AGM Playism,Miwashiba,100000,2016-02-26,2019-03-26,2016.0
Salt,Lavaboots Studios,Lavaboots Studios,100000,2018-02-06,2019-03-26,2018.0
aMAZE,Blender Games,Blender Games,100000,2017-03-14,2019-03-26,2017.0
Knights of Pen and Paper 2,Paradox Interactive,Kyy Games,100000,2015-10-20,2019-03-26,2015.0
BallisticNG,Neognosis,Neognosis,100000,2018-12-14,2019-03-26,2018.0
Space Pirates And Zombies 2,MinMax Games Ltd.,MinMax Games Ltd.,100000,2017-11-07,2019-03-26,2017.0
Deathtrap,NeocoreGames,Neocore Games,100000,2015-02-04,2019-03-26,2015.0
Blackguards 2,Daedalic Entertainment,Daedalic Entertainment,100000,2015-04-01,2018-09-15,2015.0
Rento Fortune - Online Dice Board Game,LAN - GAMES EOOD,LAN - GAMES EOOD,100000,2017-07-14,2019-03-23,2017.0
The Technomancer,Focus Home Interactive,Spiders,100000,2016-06-28,2018-06-27,2016.0
Amnesia: Rebirth,Frictional Games,Frictional Games,100000,2020-10-20,2021-03-17,2020.0
Bullet Girls Phantasia,D3 Publisher,SHADE Inc.,100000,2020-01-17,2020-10-10,2020.0
Gal Gun: Double Peace,PQube,Inti Creates,100000,2016-08-02,2021-01-30,2016.0
God Wars: Future Past,NIS America,Kadokawa Games,100000,2017-06-20,2021-01-24,2017.0
Hellblade: Senua's Sacrifice,Microsoft Studios,Ninja Theory,100000,2018-12-04,2018-11-02,2018.0
Murky Divers,Oro Interactive,Embers,100000,2024-06-19,2024-07-16,2024.0
Pocky & Rocky Reshrined,Natsume Atari,Tengo Project,100000,2022-06-23,2022-07-14,2022.0
Potion Craft: The Alchemist Simulator,TinyBuild Games,niceplay games,100000,2021-09-21,2021-09-28,2021.0
Romance of the Three Kingdoms XIV: Diplomacy and Strategy Expansion Pack,Koei Tecmo,Koei Tecmo Games,100000,2020-12-10,2021-03-05,2020.0
Samurai Warriors 4: Empires,KOEI,Omega Force,100000,2016-03-15,2021-02-07,2016.0
Senran Kagura: Estival Versus,Marvelous Entertainment,Tamsoft,100000,2016-03-15,2021-01-23,2016.0
Senran Kagura: Peach Beach Splash,Xseed Games,Marvelous Entertainment,100000,2017-09-26,2018-06-30,2017.0
Skylanders: Imaginators,Activision,Toys for Bob,100000,2016-10-16,2021-03-18,2016.0
The Idolmaster: Starlit Season,Bandai Namco,"ILCA, Inc.",100000,2021-10-14,2021-10-20,2021.0
Touhou Luna Nights,Vaka Game Magazine,Vaka Game Magazine,100000,2019-02-26,2019-06-24,2019.0
Winning Post 9 2022,Koei Tecmo,Koei Tecmo Games,100000,2022-04-14,2022-08-03,2022.0
World War 3,The Farm 51,The Farm 51,100000,2018-10-20,2019-08-29,2018.0
Yomawari,NIS America,Nippon Ichi Software,100000,2016-10-25,2021-02-03,2016.0
Atelier Shallie: Alchemists of the Dusk Sea,Tecmo Koei,Gust,80000,2015-03-10,2018-11-03,2015.0
Blue Reflection,Koei Tecmo,Gust,80000,2017-09-26,2020-10-17,2017.0
Winning Post 9 2021,Koei Tecmo,Koei Tecmo Games,80000,2021-04-15,2021-07-27,2021.0
Shovel Knight,Yacht Club Games,Yacht Club Games,80000,2015-10-13,2018-11-21,2015.0
Uncharted Waters IV HD Version,Koei Tecmo,Koei Tecmo Games,70000,2021-05-20,2021-07-27,2021.0
Winning Post 10,Koei Tecmo,Koei Tecmo Games,70000,2023-03-30,2023-04-28,2023.0
DUSK,New Blood Interactive,David Szymanski,70000,2018-12-18,2019-01-14,2018.0
The Unspoken,Oculus,Insomniac Games,70000,2016-12-05,2023-12-24,2016.0
Sackboy: A Big Adventure,PlayStation PC,Sumo Digital,60000,2022-10-27,2023-12-22,2022.0
Arslan: The Warriors of Legend,KOEI,Koei Tecmo Games,60000,2016-02-09,2021-02-07,2016.0
Winning Post 10 2024,Koei Tecmo,Koei Tecmo Games,60000,2024-03-28,2024-05-01,2024.0
Brawlout,Merge Games,Angry Mob Games,50000,2018-06-26,2018-02-22,2018.0
Disgaea 7,Nippon Ichi Software,Nippon Ichi Software,50000,2023-01-26,2023-02-10,2023.0
fault - milestone two side:above,Sekai Project,ALICE IN DISSONANCE,50000,2015-09-08,2019-04-04,2015.0
Metal Max Xeno,NIS America,Kadokawa Games,50000,2018-09-25,2021-02-08,2018.0
Monark,FuRyu Corporation,Lancarse,50000,2022-02-22,2021-10-21,2022.0
Monster Boy and the Cursed Kingdom,FDG Entertainment,Game Atelier,50000,2018-12-04,2021-05-22,2018.0
Omega Labyrinth Life,D3 Publisher,Matrix Games,50000,2019-12-10,2020-10-10,2019.0
Senran Kagura Reflexions,Xseed Games,HONEY PARADE GAMES,50000,2018-09-13,2018-10-14,2018.0
VOEZ,PM Studios,Rayark Inc.,50000,2018-08-14,2018-01-28,2018.0
Yomawari: Night Alone,NIS America,Nippon Ichi Software,50000,2016-10-25,2018-06-30,2016.0
Edge of Nowhere,Oculus Studios,Insomniac Games,40000,2016-06-06,2023-12-24,2016.0
Angelique Luminarise,Koei Tecmo,Ruby Party,30000,2021-05-20,2021-07-27,2021.0
Criminal Girls 2: Party Favors,NIS America,Nippon Ichi Software,30000,2016-10-11,2018-01-15,2016.0
Scott Pilgrim vs. the World: The Game - Complete Edition,Ubisoft,Ubisoft,30000,2020-12-01,2020-09-22,2020.0
ToeJam & Earl: Back in the Groove,HumaNature Studios,HumaNature Studios,30000,2019-03-01,2018-01-05,2019.0
City Climber,Ondrej Angelovic,Ondrej Angelovic,20000,2017-02-24,2021-08-16,2017.0
"Guns, Gore & Cannoli",Crazy Monkey,Crazy Monkey Studios,20000,2015-04-30,2018-03-12,2015.0
ToeJam & Earl: Back in the Groove,HumaNature Studios,HumaNature Studios,10000,2019-03-01,2021-09-17,2019.0
Twin Breaker: A Sacred Symbols Adventure,Lillymo Games Inc,Lillymo Games Inc,10000,2020-09-23,2021-02-19,2020.0
Chippy,Facepunch Studios,Facepunch Studios,10000,2019-06-14,2019-12-25,2019.0
Feral Rites,Oculus Studios,Insomniac Games,0,2016-09-13,2023-12-24,2016.0
