Title,Publisher,Developer,Other Sales,Release Date,Last Update,Year
Call of Duty: Black Ops 3,Activision,Treyarch,410000,2015-11-06,2018-01-14,2015.0
Red Dead Redemption 2Read the review,Rockstar Games,Rockstar Games,210000,2018-10-26,2018-11-02,2018.0
Call of Duty: WWIIRead the review,Activision,Sledgehammer Games,400000,2017-11-03,2017-12-31,2017.0
FIFA 18,EA Sports,EA Vancouver,150000,2017-09-29,2018-04-02,2017.0
FIFA 17,Electronic Arts,EA Canada,120000,2016-09-27,2018-03-28,2016.0
Call of Duty: Black Ops IIII,Activision,Treyarch,500000,2018-10-12,2018-11-07,2018.0
FIFA 19,Electronic Arts,EA Sports,100000,2018-09-28,2018-09-12,2018.0
Call of Duty: Infinite Warfare,Activision,Infinity Ward,190000,2016-11-04,2018-01-14,2016.0
Fallout 4,Bethesda Softworks,Bethesda Game Studios,270000,2015-11-10,2018-03-24,2015.0
FIFA 16,EA Sports,EA Canada,70000,2015-09-22,2018-04-01,2015.0
Star Wars Battlefront (2015)Read the review,Electronic Arts,EA DICE,230000,2015-11-17,2018-03-24,2015.0
Call of Duty: Black Ops 3,Activision,Treyarch,20000,2015-11-06,2018-01-14,2015.0
Battlefield 1,Electronic Arts,EA DICE,290000,2016-10-21,2018-03-24,2016.0
Battlefield 1,Electronic Arts,EA DICE,20000,2016-10-21,2018-03-24,2016.0
Final Fantasy XV,Square Enix,Square Enix,1050000,2016-11-29,2018-05-04,2016.0
Fallout 4,Bethesda Softworks,Bethesda Game Studios,20000,2015-11-10,2018-03-24,2015.0
Crash Bandicoot N. Sane Trilogy,Activision,Vicarious Visions,70000,2017-06-30,2018-09-23,2017.0
Overwatch,Blizzard Entertainment,Blizzard Entertainment,170000,2016-05-24,2018-03-24,2016.0
Star Wars Battlefront II (2017),Electronic Arts,EA DICE,120000,2017-11-17,2017-12-29,2017.0
Tom Clancy's The Division,Ubisoft,Massive Entertainment,160000,2016-03-08,2018-05-04,2016.0
Tom Clancy's Rainbow Six: Siege,Ubisoft,Ubisoft Montreal,360000,2015-12-01,2024-02-02,2015.0
Star Wars Battlefront (2015),Electronic Arts,EA DICE,20000,2015-11-17,2018-03-24,2015.0
Destiny 2,Activision,Bungie,100000,2017-09-06,2018-04-20,2017.0
Batman: Arkham Knight,Warner Bros. Interactive,Rocksteady Studios,110000,2015-06-23,2018-01-04,2015.0
Assassin's Creed Origins,Ubisoft,Ubisoft Montreal,110000,2017-10-27,2018-01-10,2017.0
NBA 2K16,2K Sports,Visual Concepts,50000,2015-09-29,2018-03-28,2015.0
Far Cry 5,Ubisoft,Ubisoft,150000,2018-03-27,2018-02-28,2018.0
Assassin's Creed Syndicate,Ubisoft,Ubisoft Quebec,80000,2015-10-23,2018-05-04,2015.0
NBA 2K17,2K Sports,Visual Concepts,30000,2016-09-16,2018-03-28,2016.0
The Elder Scrolls V: Skyrim Special Edition,Bethesda Softworks,Bethesda Softworks,80000,2016-10-28,2018-04-01,2016.0
NBA 2K18,2K Sports,Visual Concepts,40000,2017-09-19,2018-04-02,2017.0
Assassin's Creed Odyssey,Ubisoft,Ubisoft Quebec,90000,2018-10-05,2018-11-17,2018.0
Tom Clancy's Ghost Recon Wildlands,Ubisoft,Ubisoft Paris,220000,2017-03-07,2018-04-01,2017.0
Metal Gear Solid V: The Phantom Pain,Konami Digital Entertainment,Kojima Productions,500000,2015-09-01,2018-05-04,2015.0
Mafia III,2K Games,Hangar 13,40000,2016-10-07,2018-04-02,2016.0
Far Cry: Primal,Ubisoft,Ubisoft Montreal,70000,2016-02-23,2018-04-03,2016.0
Need for Speed (2015),Electronic Arts,Ghost Games,60000,2015-11-03,2018-04-03,2015.0
NBA 2K19,2K Sports,Visual Concepts,30000,2018-09-11,2018-09-26,2018.0
FIFA 16,EA Sports,EA Canada,50000,2015-09-22,2018-04-01,2015.0
Dying LightRead the review,Warner Bros. Interactive,Techland,130000,2015-01-27,2018-05-04,2015.0
No Man's Sky,Hello Games,Hello Games,40000,2016-08-09,2018-04-04,2016.0
Battlefield VRead the review,Electronic Arts,EA DICE,160000,2018-11-20,2018-12-19,2018.0
Need for Speed: Payback,Electronic Arts,Ghost Games,40000,2017-11-10,2018-04-04,2017.0
Destiny: The Taken King,Activision,Bungie,50000,2015-09-15,2018-04-20,2015.0
PlayStation VR Worlds,Sony Interactive Entertainment,SIE London Studio,90000,2016-10-13,2018-04-06,2016.0
Battlefield: Hardline,Electronic Arts,EA DICE,140000,2015-03-17,2018-04-11,2015.0
Rise of the Tomb Raider,Square Enix,Crystal Dynamics,50000,2016-10-11,2018-04-11,2016.0
Middle-Earth: Shadow of War,Warner Bros. Interactive Entertainment,Monolith Productions,60000,2017-10-10,2018-01-10,2017.0
Dragon Quest XI: Echoes of an Elusive Age,Square Enix,Square Enix,1430000,2018-09-04,2018-09-11,2018.0
Just Cause 3,Square Enix,Avalanche Studios,90000,2015-12-01,2018-04-04,2015.0
Dishonored 2,Bethesda Softworks,Arkane Studios,10000,2016-11-10,2018-04-25,2016.0
Call of Duty: Black Ops 3,Activision,Treyarch,70000,2015-11-06,2018-01-14,2015.0
Minecraft,Mojang,4J Studios,520000,2018-06-21,2019-01-26,2018.0
Forza Horizon 4,Microsoft Studios,Playground Games,10000,2018-10-02,2018-10-01,2018.0
Dragon Quest XI,Square Enix,Square Enix,1820000,2017-07-29,2018-01-05,2017.0
For Honor,Ubisoft,Ubisoft Montreal,70000,2017-02-14,2018-01-09,2017.0
Shadow of the Tomb Raider,Square Enix,Eidos Montreal,60000,2018-09-14,2018-09-12,2018.0
Titanfall 2,Electronic Arts,Respawn Entertainment,60000,2016-10-28,2018-06-29,2016.0
Persona 5,Atlus,Atlus,480000,2017-04-04,2017-12-31,2017.0
The Order: 1886Read the review,Sony Computer Entertainment,Ready at Dawn,70000,2015-02-20,2018-01-02,2015.0
Forza Motorsport 7Read the review,Microsoft Studios,Turn 10 Studios,10000,2017-10-03,2018-01-12,2017.0
Minecraft,Mojang,4J Studios,380000,2016-06-17,2018-08-05,2016.0
Dying Light,Warner Bros. Interactive Entertainment,Techland,10000,2016-02-06,2018-05-04,2016.0
The Sims 4,Electronic Arts,Maxis,10000,2017-11-17,2017-12-29,2017.0
Street Fighter VRead the review,Capcom,Capcom,120000,2016-02-16,2018-01-08,2016.0
Wolfenstein II: The New ColossusRead the review,Bethesda Softworks,MachineGames,10000,2017-10-27,2018-05-10,2017.0
FIFA 17,Electronic Arts,EA Canada,40000,2016-09-27,2018-03-28,2016.0
Fallout 76Read the review,Bethesda Softworks,Bethesda Game Studios,100000,2018-11-14,2018-12-02,2018.0
Lego Star Wars: The Force Awakens,Warner Bros. Interactive Entertainment,TT Fusion,20000,2016-06-28,2018-03-31,2016.0
The Last Guardian,Sony Interactive Entertainment,SIE Japan Studio,130000,2016-12-06,2018-04-04,2016.0
Dark Souls IIRead the review,Namco Bandai Games,From Software,410000,2015-04-07,2018-04-23,2015.0
Project CARSRead the review,Bandai Namco Games,Slightly Mad Studios,40000,2015-05-12,2018-01-05,2015.0
Battlefield: Hardline,Electronic Arts,EA DICE,10000,2015-03-17,2018-04-11,2015.0
Mad Max (2013),Warner Bros. Interactive Entertainment,Avalanche Studios,50000,2015-09-01,2018-01-05,2015.0
Shadow of the ColossusRead the review,Sony Interactive Entertainment,Bluepoint Games,50000,2018-02-06,2018-11-26,2018.0
LEGO Jurassic World,Warner Bros. Interactive Entertainment,Traveller's Tales,20000,2015-06-12,2018-04-06,2015.0
The Elder Scrolls V: Skyrim,Bethesda Softworks,Bethesda Softworks,60000,2017-11-17,2018-01-01,2017.0
Dragon Quest VIII: Journey of the Cursed King,Nintendo,Level 5 / Armor Project,880000,2017-01-20,2018-01-07,2017.0
Final Fantasy XV,Square Enix,Square Enix,10000,2016-11-29,2018-05-03,2016.0
The Elder Scrolls V: Skyrim VR,Bethesda Softworks,Bethesda Softworks,10000,2017-11-17,2018-09-11,2017.0
Crash Bandicoot N. Sane Trilogy,Activision,Toys for Bob,20000,2018-06-29,2018-11-07,2018.0
LEGO Marvel Super Heroes 2,Warner Bros. Interactive Entertainment,Traveller's Tales,0,2017-11-14,2018-02-11,2017.0
FIFA 18,EA Sports,EA Vancouver,130000,2017-09-29,2018-04-02,2017.0
The Evil Within 2,Bethesda Softworks,Tango Gameworks,90000,2017-10-13,2018-05-10,2017.0
Prey (2017),Bethesda Softworks,Arkane Studios,20000,2017-05-05,2018-01-18,2017.0
LEGO Marvel's Avengers,Warner Bros. Interactive Entertainment,Traveller's Tales,10000,2016-01-26,2018-04-06,2016.0
EvolveRead the review,2K Games,Turtle Rock Studios,50000,2015-02-10,2018-05-10,2015.0
EA Sports UFC 3,EA Sports,EA Vancouver,10000,2018-02-02,2018-02-11,2018.0
Final Fantasy X / X-2 HD Remaster,Square Enix,Square Enix,70000,2015-05-12,2019-03-22,2015.0
Ni no Kuni II: Revenant Kingdom,Namco Bandai Games,Level 5,120000,2018-03-23,2018-02-28,2018.0
Super Bomberman R,Konami Digital Entertainment,HexaDrive,190000,2017-03-03,2018-03-24,2017.0
Paper Mario: Color Splash,Nintendo,Intelligent Systems,80000,2016-10-07,2018-03-31,2016.0
Mario Party: Star Rush,Nintendo,"Nd Cube Co., Ltd.",200000,2016-11-04,2018-11-19,2016.0
BioShock: The Collection,2K Games,"Blind Squirrel Digital, Inc",30000,2016-09-13,2018-04-26,2016.0
Farming Simulator 17,Focus Home Interactive,Giants Software,10000,2016-10-25,2018-04-06,2016.0
LEGO Jurassic World,Warner Bros. Interactive Entertainment,TT Fusion,40000,2015-06-12,2018-04-06,2015.0
Xenoblade Chronicles X,Nintendo,Monolith Soft,150000,2015-12-04,2018-01-06,2015.0
Metal Gear Solid V: The Phantom Pain,Konami Digital Entertainment,Kojima Productions,20000,2015-09-01,2018-05-04,2015.0
The Crew 2,Ubisoft,Ivory Tower,50000,2018-06-29,2018-07-19,2018.0
Pro Evolution Soccer 2016,Konami Digital Entertainment,PES Productions,140000,2015-09-15,2018-04-14,2015.0
Yokai Watch 3: Sukiyaki,Nintendo,Level 5,810000,2019-02-02,2018-09-09,2019.0
Dragon Quest Heroes: The World's Tree Woe and the Blight Below,Square Enix,Square Enix,390000,2015-10-13,2018-01-15,2015.0
Assassin's Creed The Ezio Collection,Ubisoft,Ubisoft,20000,2016-11-15,2018-01-14,2016.0
NBA 2K16,2K Sports,Visual Concepts,50000,2015-09-29,2018-03-28,2015.0
Destiny: The Collection,Activision,Bungie,20000,2016-09-19,2018-09-14,2016.0
F1 2016,Codemasters,Codemasters,30000,2017-01-01,2018-05-14,2017.0
Rare ReplayRead the review,Microsoft Studios,Rare Ltd.,10000,2015-08-04,2018-09-25,2015.0
Hitman,Square Enix,IO Interactive,60000,2017-01-31,2018-05-01,2017.0
Quantum Break,Microsoft Studios,Remedy Entertainment,20000,2016-04-05,2018-09-25,2016.0
Dark Souls II,Namco Bandai Games,From Software,10000,2015-04-07,2018-02-07,2015.0
LEGO City Undercover,Warner Bros. Interactive Entertainment,TT Fusion,10000,2017-04-04,2018-05-24,2017.0
Pro Evolution Soccer 2018,Konami Digital Entertainment,Konami Digital Entertainment,190000,2017-09-12,2018-04-24,2017.0
Pro Evolution Soccer 2017,Konami Digital Entertainment,PES Productions,180000,2016-09-13,2018-04-14,2016.0
FIFA 19,Electronic Arts,EA Sports,60000,2018-09-28,2018-09-12,2018.0
Sonic Forces,Sega,Sonic Team,10000,2017-11-07,2018-02-11,2017.0
Monster Hunter Generations UltimateRead the review,Capcom,Capcom,270000,2018-08-28,2018-08-30,2018.0
Deus Ex: Mankind Divided,Square Enix,Eidos Montreal,10000,2016-08-23,2018-01-18,2016.0
Astro Bot Rescue Mission,Sony Interactive Entertainment,SIE Japan Studio,20000,2018-10-02,2018-09-17,2018.0
Mario & Sonic at the Rio 2016 Olympic Games,Nintendo,Arzest,280000,2016-03-18,2018-04-05,2016.0
Marvel vs. Capcom: InfiniteRead the review,Capcom,Capcom,40000,2017-09-19,2018-05-19,2017.0
Monster Hunter Stories,Capcom,Marvelous,390000,2017-09-08,2018-05-23,2017.0
Fortnite,Warner Bros. Interactive Entertainment,Epic Games,10000,2018-11-16,2018-06-18,2018.0
Mario Party: The Top 100,Nintendo,"Nd Cube Co., Ltd.",240000,2017-11-10,2020-08-04,2017.0
F1 2015,Codemasters,Codemasters Birmingham,40000,2015-07-21,2018-05-23,2015.0
Diablo III: Eternal CollectionRead the review,Blizzard Entertainment,Blizzard Entertainment,10000,2018-11-02,2018-09-13,2018.0
LEGO Marvel Super Heroes 2,Warner Bros. Interactive Entertainment,Traveller's Tales,10000,2017-11-14,2018-02-11,2017.0
Dead or Alive 5,Tecmo Koei,Team Ninja,210000,2015-02-17,2018-01-23,2015.0
Dragon Quest Monsters Joker 3,Square Enix,TOSE,650000,2016-03-24,2018-01-07,2016.0
Yakuza Zero,Sega,Sega,190000,2017-01-24,2018-01-26,2017.0
LEGO City Undercover,Warner Bros. Interactive Entertainment,TT Fusion,30000,2017-04-04,2018-02-24,2017.0
One Piece: Burning Blood,Namco Bandai Games,Spike Chunsoft,90000,2016-05-31,2018-05-23,2016.0
Batman: Return to Arkham,Warner Bros. Interactive Entertainment,Rocksteady Studios,10000,2016-10-18,2018-06-10,2016.0
LEGO The Incredibles,Warner Bros. Interactive Entertainment,Traveller's Tales,10000,2018-06-15,2018-11-06,2018.0
World of Final Fantasy,Square Enix,Square Enix,90000,2016-10-25,2018-05-23,2016.0
F1 2017,Deep Silver,Codemasters,20000,2017-08-25,2018-05-23,2017.0
Final Fantasy Explorers,Square Enix,Square Enix,290000,2016-01-26,2018-01-08,2016.0
Call of Duty: Modern Warfare Remastered,Activision,Infinity Ward,30000,2017-06-27,2018-01-14,2017.0
Dragon Quest Builders: Revive Alefgard,Square Enix,Square Enix,240000,2016-10-11,2018-01-11,2016.0
LEGO Worlds,Warner Bros. Interactive Entertainment,Traveller's Tales,0,2017-09-05,2018-02-25,2017.0
Kirby and the Rainbow Curse,Nintendo,HAL Laboratory,130000,2015-02-20,2018-03-20,2015.0
Disney Magic World 2,Nintendo,High Horse Entertainment,230000,2016-10-14,2018-01-08,2016.0
Yokai Sangokushi,Level 5,Level 5,570000,2016-04-02,2018-01-08,2016.0
Resident Evil: Revelations 2,Capcom,Capcom,110000,2015-02-24,2018-04-15,2015.0
Ultra Street Fighter II: The Final Challengers,Capcom,Capcom,90000,2017-05-26,2018-01-04,2017.0
LEGO Jurassic WorldRead the review,Warner Bros. Interactive Entertainment,Traveller's Tales,30000,2015-06-12,2018-04-06,2015.0
Everybody's Golf,Sony Interactive Entertainment,Clap Hanz,170000,2017-08-29,2018-09-23,2017.0
Xenoblade Chronicles,Nintendo,Monolith Soft,130000,2015-04-10,2018-01-15,2015.0
Metroid: Samus Returns,Nintendo,Mercury Steam,70000,2017-09-15,2018-09-21,2017.0
Just Cause 4,Square Enix,Avalanche Studios,30000,2018-12-04,2018-12-19,2018.0
Sonic Forces,Sega,Sonic Team,10000,2017-11-07,2018-02-11,2017.0
Layton's Mystery Journey: Katrielle and the Millionaire's Conspiracy,Level 5,Level 5,150000,2017-10-06,2018-01-23,2017.0
Poochy & Yoshi's Woolly World,Nintendo,Good-Feel,170000,2017-02-03,2018-01-07,2017.0
FIFA 18,EA Sports,EA Vancouver,10000,2017-09-29,2018-04-02,2017.0
Mario Tennis Ultra Smash,Nintendo,Camelot Software Planning,150000,2015-11-20,2018-03-21,2015.0
Dragon Ball: Fusions,Namco Bandai Games,Ganbarion,240000,2016-11-22,2018-01-14,2016.0
F1 2018,Codemasters,Codemasters Birmingham,10000,2018-08-24,2018-09-26,2018.0
Hitman 2,Warner Bros. Interactive Entertainment,IO Interactive,20000,2018-11-13,2018-11-22,2018.0
Mario & Luigi Superstar Saga + Bowser's Minions,Nintendo,AlphaDream Corporation,80000,2017-10-06,2018-01-26,2017.0
Yokai Watch Busters 2: Hihou Densetsu Banbarayaa - Magnum / Sword,Level 5,Level 5,510000,2017-12-16,2018-09-09,2017.0
Fire Emblem Warriors,Nintendo,Omega Force,100000,2017-10-20,2020-08-03,2017.0
Homefront: The Revolution,Deep Silver,Dambuster Studios,40000,2016-05-17,2018-05-24,2016.0
Dragon Quest Heroes: The World's Tree Woe and the Blight Below,Square Enix,Square Enix,500000,2015-02-26,2019-01-30,2015.0
Attack on Titan,Tecmo Koei,Omega Force,120000,2017-01-01,2018-09-11,2017.0
Pro Evolution Soccer 2019,Konami,Konami,150000,2018-08-28,2018-09-26,2018.0
Story of Seasons: Trio of Towns,Marvelous Interactive,Marvelous Entertainment,220000,2017-02-28,2018-05-29,2017.0
Animal Crossing: Amiibo Festival,Nintendo,"Nd Cube Co., Ltd.",100000,2015-11-13,2018-02-08,2015.0
Mario & Sonic at the Rio 2016 Olympic Games,Nintendo,Sega Sports R&D,130000,2016-06-24,2018-04-05,2016.0
DiRT 4,Deep Silver,Codemasters,20000,2017-06-06,2018-11-23,2017.0
Hyrule Warriors Legends,Nintendo,Omega Force,120000,2016-03-25,2020-08-04,2016.0
Farpoint,Sony Interactive Entertainment,Impulse Gear,40000,2017-05-16,2018-09-23,2017.0
Friday the 13th: The Game,Gun Media,IllFonic,30000,2017-10-13,2018-05-30,2017.0
Wolfenstein: The Old Blood,Bethesda Softworks,MachineGames,20000,2015-05-05,2018-04-21,2015.0
Luigi's Mansion,Nintendo,GREZZO,90000,2018-10-12,2020-08-03,2018.0
Detective PikachuRead the review,Nintendo,Creatures Inc.,120000,2018-03-23,2018-01-12,2018.0
Knack 2,Sony Interactive Entertainment,SIE Japan Studio,10000,2017-09-05,2018-09-23,2017.0
Sonic Mania,Sega,PagodaWest Games,10000,2017-08-15,2017-12-23,2017.0
Dissidia Final Fantasy NTRead the review,Square Enix,Square Enix,160000,2018-01-30,2018-01-10,2018.0
Battlefield: Hardline,Electronic Arts,EA DICE,80000,2015-03-17,2018-04-11,2015.0
Mario Sports Superstars,Nintendo,Namco Bandai Games,130000,2017-03-24,2018-01-20,2017.0
Hyrule Warriors: Definitive EditionRead the review,Nintendo,Omega Force,70000,2018-05-18,2019-12-30,2018.0
Yakuza Kiwami,Sega,Sega,210000,2017-08-29,2018-01-03,2017.0
Style Savvy: Styling Star,Nintendo,syn Sophia,140000,2017-12-25,2018-09-05,2017.0
Hey! Pikmin,Nintendo,Arzest,170000,2017-07-28,2018-02-03,2017.0
Pro Evolution Soccer 2016,Konami Digital Entertainment,PES Productions,160000,2015-09-15,2018-04-14,2015.0
Star Fox: Zero,Nintendo,Nintendo EPD,90000,2016-04-22,2018-11-18,2016.0
Story of Seasons,Xseed Games,Marvelous,280000,2015-03-31,2017-12-30,2015.0
God Eater 2: Rage Burst,Namco Bandai Games,Namco Bandai Games,380000,2016-10-01,2018-07-04,2016.0
NBA 2K18,2K Sports,Visual Concepts,30000,2017-09-19,2018-01-05,2017.0
Doom (2016),Bethesda Softworks,id Software,10000,2017-11-10,2018-01-05,2017.0
Destiny: The Taken King,Activision,Bungie,30000,2015-09-15,2018-04-20,2015.0
Saints Row IV: Re-ElectedRead the review,Deep Silver,Volition Inc.,30000,2015-01-20,2018-04-30,2015.0
Fossil Fighters: Frontier,Nintendo,Spike Chunsoft,230000,2015-03-20,2018-01-16,2015.0
Dishonored: Definitive Edition,Bethesda Softworks,Arkane Studios,20000,2015-08-25,2018-04-04,2015.0
Mirror's Edge Catalyst,Electronic Arts,EA DICE,30000,2016-06-07,2018-09-04,2016.0
Nintendo Labo: Toy-Con 03 Vehicle Kit,Nintendo,Nintendo EPD,60000,2018-09-14,2018-11-19,2018.0
Sword Art Online: Hollow Realization,Namco Bandai Games,Aquria,120000,2016-11-08,2019-03-22,2016.0
Momotaro Dentetsu 2017: Tachiagare Nippon!!,Nintendo,Valhalla Game Studios,400000,2016-12-22,2018-05-29,2016.0
Little NightmaresRead the review,Namco Bandai Games,Tarsier Studios,20000,2017-04-28,2019-02-20,2017.0
Tropico 5,Kalypso Media,Haemimont Games,80000,2015-04-28,2018-08-20,2015.0
Persona 4: Dancing All Night,Atlus,Dingo Inc.,160000,2015-09-29,2018-05-31,2015.0
Hatsune Miku: Project Mirai DX,Sega,Sega,110000,2015-09-08,2018-05-29,2015.0
Life is Strange,Square Enix,DONTNOD Entertainment,50000,2016-01-19,2018-01-07,2016.0
Firewall: Zero Hour,Sony Interactive Entertainment,First Contact Entertainment Inc.,20000,2018-08-29,2018-09-26,2018.0
Resident Evil: Origins Collection,Capcom,Capcom,70000,2016-01-19,2018-09-04,2016.0
Go Vacation,Nintendo,Bandai Namco Studios,10000,2018-07-27,2019-03-30,2018.0
Burnout Paradise RemasteredRead the review,Electronic Arts,Stellar Entertainment,10000,2018-03-16,2018-02-24,2018.0
Dynasty Warriors 9,Tecmo Koei,Omega Force,170000,2018-02-13,2017-12-31,2018.0
Yakuza: Kiwami 2Read the review,Sega,Sega,190000,2018-08-28,2018-01-07,2018.0
Shin Megami Tensei IV: Apocalypse,Atlus,Atlus,160000,2016-09-20,2018-05-29,2016.0
Okami HD,Capcom,Clover Studio,30000,2017-12-12,2018-01-07,2017.0
Sniper: Ghost Warrior 3,City Interactive,City Interactive,30000,2017-04-25,2018-05-29,2017.0
Fist of The North Star: Lost Paradise,Sega,Sega,180000,2018-10-02,2018-09-11,2018.0
Nintendo Labo: Toy-Con 02 Robot Kit,Nintendo,Nintendo EPD,80000,2018-04-20,2018-11-18,2018.0
Mega Man 11,Capcom,Capcom,30000,2018-10-02,2018-09-12,2018.0
Dragon Ball Z: Extreme Butoden,Namco Bandai Games,Arc System Works,170000,2015-10-20,2018-01-17,2015.0
Dead or Alive 5 Last Round,Tecmo Koei,Team Ninja,90000,2015-02-17,2018-11-20,2015.0
Gravity Rush 2,Sony Interactive Entertainment,SIE Japan Studio,130000,2017-01-20,2018-02-09,2017.0
World of Final Fantasy,Square Enix,Square Enix,90000,2016-10-25,2018-05-23,2016.0
NBA 2K17,2K Sports,Visual Concepts,20000,2016-09-16,2018-03-28,2016.0
The King of Fighters XIV,Atlus,SNK Playmore,60000,2016-08-23,2018-05-30,2016.0
Valkyria Chronicles Remastered,Sega,Sega,80000,2016-05-17,2018-09-11,2016.0
Kirby: Battle Royale,Nintendo,HAL Laboratory,200000,2018-01-19,2018-01-03,2018.0
Tokyo Mirage Sessions #FE,Nintendo,Atlus,80000,2016-06-24,2020-07-23,2016.0
Chibi-Robo! Zip Lash,Nintendo,Nintendo,70000,2015-10-09,2018-01-14,2015.0
LEGO Marvel's Avengers,Warner Bros. Interactive Entertainment,Traveller's Tales,10000,2016-01-26,2018-04-06,2016.0
Cars 3: Driven to Win,Warner Bros. Interactive Entertainment,Avalanche Software,20000,2017-06-13,2018-02-25,2017.0
Puzzle & Dragons X: God Chapter / Dragon Chapter,GungHo Online Entertainment,GungHo Online Entertainment,320000,2016-07-28,2018-07-17,2016.0
Dragon Quest Builders: Revive Alefgard,Square Enix,Square Enix,310000,2016-10-11,2018-01-11,2016.0
UEFA Euro 2016,Konami Digital Entertainment,Konami Digital Entertainment,50000,2016-04-21,2018-05-03,2016.0
Sonic ManiaRead the review,Sega,PagodaWest Games,10000,2017-08-15,2018-08-15,2017.0
LEGO Ninjago: Shadow of Ronin,Warner Bros. Interactive Entertainment,TT Fusion,50000,2015-03-24,2018-01-26,2015.0
Resident Evil: Revelations 2Read the review,Capcom,Capcom,170000,2015-02-24,2018-04-15,2015.0
Cities: Skylines,Koch Media,Colossal Order,40000,2017-08-15,2018-04-22,2017.0
Monopoly for Nintendo Switch,Ubisoft,Engine Software,10000,2017-10-31,2019-01-28,2017.0
NBA 2K19,2K Sports,Visual Concepts,10000,2018-09-11,2018-06-08,2018.0
LEGO Marvel's Avengers,Warner Bros. Interactive Entertainment,TT Fusion,30000,2016-01-26,2018-04-06,2016.0
My Hero One's Justice,Bandai Namco Entertainment,Byking,40000,2018-10-26,2018-09-12,2018.0
Sword Art Online: Fatal BulletRead the review,Namco Bandai Games,Dimps Corporation,130000,2018-02-23,2018-02-23,2018.0
Lego Star Wars: The Force Awakens,Warner Bros. Interactive Entertainment,TT Fusion,20000,2016-06-28,2018-03-31,2016.0
Phoenix Wright: Ace Attorney: Spirit of Justice,Capcom,Capcom,290000,2016-09-30,2018-01-14,2016.0
Overcooked! 2Read the review,Sold Out,Ghost Town Games,10000,2018-08-07,2018-06-14,2018.0
The Legend of Legacy,Atlus,Cattle Call,110000,2015-10-13,2018-05-29,2015.0
Cars 3: Driven to Win,Warner Bros. Interactive Entertainment,Avalanche Software,10000,2017-06-13,2018-01-14,2017.0
Metal Gear Solid V: The Definitive Experience,Konami Digital Entertainment,Kojima Productions,30000,2016-10-11,2018-05-29,2016.0
Ever Oasis,Nintendo,GREZZO,50000,2017-06-23,2018-01-14,2017.0
Culdcept,NIS America,OmiyaSoft,230000,2017-10-03,2018-04-02,2017.0
WarioWare Gold,Nintendo,Intelligent Systems,130000,2018-08-03,2018-11-18,2018.0
Lego Star Wars: The Force Awakens,Warner Bros. Interactive Entertainment,TT Fusion,20000,2016-06-28,2018-03-31,2016.0
Onechanbara Z2: Chaos,NIS America,Tamsoft,50000,2015-07-21,2018-05-30,2015.0
Secret of Mana,Square Enix,Square,50000,2018-02-15,2018-02-26,2018.0
Gundam Versus,Namco Bandai Games,Namco Bandai Games,180000,2017-09-29,2018-01-12,2017.0
Etrian Mystery Dungeon,Atlus,Spike Chunsoft,140000,2015-04-07,2018-07-26,2015.0
Pro Evolution Soccer 2017,Konami Digital Entertainment,PES Productions,80000,2016-09-13,2018-04-14,2016.0
Bravo Team,Sony Interactive Entertainment,Supermassive Games Ltd.,20000,2018-03-06,2018-09-11,2018.0
Etrian Odyssey V: Beyond the Myth,Atlus,Atlus,140000,2017-10-17,2018-01-15,2017.0
Driveclub VR,Sony Interactive Entertainment,Evolution Studios,10000,2016-10-13,2018-09-25,2016.0
Shenmue I & II,Sega,Sega,50000,2018-08-21,2018-12-19,2018.0
The Snack World: TreJarers,Level 5,Level 5,270000,2017-08-10,2018-05-29,2017.0
Fate/Extella: The Umbral Star,Xseed Games,Marvelous Entertainment,120000,2017-01-17,2018-01-13,2017.0
The World Ends with You: Final Remix,Nintendo,Square Enix,30000,2018-10-12,2019-03-30,2018.0
One Piece: Pirate Warriors 3,Tecmo Koei,Omega Force,200000,2015-08-25,2018-01-12,2015.0
Stella Glow,Atlus,imageepoch Inc.,60000,2015-11-17,2018-05-30,2015.0
Mega Man Legacy Collection,Capcom,Digital Eclipse Software,60000,2016-02-23,2018-05-29,2016.0
Sword Art Online: Hollow Realization,Namco Bandai Games,Aquria,160000,2018-01-01,2019-03-22,2018.0
The Legend of Heroes: Trails of Cold Steel II,Xseed Games,Nihon Falcom Corporation,130000,2016-09-06,2018-10-29,2016.0
Yakuza Zero: The Place of Oath,Sega,Sega,260000,2015-03-12,2018-01-03,2015.0
My Hero One's Justice,Bandai Namco Entertainment,Byking,60000,2018-10-26,2018-09-12,2018.0
Jikkyou Powerful Pro Baseball 2018,Konami,Konami,260000,2018-04-26,2018-05-20,2018.0
Tokyo JungleRead the review,Sony Computer Entertainment,PlayStation C.A.M.P.!,260000,2020-12-31,2018-05-25,2020.0
ReCore,Microsoft Studios,Armature Studio,10000,2016-09-13,2018-10-01,2016.0
Tetris Effect,Sony Interactive Entertainment,Monstars Inc.,10000,2018-11-09,2018-12-19,2018.0
Sonic Boom: Fire & Ice,Sega,Sanzaru Games,20000,2016-09-27,2020-08-07,2016.0
The Legend of Heroes: Trails of Cold Steel,Xseed Games,Nihon Falcom Corporation,140000,2015-12-22,2018-06-02,2015.0
Mega Man Legacy Collection 1+2,Capcom,Digital Eclipse Software,30000,2018-05-22,2018-07-04,2018.0
Sid Meier's Civilization VI,2K Games,Firaxis Games,10000,2018-11-16,2018-12-19,2018.0
Danganronpa V3: Killing Harmony,NIS America,Spike Chunsoft,70000,2017-09-26,2018-01-22,2017.0
Valkyria Chronicles 4Read the review,Sega,Sega,80000,2018-09-25,2018-06-19,2018.0
7th Dragon III Code: VFD,Sega,Sega,130000,2016-07-12,2018-04-20,2016.0
Toukiden: The Age of DemonsRead the review,Tecmo Koei,Omega Force,180000,2015-03-31,2018-10-29,2015.0
Persona 5,Atlus,Atlus,140000,2017-04-04,2018-01-02,2017.0
.hack//G.U. Last Recode,Namco Bandai Games,CyberConnect2,80000,2017-11-03,2018-06-10,2017.0
Ride,Milestone S.r.l.,Milestone S.r.l.,30000,2015-06-23,2018-04-24,2015.0
Street Fighter 30th Anniversary Collection,Capcom,Capcom,20000,2018-05-29,2018-11-07,2018.0
Digimon World: Next Order,Namco Bandai Games,Bandai Namco Games,20000,2017-01-31,2018-04-21,2017.0
Attack on Titan 2,Koei Tecmo,Omega Force,80000,2018-03-20,2018-03-30,2018.0
RIGS: Mechanized Combat League,Sony Interactive Entertainment,Guerrilla Cambridge,20000,2016-10-13,2018-11-27,2016.0
Corpse Party: Blood Drive,Xseed Games,Team GrisGris,60000,2015-10-13,2018-10-29,2015.0
Metal Gear Survive,Konami Digital Entertainment,Konami Digital Entertainment,50000,2018-02-20,2018-02-25,2018.0
Hatsune Miku: Project Mirai 2,Sega,Sega,230000,2015-05-26,2018-10-29,2015.0
Code Name: S.T.E.A.M.,Nintendo,Intelligent Systems,20000,2015-03-13,2019-01-04,2015.0
Dead by Daylight,505 Games,Behaviour Interactive Inc.,20000,2017-06-20,2019-02-13,2017.0
Attack on Titan 2,Koei Tecmo,Omega Force,60000,2018-03-20,2018-03-30,2018.0
Life Is Strange: Before the Storm,Square Enix,Deck Nine,20000,2018-03-06,2018-07-09,2018.0
The Legend of Heroes: Trails of Cold Steel II,Xseed Games,Nihon Falcom Corporation,110000,2016-09-06,2018-10-29,2016.0
Sumikko Gurashi: Mura o Tsukurundesu,Nippon Columbia,Nippon Columbia,220000,2016-07-21,2018-04-21,2016.0
Dragon Quest Builders: Revive Alefgard,Square Enix,Square Enix,70000,2018-02-09,2018-02-04,2018.0
Bladestorm: NightmareRead the review,Tecmo Koei,Omega Force,30000,2015-03-03,2018-05-30,2015.0
Return to PopoloCrois: A Story of Seasons Fairytale,Xseed Games,Marvelous Entertainment,110000,2016-03-01,2018-05-30,2016.0
Danganronpa Another Episode: Ultra Despair Girls,NIS America,Spike Chunsoft,120000,2015-09-01,2018-01-03,2015.0
JudgmentRead the review,Sega,Sega,220000,2019-06-25,2019-04-05,2019.0
Warriors  Orochi 4,Koei Tecmo,Omega Force,160000,2018-10-16,2018-11-11,2018.0
The Legend of Heroes: Trails of Cold Steel,Xseed Games,Nihon Falcom Corporation,120000,2015-12-22,2018-10-31,2015.0
Ys VIII: Lacrimosa of Dana,NIS America,Falcom,80000,2017-09-12,2018-01-10,2017.0
Fate/Extella: The Umbral Star,Xseed Games,Marvelous Entertainment,40000,2017-07-25,2018-01-02,2017.0
Radiant Historia: Perfect Chronology,Atlus,Atlus,60000,2018-02-13,2018-03-01,2018.0
Conan Exiles,Maximum Games,Funcom Oslo A/S,90000,2018-05-08,2018-09-26,2018.0
Devil May Cry HD Collection,Capcom,Capcom,20000,2018-03-13,2018-01-29,2018.0
Dragon's Dogma: Dark Arisen,Capcom,Capcom,30000,2017-10-03,2019-03-22,2017.0
Kan Colle Kai,Kadokawa Games,Kadokawa Games,210000,2016-02-18,2018-05-31,2016.0
LBX: Little Battlers eXperience,Nintendo,Level 5,210000,2015-08-21,2018-08-31,2015.0
Disney Art Academy,Nintendo,Headstrong Games,100000,2016-05-13,2019-01-04,2016.0
Godzilla (2015),Namco Bandai Games,Natsume,30000,2015-07-14,2018-04-20,2015.0
3rd Super Robot Wars Z: Tengoku-Hen,Namco Bandai Games,Banpresto,200000,2015-04-02,2018-04-21,2015.0
God Eater Resurrection,Namco Bandai Games,Namco Bandai Games,200000,2016-10-01,2018-06-10,2016.0
Shin Megami Tensei: Strange Journey ReduxRead the review,Atlus,Atlus,100000,2018-05-15,2018-06-22,2018.0
Valkyria Chronicles 4,Sega,Sega,20000,2018-09-25,2018-09-11,2018.0
The Great Ace Attorney - The Adventures of Ryuunosuke Naruhodou,Capcom,Capcom,190000,2015-07-09,2018-08-03,2015.0
Project X Zone 2,Namco Bandai Games,Monolith Soft,90000,2016-02-16,2018-06-14,2016.0
Captain Toad: Treasure Tracker,Nintendo,Nintendo EPD,80000,2018-07-13,2018-11-18,2018.0
Toukiden KiwamiRead the review,Tecmo Koei,Koei Tecmo Games,30000,2015-04-28,2018-07-31,2015.0
Street Fighter 30th Anniversary Collection,Capcom,Capcom,10000,2018-05-29,2018-11-07,2018.0
God Eater 3,Bandai Namco Entertainment,Bandai Namco Studios,190000,2019-02-08,2018-12-19,2019.0
Tokyo Xanadu,Aksys Games,Nihon Falcom Corporation,160000,2017-06-30,2018-06-25,2017.0
The Surge,Focus Home Interactive,DECK13 Interactive,10000,2017-05-16,2018-01-06,2017.0
Senran Kagura: Estival Versus,Xseed Games,Marvelous Entertainment,100000,2016-03-15,2018-06-29,2016.0
MotoGP 15,Milestone S.r.l.,Milestone S.r.l.,40000,2015-06-24,2018-04-24,2015.0
Digimon Story: Cyber Sleuth,Namco Bandai Games,Media.Vision,180000,2016-02-02,2018-01-22,2016.0
Resident Evil: Revelations,Capcom,Capcom,40000,2017-08-29,2018-03-16,2017.0
Senran Kagura 2: Deep Crimson,Marvelous Entertainment,Tamsoft,80000,2015-09-15,2018-10-14,2015.0
Mobile Suit Gundam: Extreme VS Force,Namco Bandai Games,Namco Bandai Games,180000,2017-01-01,2018-06-30,2017.0
Hatsune Miku: Project Diva X,Sega,Sega,120000,2016-08-30,2018-06-30,2016.0
One Piece: Pirate Warriors 3,Tecmo Koei,Omega Force,140000,2015-08-25,2018-01-12,2015.0
Senran Kagura: Estival Versus,Xseed Games,Marvelous Entertainment,90000,2016-03-15,2018-06-29,2016.0
Danganronpa V3: Killing Harmony,NIS America,Spike Chunsoft,130000,2017-09-26,2018-01-03,2017.0
Lego Star Wars: The Force Awakens,Warner Bros. Interactive Entertainment,TT Fusion,20000,2016-06-28,2018-03-31,2016.0
Katamari Damacy Reroll,Bandai Namco Entertainment,Bandai Namco Games,20000,2018-12-07,2018-09-13,2018.0
Mega Man 11,Capcom,Capcom,30000,2018-10-02,2018-06-04,2018.0
Resident Evil 6,Capcom,Capcom,50000,2016-03-29,2018-03-30,2016.0
Final Fantasy XIV: Heavensward,Square Enix,Square Enix,60000,2015-06-23,2018-04-22,2015.0
Final Fantasy XIV: Stormblood,Square Enix,Square Enix,40000,2017-06-20,2018-06-30,2017.0
BlazBlue: Central Fiction,Aksys Games,Arc System Works,50000,2016-11-01,2019-01-25,2016.0
Valkyrie Drive: Bhikkhuni,PQube,Marvelous Entertainment,110000,2016-10-11,2018-06-30,2016.0
Sumikko Gurashi: Omise Hajimerundesu,Nippon Columbia,Nippon Columbia,170000,2015-11-19,2018-04-21,2015.0
Ride 2,Milestone S.r.l,Milestone S.r.l.,10000,2017-02-14,2018-06-25,2017.0
Theatrhythm Dragon Quest,Square Enix,Square Enix,160000,2015-03-26,2018-06-30,2015.0
Digimon Story: Cyber Sleuth - Hacker's Memory,Namco Bandai Games,Media.Vision,40000,2018-01-19,2018-01-07,2018.0
Berserk and the Band of the Hawk,Tecmo Koei,Omega Force,50000,2017-02-21,2018-04-21,2017.0
BlazBlue: Chrono Phantasma Extend,Aksys Games,Arc System Works,20000,2015-06-30,2018-07-09,2015.0
Pro Baseball Spirits 2015,Konami Digital Entertainment,"Konami Digital Entertainment, Inc.",160000,2015-03-26,2018-05-01,2015.0
Pro Yakyuu Famista Returns,Namco Bandai Games,Bandai Namco Games,160000,2015-10-08,2018-06-30,2015.0
3rd Super Robot Wars Z: Tengoku-Hen,Namco Bandai Games,Banpresto,160000,2015-04-02,2018-04-21,2015.0
Valkyria Revolution,Sega,Media.Vision,70000,2017-06-27,2018-01-21,2017.0
Xenoblade Chronicles 2: Torna ~ The Golden Country,Nintendo,Monolith Soft,20000,2018-09-21,2018-09-26,2018.0
Gravity Rush Remastered,Sony Computer Entertainment,Bluepoint Games,50000,2016-02-02,2018-09-23,2016.0
Assassin's Creed Rogue Remastered,Ubisoft,Ubisoft,10000,2018-03-20,2018-01-29,2018.0
Oreshika: Tainted BloodlinesRead the review,Sony Computer Entertainment,Alfa System,150000,2015-03-03,2018-09-16,2015.0
Fire Emblem Warriors,Nintendo,Omega Force,40000,2017-10-20,2020-08-03,2017.0
Steins;Gate 0,PQube,5pb. Inc.,70000,2016-11-29,2018-06-10,2016.0
Toukiden 2,Tecmo Koei,Omega Force,130000,2017-03-21,2018-06-03,2017.0
Atelier Sophie: The Alchemist of the Mysterious Book,Tecmo Koei,Gust,70000,2016-06-07,2018-01-01,2016.0
Monster Hunter Diary: Poka Poka Airou Village DX,Capcom,From Software,150000,2015-09-10,2018-06-30,2015.0
Fate/Extella: The Umbral Star,Xseed Games,Marvelous Entertainment,100000,2017-01-17,2018-01-13,2017.0
Attack on Titan,Tecmo Koei,Omega Force,150000,2017-01-01,2018-09-11,2017.0
Dragon Quest Builders 2,Square Enix,Square Enix,150000,2019-07-12,2019-04-06,2019.0
Gear.Club Unlimited,Microids,Eden Games,10000,2017-11-21,2018-01-07,2017.0
Toukiden 2,Tecmo Koei,Omega Force,100000,2017-03-21,2018-06-03,2017.0
Metroid Prime: Federation Force,Nintendo,Next Level Games,30000,2016-08-19,2018-07-02,2016.0
Super Robot Wars V,Namco Bandai Games,B.B. Studio,150000,2017-02-23,2018-06-30,2017.0
Blue Reflection: Maboroshi ni Mau - Shoujo no Ken,Tecmo Koei,Gust,60000,2017-09-26,2018-07-02,2017.0
Cyberdimension Neptunia: 4 Goddesses Online,Idea Factory International,Compile Heart,70000,2017-10-10,2018-07-04,2017.0
Grand Kingdom,NIS America,Monochrome Corporation,40000,2016-06-28,2018-07-03,2016.0
Arslan: The Warriors of Legend,Tecmo Koei,Koei Tecmo Games,60000,2016-02-09,2018-07-31,2016.0
Pro Baseball Spirits 2015,Konami Digital Entertainment,"Konami Digital Entertainment, Inc.",140000,2015-03-26,2018-05-01,2015.0
Dragon Quest Builders 2,Square Enix,Square Enix,140000,2019-07-12,2019-04-06,2019.0
Run for Money CHO Tousouchuu,Namco Bandai Games,Bandai Namco Games,140000,2015-07-09,2018-07-02,2015.0
Under Night In-Birth,Aksys Games,Ecole Software,50000,2015-02-24,2018-11-09,2015.0
Taiko no Tatsujin: Don Don! Mystery Adventure,Namco Bandai Games,Namco Bandai Games,140000,2016-06-16,2018-07-02,2016.0
Guilty Gear Xrd -Revelator-,Aksys Games,Arc System Works,70000,2016-06-07,2018-04-25,2016.0
Assassination Classroom: Grand Siege on Korosensei,Namco Bandai Games,Bandai Namco Games,140000,2015-03-12,2018-07-03,2015.0
Mega Man X Legacy Collection 1+2,Capcom Entertainment,Digital Eclipse Software,50000,2018-07-24,2018-08-18,2018.0
Gundam Breaker 3,Namco Bandai Games,Namco Bandai Games,140000,2016-03-03,2018-07-03,2016.0
Rodea the Sky Soldier,NIS America,Kadokawa Games,10000,2015-11-10,2018-04-06,2015.0
Ys VIII: Lacrimosa of Dana,NIS America,Falcom,110000,2017-09-12,2018-01-10,2017.0
Fairy Fencer F: Advent Dark Force,Idea Factory International,Compile Heart,60000,2016-07-26,2018-07-03,2016.0
Jikkyou Powerful Pro Baseball Heroes,Konami Digital Entertainment,Konami,140000,2016-12-15,2018-07-03,2016.0
Resident Evil: Revelations 2,Sony Computer Entertainment,Capcom,80000,2015-08-15,2018-04-15,2015.0
Dragon Quest Builders: Revive Alefgard,Square Enix,Square Enix,130000,2016-01-28,2018-01-11,2016.0
Samurai Warriors 4-II,Tecmo Koei,Omega Force,70000,2015-09-29,2018-05-02,2015.0
Hatsune Miku: Project Diva X,Sega,Sega,40000,2016-08-30,2018-06-30,2016.0
New Gundam Breaker,Namco Bandai Games,Bandai Namco Games,100000,2018-06-22,2018-04-21,2018.0
Yakuza Kiwami,Sega,Sega,130000,2016-01-21,2018-01-02,2016.0
Pro Baseball Famista Climax,Namco Bandai Games,Namco Bandai Games,130000,2017-04-20,2018-07-03,2017.0
Super Robot Wars BX,Namco Bandai Games,Bandai Namco Games,130000,2015-08-20,2018-07-03,2015.0
Trillion: God of Destruction,Idea Factory,Compile Heart,70000,2016-03-29,2018-11-12,2016.0
Super Robot Wars X,Bandai Namco Games,Bandai Namco,130000,2018-03-29,2018-04-07,2018.0
Hyperdimension Neptunia U: Action Unleashed,Idea Factory International,Compile Heart,60000,2015-05-19,2018-07-03,2015.0
MegaTagmension Blanc + Neptune VS Zombies,Idea Factory International,Compile Heart,60000,2016-05-10,2018-07-03,2016.0
The Legend of Heroes: Trails of Cold Steel IVRead the review,NIS America,Falcom,130000,2020-10-27,2018-08-18,2020.0
Persona Dancing: Endless Night Collection,Atlus,Atlus,40000,2018-12-04,2018-08-12,2018.0
Utawarerumono: Mask of Truth,Atlus,Aqua Plus,70000,2017-09-05,2018-06-03,2017.0
Shin Megami Tensei: Devil Survivor 2 Record BreakerRead the review,Atlus,Atlus,100000,2015-05-05,2018-01-31,2015.0
The Legend of Heroes: Trails of Cold Steel IIIRead the review,NIS America,Nihon Falcom Corporation,130000,2019-09-24,2018-07-03,2019.0
Little Dragons Café,Aksys Games,Aksys Games,20000,2018-08-24,2018-09-26,2018.0
Utawarerumono: Mask of Deception,Atlus,Aqua Plus,70000,2017-05-23,2019-03-23,2017.0
PriPara Mezase! Idol Grand Prix No.1!,Takara Tomy,Takara Tomy,130000,2015-10-22,2018-07-03,2015.0
Zero Escape: Zero Time Dilemma,Aksys Games,Chime,30000,2016-06-28,2018-07-03,2016.0
Assassin's Creed Chronicles,Ubisoft,Climax Studios,20000,2016-04-05,2018-07-03,2016.0
Samurai Warriors 4-II,Tecmo Koei,Omega Force,120000,2015-09-29,2018-05-02,2015.0
Terraria,505 Games,Re-Logic,60000,2015-12-10,2018-03-19,2015.0
Shantae: Half-Genie HeroRead the review,Xseed Games,WayForward Technologies,10000,2018-05-08,2018-12-30,2018.0
Super Robot Wars V,Namco Bandai Games,B.B. Studio,120000,2017-02-23,2018-06-30,2017.0
Portal Knights,505 Games,Keen Games,30000,2017-05-23,2018-07-03,2017.0
Saru! Get You! Million Monkeys,Sony Computer Entertainment,SCEI,120000,2016-12-30,2018-09-18,2016.0
Fire Pro Wrestling World,Spike Chunsoft,Spike Chunsoft,30000,2018-08-28,2018-09-12,2018.0
Fate/Extella Link,Xseed Games,Marvelous,120000,2019-02-19,2018-12-30,2019.0
"Snipperclips Plus: Cut It Out, Together!",Nintendo,SFB Games,100000,2017-03-03,2018-03-31,2017.0
Tokyo New World Record: Operation Abyss,NIS America,Experience Inc.,60000,2015-06-09,2018-11-15,2015.0
"Sumikko Gurashi: Koko, Dokonan Desu?",Nippon Columbia,Nippon Columbia,120000,2017-07-20,2018-07-03,2017.0
SD Gundam G Generation Genesis,Namco Bandai Games,Bandai Namco,120000,2016-11-22,2018-01-16,2016.0
Pro Yakyuu Famista Evolution,Bandai Namco Games,Bandai Namco Games,120000,2018-08-02,2018-08-26,2018.0
Picross 3D Round 2,Nintendo,HAL Laboratory,120000,2016-09-01,2018-04-23,2016.0
The Great Ace Attorney 2 - The Resolve of Ryuunosuke NaruhodouRead the review,Capcom,Capcom,120000,2017-08-03,2018-08-03,2017.0
Fatal Frame: Maiden of Black Water,Nintendo,Koei Tecmo Games,90000,2015-10-22,2018-01-01,2015.0
Jikkyou Powerful Pro Baseball 2018,Konami,Konami,120000,2018-04-26,2018-05-20,2018.0
The Snack World: Trejarers Gold,Level 5,Level 5,120000,2020-02-14,2019-12-09,2020.0
Danganronpa 1-2 Reload,NIS America,Spike Chunsoft,20000,2017-03-14,2018-01-10,2017.0
Code: Realize - Guardian of Rebirth,Aksys Games,Idea Factory,30000,2015-10-20,2018-01-15,2015.0
God Eater 2: Rage Burst,Namco Bandai Games,Namco Bandai Games,110000,2015-02-26,2018-07-04,2015.0
BlazBlue: Central Fiction,Aksys Games,Arc System Works,30000,2016-11-01,2019-01-25,2016.0
One Piece: Burning Blood,Namco Bandai Games,Spike Chunsoft,90000,2016-05-31,2018-05-23,2016.0
The Alliance AliveRead the review,Atlus,Cattle Call,60000,2018-03-27,2019-03-16,2018.0
SaGa: Scarlet Grace,Square Enix,Square Enix,110000,2016-12-15,2018-08-26,2016.0
Minecraft: Story Mode - Season Two,Telltale Games,Telltale Games,0,2017-09-19,2018-08-07,2017.0
Utawarerumono: Mask of Deception,Atlus,Aqua Plus,80000,2017-05-23,2019-03-23,2017.0
Zero Escape: Zero Time Dilemma,Aksys Games,Chime,40000,2016-06-28,2018-07-03,2016.0
The Idolmaster: Platinum Stars,Namco Bandai Games,Namco Bandai Games,110000,2016-07-28,2018-07-04,2016.0
The Witch and the Hundred KnightRead the review,NIS America,Nippon Ichi Software,60000,2016-03-01,2018-07-04,2016.0
SD Gundam G Generation Genesis,Namco Bandai Games,Bandai Namco,110000,2016-11-22,2018-01-16,2016.0
Digimon World: Next Order,Namco Bandai Games,Bandai Namco Games,110000,2016-03-17,2018-04-21,2016.0
Taiko no Tatsujin: V Version,Namco Bandai Games,Bandai Namco Games,110000,2015-07-09,2018-07-04,2015.0
Gundam Breaker 3,Namco Bandai Games,Namco Bandai Games,110000,2016-03-03,2018-07-03,2016.0
Earth Defense Force 4.1: The Shadow of New Despair,Xseed Games,Sandlot,110000,2015-12-08,2018-04-26,2015.0
Pokémon Rumble World,Nintendo,Ambrella,90000,2015-04-08,2018-08-03,2015.0
Ys VIII: Lacrimosa of Dana,NIS America,Nihon Falcom Corporation,30000,2018-06-26,2018-01-11,2018.0
Guilty Gear Xrd -Revelator-,Aksys Games,Arc System Works,40000,2016-06-07,2018-07-09,2016.0
Assassin's Creed Chronicles,Ubisoft,Climax Studios,20000,2016-02-09,2018-07-03,2016.0
Etrian Odyssey Nexus,Atlus,Atlus,110000,2019-02-05,2019-01-25,2019.0
The Seven Deadly Sins: Knights of Britannia,Bandai Namco Entertainment,Natsume Atari,20000,2018-02-09,2018-01-11,2018.0
UEFA Euro 2016,Konami Digital Entertainment,Konami Digital Entertainment,50000,2016-04-21,2018-05-03,2016.0
Romance of the Three Kingdoms XIII,Tecmo Koei,Koei Tecmo Games,60000,2016-07-05,2018-07-30,2016.0
Warriors All-Stars,Tecmo Koei,Omega Force,60000,2017-08-29,2018-09-22,2017.0
Mega Man Legacy Collection 2,Capcom,Capcom,20000,2017-08-08,2018-08-20,2017.0
Zone of the Enders: The 2nd Runner MARS,Konami,Cygames,30000,2018-09-04,2018-09-26,2018.0
Final Fantasy XIV Online Complete Edition,Square Enix,Square Enix,20000,2017-06-20,2018-07-10,2017.0
Devil May Cry 4 Special Edition,Capcom,Capcom,90000,2015-06-23,2018-09-11,2015.0
Sudden Strike 4,Kalypso Media,Kite Games,10000,2017-08-15,2018-03-24,2017.0
Accel World vs. Sword Art Online: Millennium Twilight,Namco Bandai Games,Namco Bandai Games,60000,2017-07-07,2018-07-04,2017.0
Guilty Gear Xrd REV 2,Aksys Games,Arc System Works,30000,2017-05-26,2018-08-04,2017.0
Sumikko Gurashi: Sumikko Park e Youkoso,Nippon Columbia,Nippon Columbia,100000,2017-12-07,2018-01-07,2017.0
Resident Evil 4,Capcom,Capcom,10000,2016-08-30,2018-09-04,2016.0
Dead or Alive 5 Last Round,Tecmo Koei,Team Ninja,10000,2015-02-17,2018-11-20,2015.0
Utawarerumono: Mask of Truth,Atlus,Aqua Plus,80000,2017-09-05,2018-06-03,2017.0
Kuroko's Basketball: Ties to Future,Namco Bandai Games,Bandai Namco Games,100000,2015-03-26,2018-07-04,2015.0
Persona Q2: New Cinema Labyrinth,Atlus,Atlus,100000,2019-06-04,2019-02-07,2019.0
Shantae and the Pirate's Curse,WayForward Technologies,WayForward Technologies,40000,2016-10-18,2018-01-31,2016.0
Déraciné,Sony Interactive Entertainment,From Software,10000,2018-11-06,2018-09-11,2018.0
Lost Dimension,Atlus,Lancarse,20000,2015-07-28,2018-11-24,2015.0
Nights of Azure 2,Tecmo Koei,Gust,40000,2017-10-24,2018-09-06,2017.0
Summon Night 6: Lost Borders,Gaijinworks,Media.Vision,70000,2017-10-31,2018-04-26,2017.0
Taiko no Tatsujin: Drum Session!,Namco Bandai Games,Namco Bandai Games,90000,2017-10-26,2018-09-13,2017.0
Nobunaga's Ambition: Sphere of Influence - Ascension,Tecmo Koei,Koei Tecmo Games,60000,2016-10-25,2018-09-11,2016.0
Grand Ages: Medieval,Kalypso Media,Gaming Minds Studios,30000,2015-09-29,2018-09-22,2015.0
Earth Defense Force 2: Invaders from Planet Space,Xseed Games,Sandlot,40000,2015-12-08,2018-09-13,2015.0
God Eater Resurrection,Namco Bandai Games,Namco Bandai Games,90000,2016-10-01,2018-06-10,2016.0
Dark Souls Trilogy,Bandai Namco Entertainment,From Software,10000,2018-10-19,2018-08-24,2018.0
The Seven Deadly Sins: Unjust Sin,Namco Bandai Games,Namco Bandai Games,90000,2015-02-11,2018-07-26,2015.0
Beyblade Burst,FuRyu Corporation,FuRyu,90000,2016-11-10,2018-07-25,2016.0
Dragon Quest Heroes I & II for Nintendo Switch,Square Enix,Omega Force,90000,2017-03-03,2018-01-13,2017.0
Summon Night 6: Lost Borders,Gaijinworks,Media.Vision,50000,2017-10-31,2018-04-26,2017.0
Pro Evolution Soccer 2018,Konami Digital Entertainment,Konami Digital Entertainment,30000,2017-09-12,2018-04-24,2017.0
Dark Rose Valkyrie,Idea Factory International,Compile Heart,40000,2017-06-06,2018-09-17,2017.0
Exist Archive: The Other Side of the Sky,Aksys Games,tri-Ace,60000,2016-10-18,2018-01-31,2016.0
Aikatsu! My No.1 Stage!,Bandai Namco Games,Bandai Namco Games,90000,2015-11-26,2018-08-06,2015.0
Grand Kingdom,NIS America,Monochrome Corporation,50000,2016-06-28,2018-07-03,2016.0
Nights of Azure,Tecmo Koei,Gust,90000,2016-03-29,2018-06-01,2016.0
NBA 2K18,2K Sports,Visual Concepts,10000,2017-09-19,2018-04-02,2017.0
Shining Resonance RefrainRead the review,Sega,Media.Vision,10000,2018-07-10,2018-09-15,2018.0
Lost Dimension,Atlus,Lancarse,0,2015-07-28,2018-11-24,2015.0
Nights of Azure,Tecmo Koei,Gust,80000,2016-03-29,2018-06-01,2016.0
Shantae: Half-Genie Hero,Xseed Games,Way Forward Technologies,10000,2016-12-20,2018-12-30,2016.0
Samurai Warriors Chronicles 3,Tecmo Koei,Omega Force,80000,2015-06-30,2018-08-04,2015.0
Kenka Banchou 6: Soul & Blood,Spike Chunsoft,Spike Chunsoft,80000,2015-01-15,2018-07-26,2015.0
Tokyo Twilight Ghost Hunters,Aksys Games,Toybox Games,20000,2015-03-10,2018-12-02,2015.0
Shining Resonance Refrain,Sega,Media.Vision,40000,2018-07-10,2018-09-15,2018.0
Root Letter,PQube,Kadokawa Games,30000,2016-11-10,2018-09-20,2016.0
IA/VT Colorful,Marvelous Entertainment,Marvelous,80000,2015-07-30,2018-12-03,2015.0
Taiko no Tatsujin: Atsumete Tomodachi Daisakusen!,Namco Bandai Games,Bandai Namco Games,80000,2015-11-26,2018-04-08,2015.0
Atelier Firis: The Alchemist and the Mysterious Journey,Tecmo Koei,Gust,50000,2017-03-07,2018-07-04,2017.0
Future Card Buddyfight: Yuujou no Bakunetsu Fight!,FuRyu Corporation,FuRyu,80000,2015-04-16,2018-08-04,2015.0
Ansatsu Kyoushitsu: Assassin Ikusei Keikaku!!,Bandai Namco Games,Bandai Namco Games,80000,2016-03-24,2018-08-06,2016.0
BlazBlue: Cross Tag BattleRead the review,Arc System Works,Arc System Works,30000,2018-06-05,2018-06-06,2018.0
Assetto Corsa,505 Games,Kunos Simulazioni,10000,2016-08-30,2018-09-17,2016.0
Lost Heroes 2,Bandai Namco Games,M2,80000,2015-01-29,2018-08-06,2015.0
Mario vs. Donkey Kong: Tipping Stars,Nintendo,Nintendo Software Technology Corporation,80000,2015-03-05,2019-01-15,2015.0
Akiba's Beat,Xseed Games,Acquire,10000,2017-05-16,2018-08-01,2017.0
WRC 6,Namco Bandai Games,Bigben Interactive,10000,2017-03-03,2018-08-12,2017.0
God Wars: Future Past,NIS America,Kadokawa Games,20000,2017-06-20,2018-09-17,2017.0
Culdcept Revolt,NIS America,OmiyaSoft,70000,2017-10-03,2018-04-02,2017.0
Resident Evil 5,Capcom,Capcom,10000,2016-07-12,2018-09-04,2016.0
The Witch and the Hundred Knight 2,NIS America,Nippon Ichi Software,30000,2018-03-27,2018-04-28,2018.0
Samurai Warriors: Spirit of Sanada,Tecmo Koei,Omega Force,50000,2017-05-23,2018-07-09,2017.0
I am Setsuna,Square Enix,Tokyo RPG Factory,70000,2016-10-01,2018-07-04,2016.0
Attack on Titan,Tecmo Koei,Omega Force,70000,2017-01-01,2018-09-11,2017.0
Super Robot Wars X,Bandai Namco Games,Bandai Namco,70000,2018-03-29,2018-04-07,2018.0
Hyperdimension Neptunia Re;Birth 3: V Generation,Idea Factory International,Compile Heart,70000,2015-06-30,2018-09-21,2015.0
Fortune Street: Dragon Quest & Final Fantasy 30th Anniversary,Square Enix,Square Enix,70000,2017-10-19,2018-09-17,2017.0
Chaos;Child,PQube,5pb. Inc.,70000,2017-10-24,2019-03-24,2017.0
The Silver Case,NIS America,Grasshopper Manufacture,10000,2017-04-18,2018-09-11,2017.0
The Caligula Effect,Atlus,FuRyu,70000,2017-05-02,2018-01-15,2017.0
Attack on Titan 2: Future Coordinates,Spike Chunsoft,Spike Chunsoft,70000,2017-11-30,2019-01-29,2017.0
One Piece: Unlimited World Red Deluxe Edition,Namco Bandai Games,Ganbarion,30000,2017-09-29,2018-01-08,2017.0
Samurai Warriors Chronicles 3,Tecmo Koei,Omega Force,70000,2015-06-30,2018-08-04,2015.0
Cooking Mama: Sweet Shop,Rising Star Games,Office Create,40000,2017-05-16,2018-01-16,2017.0
Genkai Tokki: Moero Crystal,Compile Heart,Compile Heart,70000,2015-09-25,2018-09-21,2015.0
Sushi Striker: The Way of Sushido,Nintendo,Indies Zero,30000,2018-06-08,2020-07-23,2018.0
City Shrouded in Shadow,Namco Bandai Games,Granzella,70000,2017-10-19,2018-01-10,2017.0
SG/ZH: School Girl/Zombie HunterRead the review,Aksys Games,Tamsoft,20000,2017-11-17,2018-09-17,2017.0
Miracle Girls Festival,Sega,Sega,70000,2015-12-17,2018-09-21,2015.0
I am Setsuna,Square Enix,Tokyo RPG Factory,70000,2016-02-18,2019-02-22,2016.0
PriPara Mezameyo! Megami no Dress Design,Takara Tomy,Takara Tomy,70000,2016-11-10,2018-07-28,2016.0
Accel World vs. Sword Art Online: Millennium Twilight,Namco Bandai Games,Namco Bandai Games,70000,2017-07-07,2018-07-04,2017.0
Bad Apple WarsRead the review,Aksys Games,Aksys Games,40000,2017-10-13,2018-09-21,2017.0
Disgaea 1 Complete,NIS America,Nippon Ichi Software,10000,2018-10-09,2019-02-19,2018.0
Atelier Sophie: The Alchemist of the Mysterious Book,Tecmo Koei,Gust,70000,2016-06-07,2018-01-07,2016.0
Dragon's Crown Pro,Atlus,Vanillaware,30000,2018-05-15,2018-02-23,2018.0
BlazBlue: Cross Tag Battle,Arc System Works,Arc System Works,10000,2018-06-05,2018-06-06,2018.0
Criminal Girls: Invite Only,NIS America,Nippon Ichi Software,40000,2015-02-03,2018-12-29,2015.0
Chou Sentouchuu: Kyuukyoku no Shinobu to Battle Player Choujou Kessen!,Bandai Namco Games,Bandai Namco Games,70000,2016-09-15,2018-08-06,2016.0
Steins;Gate 0,PQube,5pb. Inc.,70000,2016-11-29,2018-06-10,2016.0
Zombi,Ubisoft,Ubisoft Montpellier,10000,2015-08-18,2018-01-17,2015.0
RPG Maker: Fes,NIS America,Kadokawa Games,20000,2017-06-27,2018-04-22,2017.0
Tokyo Twilight Ghost Hunters,Aksys Games,Toybox Games,20000,2015-03-10,2018-12-02,2015.0
Mary Skelter: Nightmares,Idea Factory,Compile Heart,40000,2017-09-19,2018-09-22,2017.0
Nobunaga's Ambition: Taishi,Koei Tecmo,Koei Tecmo Games,50000,2018-06-05,2018-07-30,2018.0
MotoGP 15,Milestone S.r.l.,Milestone S.r.l.,40000,2015-06-24,2018-04-24,2015.0
Super Bomberman R,Konami Digital Entertainment,HexaDrive,30000,2018-06-12,2018-09-24,2018.0
Persona 5: Dancing in Starlight,Atlus,Atlus,30000,2018-12-04,2018-08-13,2018.0
Nights of Azure 2: Bride of the New Moon,Tecmo Koei,Gust,10000,2017-10-24,2018-09-06,2017.0
A-Train 3D: City Simulator,Natsume,ArtDink,60000,2015-04-14,2018-08-06,2015.0
Girls und Panzer: Dream Tank Match,Bandai Namco Games,Bandai Namco Games,60000,2018-02-22,2018-01-16,2018.0
Birthdays the Beginning,NIS America,Arc System Works,0,2017-05-09,2018-03-04,2017.0
Steins;Gate,5pb,5pb. Inc.,20000,2015-09-18,2018-07-04,2015.0
Saki: Zenkoku-hen,Kaga Create,Unknown,60000,2015-09-17,2018-09-22,2015.0
Omega Labyrinth,D3Publisher,Matrix Software,60000,2015-11-19,2018-09-22,2015.0
Lord of Magna: Maiden Heaven,Xseed Games,Marvelous,60000,2015-06-02,2019-01-03,2015.0
To Heart 2: Dungeon Travelers,Aqua Plus,Aqua Plus,60000,2015-04-30,2018-09-22,2015.0
Fate/Extella Link,Marvelous,Marvelous,60000,2018-06-07,2018-12-30,2018.0
MeiQ no Chika Ni Shisu: A Maze to Eradicate Them All,Idea Factory,Compile Heart,20000,2016-09-13,2018-09-22,2016.0
Luminous Arc Infinity,Marvel Entertainment,Xseed Games,60000,2015-08-06,2018-09-22,2015.0
Atelier Lydie & Suelle: The Alchemists and the Mysterious PaintingsRead the review,Tecmo Koei,Gust,30000,2018-03-27,2018-02-10,2018.0
Uta no Prince-Sama: Music 3,Broccoli,Nippon Ichi Software,60000,2016-01-28,2018-09-22,2016.0
Sword Art Online: Game Director's Edition,Namco Bandai Games,Namco Bandai Games,60000,2015-11-19,2018-09-17,2015.0
New Prince of Tennis: Go to the Top,FuRyu Corporation,FuRyu,60000,2015-03-05,2018-08-06,2015.0
Shiren The Wanderer: The Tower of Fortune and the Dice of Fate,Aksys Games,"Chunsoft Co., Ltd.",40000,2016-07-26,2018-09-22,2016.0
Dragon Quest X: All in One Package,Square Enix,Square Enix,60000,2017-08-17,2018-01-13,2017.0
Samurai Warriors 4-II,Tecmo Koei,Omega Force,60000,2015-09-29,2018-05-02,2015.0
Dungeon Travelers 2-2: The Maiden Who Fell into Darkness and the Book of Beginnings,Aquaplus,Aqua Plus,60000,2017-04-20,2019-03-23,2017.0
Yomawari: Midnight Shadows,NIS America,Nippon Ichi Software,40000,2017-10-24,2018-06-30,2017.0
Disgaea 1 Complete,NIS America,Nippon Ichi Software,10000,2018-10-09,2019-02-19,2018.0
Tokyo Ghoul: Jail,Namco Bandai Games,Bandai Namco Games,60000,2015-10-01,2018-09-22,2015.0
Azure Striker Gunvolt: Striker Pack,Nighthawk Interactive,Inti Creates,10000,2017-11-21,2018-01-11,2017.0
Portal Knights,505 Games,Keen Games,10000,2018-02-13,2018-07-03,2018.0
Cardfight!! Vanguard G: Stride to Victory!!,FuRyu Corporation,FuRyu,60000,2016-01-14,2018-08-04,2016.0
Refrain no Chika Meikyuu to Majo no Ryodan,Nippon Ichi Software,Nippon Ichi Software,60000,2016-06-23,2018-09-22,2016.0
Etrian Mystery Dungeon 2,Atlus,Atlus,60000,2017-08-31,2018-01-14,2017.0
Gintama Ranbu,Bandai Namco Games,Bandai Namco Games,60000,2018-01-18,2018-01-24,2018.0
Utawarerumono: Mask of Deception,Aqua Plus,Aqua Plus,60000,2015-09-24,2019-03-23,2015.0
One Piece: Pirate Warriors 3 - Deluxe Edition,Bandai Namco Entertainment,Omega Force,50000,2018-05-11,2019-02-20,2018.0
Exist Archive: The Other Side of the Sky,Aksys Games,tri-Ace,30000,2016-10-18,2018-01-31,2016.0
Bullet Girls 2,D3Publisher,Shade,60000,2016-04-21,2018-09-22,2016.0
All Kamen Rider: Rider Revolution,Bandai Namco Games,Bandai Namco Games,60000,2016-12-01,2018-08-06,2016.0
Gal Gun: Double Peace,PQube,Inti Creates,10000,2016-08-02,2018-03-04,2016.0
Nobunaga?s Ambition: Sphere of Influence ? Ascension,Tecmo Koei,Koei Tecmo Games,60000,2016-03-24,2018-07-30,2016.0
Arslan: The Warriors of Legend,Tecmo Koei,Koei Tecmo Games,60000,2016-02-09,2018-07-31,2016.0
Ride,Milestone S.r.l.,Milestone S.r.l.,10000,2015-06-23,2018-04-24,2015.0
Disaster Report 4 Plus: Summer Memories,NIS America,Granzella,50000,2020-04-07,2018-12-19,2020.0
Romance of the Three Kingdoms XIII,Tecmo Koei,Koei Tecmo Games,50000,2016-01-28,2018-07-30,2016.0
Nights of Azure,Tecmo Koei,Gust,50000,2016-03-29,2018-06-01,2016.0
Valkyria Revolution,Sega,Media.Vision,50000,2017-06-27,2018-01-21,2017.0
Haikyu!! Cross Team Match!,Bandai Namco Games,Bandai Namco Games,50000,2016-03-03,2018-08-06,2016.0
Period Cube ~Shackles of Amadeus~,Aksys Games,Idea Factory,30000,2017-04-28,2018-09-22,2017.0
Yakuza 3,Sega,Sega,50000,2018-08-09,2018-08-25,2018.0
Hatsune Miku: Project Diva Future Tone DX,Sega,Sega,50000,2017-11-22,2017-12-30,2017.0
Little Nightmares,Bandai Namco Entertainment,Tarsier Studios,30000,2018-05-18,2019-02-20,2018.0
Phantasy Star Online 2 Episode 4: Deluxe Package,Sega,Sega,50000,2017-04-20,2018-09-18,2017.0
Little Dragons Café,Aksys Games,Aksys Games,10000,2018-08-24,2018-09-26,2018.0
Nobunaga?s Ambition: Sphere of Influence ? Ascension,Tecmo Koei,Koei Tecmo Games,50000,2016-03-24,2018-07-30,2016.0
Collar x Malice,Aksys Games,Idea Factory,30000,2017-07-28,2018-01-19,2017.0
Macross ? Scramble,Namco Bandai Games,ArtDink,50000,2016-10-20,2018-09-22,2016.0
My Hero Academia: Battle for All,Namco Bandai Games,Bandai Namco Games,50000,2016-05-19,2018-04-26,2016.0
Atelier Escha & Logy Plus: Alchemists of the Dusk Sky,Tecmo Koei,Gust,50000,2015-01-22,2018-01-02,2015.0
Sengoku BASARA Sanada Yukimura-den,Capcom,Capcom,50000,2016-08-25,2018-06-03,2016.0
Corpse Party: Blood Covered - Repeated Fear,5pb,Team GrisGris,50000,2015-07-30,2018-01-14,2015.0
Gakusen Toshi Asterisk Festa: Houka Kenran,Namco Bandai Games,Bandai Namco Games,50000,2016-01-28,2018-09-22,2016.0
Metal Max Xeno,NIS America,Kadokawa Games,30000,2018-09-25,2018-04-28,2018.0
I am Setsuna,Square Enix,Tokyo RPG Factory,50000,2017-03-03,2018-07-04,2017.0
Yowamushi Pedal Asu e no High Cadence,Namco Bandai Games,Bandai Namco,50000,2015-01-29,2019-01-30,2015.0
Yomawari: The Long Night CollectionRead the review,NIS America,Nippon Ichi Software,10000,2018-10-30,2018-11-07,2018.0
Atelier Ayesha Plus: The Alchemist of Dusk,Tecmo Koei,Gust,50000,2015-01-13,2018-01-02,2015.0
Medabots 9: Metabee Ver. / Rokusho Ver.,Rocket Company,Rocket Company,50000,2015-12-24,2018-08-02,2015.0
Jake Hunter Detective Story: Ghost of the Dusk,Aksys Games,Arc System Works,10000,2018-09-28,2018-08-03,2018.0
Ray Gigant,Acttil,Experience Inc.,50000,2016-05-03,2018-09-22,2016.0
SNK Heroines Tag Team FrenzyRead the review,NIS America,SNK Corporation,10000,2018-09-07,2018-08-04,2018.0
Aokana: Four Rhythm Across the Blue,Sprite,Sprite,50000,2016-02-25,2018-04-07,2016.0
Warriors All-Stars,Tecmo Koei,Omega Force,50000,2017-03-30,2018-09-22,2017.0
God Wars: Future Past,NIS America,Kadokawa Games,30000,2017-06-20,2018-09-17,2017.0
Yuki Yuna is a Hero: Memory of the Forest,FuRyu Corporation,FuRyu,50000,2015-02-26,2018-09-22,2015.0
BlazBlue: Chrono Phantasma Extend,Arc System Works,Arc System Works,40000,2015-06-30,2018-06-03,2015.0
Beyblade Burst: God,FuRyu Corporation,FuRyu,40000,2017-11-23,2017-12-30,2017.0
World Trigger: Borderless Mission,Namco Bandai Games,ArtDink,40000,2015-09-17,2018-09-22,2015.0
Tsurugi no Machi no Ihoujin: Kuro no Kyuuden,Experience Inc.,Experience Inc.,40000,2015-01-22,2018-09-22,2015.0
Megadimension Neptunia VII,Idea Factory International,Compile Heart,40000,2016-02-02,2018-12-03,2016.0
Zero Escape The Nonary Games,Aksys Games,Spike Chunsoft,10000,2017-03-24,2018-09-19,2017.0
Terraria,505 Games,Re-Logic,10000,2016-06-28,2018-03-19,2016.0
Genkai Tokki: Seven Pirates,Compile Heart,Compile Heart,40000,2016-08-04,2018-09-22,2016.0
Lost Sphear,Square Enix,Tokyo RPG Factory,20000,2018-01-23,2018-01-10,2018.0
Kenka Bancho Otome,Spike Chunsoft,RED Entertainment,40000,2016-05-19,2018-09-22,2016.0
Megadimension Neptunia VIIR,Idea Factory International,Compile Heart,30000,2018-05-08,2018-01-08,2018.0
Uta no Prince-Sama: Repeat Love,Broccoli,Broccoli,40000,2017-01-28,2018-09-22,2017.0
Minna de Wai Wai! Spelunker,Square Enix,Square Enix,40000,2017-04-20,2018-02-04,2017.0
Yahari Game Demo Ore no Seishun Love-Kome wa Machigatteiru. Zoku,5pb,5pb. Inc.,40000,2016-10-27,2018-09-22,2016.0
The Idolm@ster: Must Songs - Red Board / Blue Board,Namco Bandai Games,Bandai Namco Games,40000,2015-12-10,2018-09-22,2015.0
Langrisser: Re:Incarnation Tensei,Aksys Games,NCS,10000,2016-04-19,2018-08-06,2016.0
Sengoku BASARA Sanada Yukimura-den,Capcom,Capcom,40000,2016-08-25,2018-06-03,2016.0
Renai Revenge,TGL,TGL,40000,2015-10-29,2018-09-22,2015.0
Diabolik Lovers: Lunatic Parade,Idea Factory,Unknown,40000,2016-02-25,2018-02-07,2016.0
Idol Time PriPara: Yume All-Star Live!,Takara Tomy,Takara Tomy,40000,2017-10-26,2018-08-02,2017.0
DoraMoji: Nobita no Kanji Daisakusen,Shogakukan,Jupiter Corporation,40000,2015-02-26,2018-02-07,2015.0
Dragon Quest X: All in One Package,Square Enix,Square Enix,40000,2017-09-21,2018-09-15,2017.0
Senran Kagura Burst Re:NewalRead the review,Xseed Games,HONEY PARADE GAMES,40000,2019-01-15,2019-03-24,2019.0
Hero Must Die,Nippon Ichi Software,Pyramid,40000,2016-02-25,2018-09-22,2016.0
Ar Nosurge: Ode to an Unborn Star,Tecmo Koei,Gust,40000,2015-07-02,2018-09-22,2015.0
Wondership Q,Cygames,Miracle Positive,40000,2015-11-19,2018-07-05,2015.0
One Piece: Great Pirate Colosseum,Namco Bandai Games,Arc System Works,40000,2016-09-21,2018-08-04,2016.0
The Legend of Heroes: Trails in the Sky SC Evolution,Kadokawa Games,Falcom,40000,2015-12-10,2018-09-22,2015.0
Sengoku Otome: Legend Battle,Unknown,Unknown,40000,2016-08-25,2018-09-22,2016.0
Alia's Carnival! Sacrament,Dramatic Create,Dramatic Create,40000,2015-10-29,2018-09-22,2015.0
Diabolik Lovers: Dark Fate,Idea Factory,Rejet,40000,2015-02-26,2019-04-25,2015.0
The Legend of Heroes: Trails in the Sky Third Chapter,Nihon Falcom Corporation,Nihon Falcom Corporation,40000,2016-07-14,2018-09-22,2016.0
Cube Creator DX,Arc System Works,Big John Games,40000,2017-04-27,2019-01-20,2017.0
Under Night In-Birth Exe:Latest,Aksys Games,Arc System Works,30000,2018-02-09,2018-09-20,2018.0
Reco Love: Blue Ocean,Kadokawa Games,Dingo Inc.,40000,2016-10-01,2018-09-22,2016.0
Atelier Sophie: The Alchemist of the Mysterious Book,Tecmo Koei,Gust,40000,2015-11-19,2018-01-07,2015.0
Okami HD,Capcom,Capcom,40000,2018-08-09,2018-03-09,2018.0
Ukiyo no Shishi,Namco Bandai Games,Spike Chunsoft,40000,2015-01-29,2019-04-26,2015.0
JoJo's Bizarre Adventure: Eyes of Heaven,Namco Bandai Games,Namco Bandai Games,40000,2016-06-28,2018-06-03,2016.0
Medabots Girls Mission: Metabee Ver. / Rokusho Ver.,Rocket Company,Rocket Company,40000,2016-03-10,2018-08-03,2016.0
TV Anime Idolm@ster: Cinderella Girls G4U! Pack Vol.9,Namco Bandai Games,Bandai Namco Games,40000,2016-02-25,2018-06-03,2016.0
YoKai Watch Dance: Just Dance Special Version,Level 5,Level 5,40000,2015-12-05,2018-04-09,2015.0
Tennis World Tour,Bigben Interactive,Breakpoint Studio,10000,2018-05-22,2018-09-26,2018.0
Toukiden 2,Tecmo Koei,Omega Force,40000,2016-07-28,2018-06-03,2016.0
Black Clover: Quartet Knights,Bandai Namco Entertainment,Ilinx,10000,2018-09-14,2018-09-26,2018.0
Danganronpa Another Episode: Ultra Despair Girls,NIS America,Spike Chunsoft,10000,2017-06-27,2018-01-03,2017.0
The Caligula Effect: OverdoseRead the review,NIS America,Historia,40000,2019-03-12,2019-02-24,2019.0
Utawarerumono: Mask of Truth,Aqua Plus,Aqua Plus,40000,2016-09-21,2018-06-03,2016.0
SD Gundam G Generation Genesis,Bandai Namco Games,Bandai Namco,40000,2018-04-26,2018-01-16,2018.0
Digimon Story: Cyber Sleuth - Hacker's Memory,Namco Bandai Games,Media.Vision,40000,2018-01-19,2018-01-07,2018.0
JoJo's Bizarre Adventure: Eyes of Heaven,Namco Bandai Games,Namco Bandai Games,40000,2015-12-17,2018-06-03,2015.0
Atelier Firis: The Alchemist and the Mysterious Journey,Tecmo Koei,Gust,40000,2016-11-02,2018-07-04,2016.0
Hakuoki Zuisouroku Omokage Hana,Idea Factory,Idea Factory,40000,2015-02-19,2019-04-26,2015.0
Famicom Remix Best Choice,Nintendo,Nintendo EAD Tokyo,40000,2015-08-27,2018-04-23,2015.0
Sushi Striker: The Way of Sushido,Nintendo,Indies Zero,20000,2018-06-08,2020-07-23,2018.0
Blue Reflection: Maboroshi ni Mau - Shoujo no Ken,Tecmo Koei,Gust,40000,2017-03-30,2018-07-02,2017.0
Romance of the Three Kingdoms II,Tecmo Koei,Koei,40000,2015-08-06,2018-08-03,2015.0
Kawaii Pet to Kurasou! Wan Nyan & Mini Mini Animal,Nippon Columbia,Nippon Columbia,40000,2017-04-06,2018-08-06,2017.0
Gintama Ranbu,Namco Bandai Games,Bandai Namco Games,40000,2018-01-18,2018-01-24,2018.0
Hyakka Hyakurou: Sengoku Ninpoujou,D3Publisher,RED Entertainment,40000,2016-02-25,2018-09-22,2016.0
Aikatsu Stars! My Special Appeal,Bandai Namco Games,Bandai Namco Games,40000,2016-11-24,2018-08-06,2016.0
A Good Librarian Like a Good Shepherd: Library Party,Kaga Create,August,40000,2015-02-12,2018-08-30,2015.0
Persona 3: Dancing in Moonlight,Atlus,Atlus,10000,2018-12-04,2018-08-13,2018.0
Gudetama: Hanjuku de Tanomuwa,Rocket Company,Rocket Company,40000,2015-12-03,2018-07-26,2015.0
Psycho-Pass: Mandatory Happiness,NIS America,5pb. Inc.,20000,2016-09-13,2018-07-03,2016.0
Darkest Dungeon,Red Hook Studios,Red Hook Studios,10000,2018-04-24,2018-01-31,2018.0
Rose to Tasogare no Kojou,Nippon Ichi Software,Nippon Ichi Software,40000,2016-04-26,2018-09-22,2016.0
Ebikore Photo Kano Kiss,Kadokawa Games,Dingo Inc.,40000,2015-02-05,2019-04-26,2015.0
Kisuato,TGL,TGL,40000,2015-11-26,2018-09-22,2015.0
Medarot 9: Kabuto Ver. / Kuwagata Ver.,Rocket Company,Rocket Company,40000,2015-12-24,2018-08-03,2015.0
PriPara & Pretty Rhythm: PriPara de Tsukaeru Oshare Item 1450!,Takara Tomy,syn Sophia,40000,2015-03-19,2018-08-06,2015.0
Attack on Titan: Escape from Certain Death,Tecmo Koei,Koei Tecmo Games,40000,2017-05-11,2019-01-29,2017.0
Hakuoki: Shinkai - Hana no Shou,Idea Factory,Design Factory,40000,2016-06-16,2018-09-22,2016.0
Himoutou! Umaru-Chan: Himoutou Ikusei Keikaku,FuRyu Corporation,FuRyu Corporation,40000,2015-12-03,2018-09-22,2015.0
Resident Evil: Umbrella Corps,Capcom,Capcom,40000,2016-06-21,2018-09-04,2016.0
Doraemon the Movie: Nobita no Nankyoku Kachikochi Daibouken,FuRyu Corporation,Unknown,40000,2017-03-02,2018-02-10,2017.0
Zanki Zero: Last Beginning,Spike Chunsoft,Lancarse,40000,2019-04-09,2018-04-27,2019.0
Final Fantasy XIV: Heavensward,Square Enix,Square Enix,10000,2015-06-23,2018-04-23,2015.0
Superdimension Neptunia VS Sega Hard Girls: Yume no Gattai Special,Idea Factory,Compile Heart,40000,2016-10-18,2018-12-03,2016.0
Secret of Mana,Square Enix,Square Enix,40000,2018-02-15,2018-02-17,2018.0
SaGa: Scarlet Grace,Square Enix,Square Enix,30000,2019-12-03,2018-08-26,2019.0
Bladestorm: Nightmare,Tecmo Koei,Omega Force,30000,2015-03-03,2018-05-30,2015.0
Layton's Mystery Journey: Katrielle and The Millionaires' Conspiracy DX,Level 5,Level 5,30000,2019-11-08,2019-07-10,2019.0
Steins;Gate 0,5pb,5pb. Inc.,30000,2015-12-10,2018-06-10,2015.0
Death Mark,Aksys Games,Experience Inc.,10000,2018-10-31,2019-03-17,2018.0
Labyrinth of Refrain: Coven of Dusk,Nippon Ichi Software,Nippon Ichi Software,30000,2016-06-23,2018-11-11,2016.0
Attack on Titan 2,Koei Tecmo,Koei Tecmo Games,30000,2018-03-15,2018-07-30,2018.0
Code of  Princess EXRead the review,Nicalis,Studio Saizensen,10000,2018-07-31,2018-03-08,2018.0
Harukanaru Toki no Naka de 6,Tecmo Koei,Ruby Party,30000,2015-03-12,2019-03-22,2015.0
Raiden V,UFO Interactive,Moss,0,2017-10-10,2018-04-27,2017.0
Fortune Street: Dragon Quest & Final Fantasy 30th Anniversary,Square Enix,Square Enix,30000,2017-10-19,2018-09-17,2017.0
Future Card Buddyfight Mezase! Buddy Champion!,FuRyu Corporation,FuRyu,30000,2017-03-16,2018-08-04,2017.0
Dynasty Warriors: Godseekers,Tecmo Koei,Omega Force,30000,2017-01-31,2017-12-31,2017.0
Railway Empire,Kalypso Media,Gaming Minds Studios,0,2018-01-30,2018-06-06,2018.0
Shin Hayarigami 2,Nippon Ichi Software,Nippon Ichi Software,30000,2016-07-07,2018-09-20,2016.0
Winning Post 8 2016,Tecmo Koei,Koei Tecmo Games,30000,2016-03-31,2018-07-31,2016.0
IDOLiSH7 Twelve Fantasia!,Bandai Namco Entertainment,Bandai Namco Games,30000,2018-02-15,2018-02-26,2018.0
Utawarerumono: Chiriyukusha e no Komoriuta,Aqua Plus,Aqua Plus,30000,2018-04-26,2018-05-20,2018.0
"Moshi, Kono Sekai ni Kami-sama ga Iru to suru Naraba.",Rejet,Rejet,30000,2016-02-25,2019-04-27,2016.0
Sumikko Gurashi Atsumare Sumikko Town,Nippon Columbia,Nippon Columbia,30000,2018-10-04,2018-07-05,2018.0
Berserk and the Band of the Hawk,Tecmo Koei,Omega Force,30000,2016-10-27,2018-04-21,2016.0
Cyber Troopers: Virtual On x Toaru Majutsu no Index: Toaru Majutsu no Dennou Senki,Sega,Sega CS3,30000,2018-02-15,2018-02-26,2018.0
Mega Man X Legacy Collection 1+2,Capcom,Capcom,30000,2018-07-24,2018-05-27,2018.0
Nobunaga's Ambition: Sphere of Influence with Power-Up Kit,Tecmo Koei,Koei,30000,2017-03-03,2018-12-29,2017.0
Labyrinth of Refrain: Coven of Dusk,NIS America,Nippon Ichi Software,10000,2018-09-18,2018-11-11,2018.0
Nisekoi: Yomeiri!?,Konami Digital Entertainment,Konami,30000,2015-01-01,2019-04-27,2015.0
Puyo Puyo Chronicle,Sega,Sonic Team,30000,2016-12-08,2018-07-25,2016.0
Blade Arcus from Shining EX,Sega,Unknown,30000,2015-11-26,2018-06-18,2015.0
Kamen Rider: Climax Fighters,Namco Bandai Games,Eighting,30000,2017-12-07,2018-01-07,2017.0
Utawarerumono Zan,Aquaplus,Tamsoft,30000,2018-09-27,2018-08-18,2018.0
Kamen Rider: Climax Scramble Zi-O,Bandai Namco Games,Bandai Namco Games,30000,2018-11-29,2019-01-05,2018.0
Atelier Lydie & Suelle: The Alchemists and the Mysterious Paintings,Tecmo Koei,Gust,10000,2018-03-27,2018-02-10,2018.0
Record of Grancrest War,Bandai Namco Games,Bandai Namco,30000,2018-06-14,2018-06-24,2018.0
THE iDOLM@STER: Stella Stage,Namco Bandai Games,Namco Bandai Games,30000,2017-12-21,2018-01-07,2017.0
Dragon Quest X: 5000-nen no Harukanaru Kokyou e Online,Square Enix,Square Enix,30000,2017-11-16,2018-09-15,2017.0
The Lost Child,NIS America,Crim,10000,2018-06-19,2018-09-20,2018.0
Winning Post 8 2015,Tecmo Koei,Koei Tecmo Games,30000,2015-03-12,2018-07-31,2015.0
TV Anime Idolm@ster: Cinderella Girls G4U! Pack Vol.6,Namco Bandai Games,Unknown,30000,2015-11-26,2018-06-18,2015.0
Dragon Quest X: All in One Package Ver.1-4,Square Enix,Square Enix,30000,2018-07-26,2018-09-15,2018.0
Samurai Warriors: Sanada Maru,Tecmo Koei,Omega Force,30000,2016-11-23,2018-07-09,2016.0
Yomawari: Midnight Shadows,NIS America,Nippon Ichi Software,30000,2017-10-24,2018-06-30,2017.0
Medabots Classics: Metabee Ver. / Rokusho Ver.,Imagineer,Imagineer,30000,2017-12-21,2018-01-07,2017.0
Nobunaga's Ambition: Tenshouki with Power-Up Kit HD Version,Tecmo Koei,Koei Tecmo Games,30000,2015-11-12,2018-07-31,2015.0
Azure Striker Gunvolt: Striker Pack,Yacht Club Games,Inti Creates,30000,2016-10-04,2018-04-26,2016.0
Death end re;QuestRead the review,Idea Factory,Compile Heart,30000,2019-12-01,2018-04-22,2019.0
Ukiyo no Roushi,Spike Chunsoft,Spike Chunsoft,30000,2015-02-11,2019-04-27,2015.0
Diabolik Lovers: More Blood,Idea Factory,Idea Factory,30000,2015-01-15,2018-02-21,2015.0
Dynasty Warriors 8: Empires,Tecmo Koei,Omega Force,30000,2015-11-26,2018-02-09,2015.0
Crows: Burning Edge,Namco Bandai Games,Bandai Namco Games,30000,2016-10-27,2018-09-20,2016.0
Onimusha: Warlords,Capcom,Capcom,30000,2019-01-15,2018-12-29,2019.0
River City Ransom SP,Arc System Works,Technos Japan Corporation,30000,2016-10-27,2018-04-24,2016.0
Aokana: Four Rhythm Across the Blue,Sprite,Sprite,30000,2020-08-21,2018-04-07,2020.0
Niko Puchi Girls Runway,Happinet,Happinet,30000,2015-12-10,2018-07-25,2015.0
Doraemon: Nobita no Takarajima,FuRyu Corporation,FuRyu,30000,2018-03-01,2018-03-09,2018.0
God Wars The Complete Legend,NIS America,Kadokawa Games,10000,2018-09-04,2019-03-17,2018.0
Root Letter,PQube,Kadokawa Games,30000,2016-11-10,2018-09-20,2016.0
Death Mark,Aksys Games,Experience Inc.,0,2018-10-31,2019-03-17,2018.0
Steins;Gate Elite,Spike Chunsoft,5pb. Inc.,30000,2019-02-19,2018-11-06,2019.0
Akogare Girls Collection: Wan Nyan Doubutsu Byouin - Suteki na Juui-San ni Narou!,Nippon Columbia,Nippon Columbia,30000,2015-07-30,2018-08-06,2015.0
Death MarkRead the review,Experience Inc.,Experience Inc.,30000,2017-06-01,2019-03-17,2017.0
The Legend of Heroes: Sen no Kiseki: Kai -Thors Military Academy 1204-,Nihon Falcom Corporation,Nihon Falcom Corporation,30000,2018-03-08,2018-03-25,2018.0
Omega Quintet,Compile Heart,Compile Heart,20000,2015-04-28,2019-01-02,2015.0
Mary Skelter: Nightmares 2Read the review,Compile Heart,Compile Heart,30000,2018-07-12,2018-07-20,2018.0
Dynasty Warriors: Eiketsuden,Tecmo Koei,Omega Force,20000,2016-08-03,2018-04-24,2016.0
God Eater Off Shot: Soma Shikkuzaru-hen Twin Pack & Animation Vol.4,Namco Bandai Games,Bandai Namco Games,20000,2016-01-28,2018-09-20,2016.0
The Longest 5 Minutes,NIS America,Nippon Ichi Software,20000,2018-02-13,2018-01-11,2018.0
Otoko Yukaku,D3Publisher,D3 Publisher,20000,2015-02-19,2019-05-02,2015.0
Zanki Zero: Last Beginning,Spike Chunsoft,Lancarse,20000,2018-07-05,2018-04-27,2018.0
Lost Sphear,Square Enix,Tokyo RPG Factory,20000,2018-01-23,2018-07-19,2018.0
Osomatsu-San: Matsu Matsuri!,Namco Bandai Games,Bandai Namco Games,20000,2016-12-22,2018-07-25,2016.0
Taishou x Alice: All in One,Prototype,Prototype,20000,2016-06-02,2019-03-22,2016.0
République,GungHo Online Entertainment,Camouflaj,10000,2016-03-22,2018-04-15,2016.0
Bullet Girls: Phantasia,Experience Inc.,Shade,20000,2018-08-09,2019-03-23,2018.0
Prince of Stride,Kadokawa Games,Kadokawa Games,20000,2015-07-30,2019-05-02,2015.0
Resident Evil: Value Pack,Capcom,Capcom,20000,2016-09-29,2018-09-04,2016.0
God Eater Off Shot: Tachibana Sakuya-hen Twin Pack & Animation Vol.7,Namco Bandai Games,Unknown,20000,2016-04-21,2018-09-20,2016.0
PaRappa the Rapper Remastered,Sony Interactive Entertainment,SIE Japan Studio,20000,2017-04-04,2018-09-24,2017.0
Labyrinth of Refrain: Coven of Dusk,NIS America,Nippon Ichi Software,10000,2018-09-18,2018-11-11,2018.0
Manga-ka Debut Monogatari: Suteki na Manga o Egakou,Nippon Columbia,Nippon Columbia,20000,2017-03-16,2018-08-06,2017.0
Samurai Warriors: Sanada Maru,Tecmo Koei,Omega Force,20000,2016-11-23,2018-07-09,2016.0
Zero Escape The Nonary Games,Aksys Games,Spike Chunsoft,10000,2017-03-24,2018-09-19,2017.0
Phantasy Star Online 2 Episode 4: Deluxe Package,Sega,Sega,20000,2017-04-20,2018-09-18,2017.0
Super Run For Money Tousouchuu & Sentouchuu,Bandai Namco Games,Bandai Namco Games,20000,2018-11-29,2019-01-05,2018.0
Dynamic Chord feat. Reve Parfait: V Edition,honeybee,Unknown,20000,2016-09-29,2018-02-21,2016.0
Akogare Girls Collection: Pika Pika Nurse Monogatari - Shounika Haitsumo Oosawagi,Nippon Columbia,Nippon Columbia,20000,2016-11-10,2018-08-03,2016.0
Sousaku Alice to Oujisama!,Happinet,Happinet,20000,2015-11-26,2018-08-03,2015.0
The Guided Fate: Cross Thesis Awakening,NIS America,Nippon Ichi Software,20000,2015-03-17,2019-05-03,2015.0
Collar x Malice: Unlimited,Idea Factory,Idea Factory,20000,2018-07-26,2018-08-25,2018.0
The Legend of Heroes: Trails of Cold Steel II Kai - The Erebonian Civil War,Xseed Games,Nihon Falcom Corporation,20000,2019-03-19,2018-05-20,2019.0
The Three Kingdoms Love Story ~ The Art of Otome!,Prototype,Prototype,20000,2016-02-04,2019-04-26,2016.0
SaGa: Scarlet Grace,Square Enix,Square Enix,20000,2019-12-03,2018-08-26,2019.0
Steins;Gate Elite,Spike Chunsoft,5pb. Inc.,20000,2019-02-19,2018-11-06,2019.0
428: Shibuya Scramble,Spike Chunsoft,Abstraction Games,10000,2018-09-04,2018-09-26,2018.0
Dance with Devils,Rejet,Rejet,20000,2016-03-24,2019-05-03,2016.0
Neo Atlas 1469,ArtDink,ArtDink,20000,2016-10-27,2018-04-26,2016.0
Undertale,8-4,Toby Fox,20000,2018-09-18,2018-09-26,2018.0
Crystar,Spike Chunsoft,FuRyu,20000,2019-08-27,2019-04-07,2019.0
The Liar Princess and the Blind Prince,NIS America,Nippon Ichi Software,20000,2019-03-30,2018-06-06,2019.0
Cats Together,Bandai Namco Games,Bandai Namco Games,20000,2018-11-01,2018-11-07,2018.0
No Heroes Allowed! VR,Sony Interactive Entertainment,Acquire,20000,2017-10-17,2018-01-10,2017.0
Cats Together,Bandai Namco Games,Bandai Namco Games,20000,2018-11-21,2018-11-07,2018.0
Border Break,Sega,Sega,20000,2018-08-02,2018-08-26,2018.0
Touhou Genso Wanderer Reloaded,NIS America,AQUA STYLE,10000,2018-07-17,2019-03-18,2018.0
Cladun Returns: This Is Sengoku!,Nippon Ichi Software,Nippon Ichi Software,20000,2017-05-26,2018-09-20,2017.0
Harukanaru Toki no Naka de 6,Tecmo Koei,Ruby Party,20000,2015-03-12,2019-03-22,2015.0
Psychedelica of the Black Butterfly,Aksys Games,Otomate,20000,2018-03-27,2018-05-31,2018.0
Cyber Troopers: Virtual On x Toaru Majutsu no Index: Toaru Majutsu no Dennou Senki,Sega,Sega CS3,20000,2018-02-15,2018-02-26,2018.0
Patapon Remastered,Sony Interactive Entertainment,SIE Japan Studio,20000,2017-08-01,2018-09-24,2017.0
Gal Gun 2,PQube,Inti Creates,10000,2018-04-24,2018-03-04,2018.0
Konoyo no Hate de Koi o Utau Shoujo: Yu-No,5pb,MAGES,20000,2017-03-16,2019-03-22,2017.0
New Game! The Challenge Stage!,5pb,5pb. Inc.,20000,2017-01-26,2018-09-20,2017.0
Higurashi no Naku Koro ni Hou,Entergram,07th Expansion,20000,2018-07-26,2019-02-03,2018.0
Date-A-Live Twin Edition: Rio Reincarnation,Compile Heart,Unknown,20000,2015-07-30,2018-02-21,2015.0
Digimon Universe: Appli Monsters,Namco Bandai Games,Bandai Namco Games,20000,2016-12-01,2018-07-25,2016.0
Kobito Game Taizen,Nippon Columbia,Nippon Columbia,20000,2016-10-06,2018-08-03,2016.0
Beyblade Burst: Battle Zero,FuRyu Corporation,FuRyu,20000,2018-10-25,2018-11-07,2018.0
Winning Post 8 2018,Koei Tecmo,Koei Tecmo Games,20000,2018-03-15,2018-07-30,2018.0
Kunio-kun Nekketsu: Complete Famicom Edition,Arc System Works,Arc System Works,20000,2016-12-08,2018-08-06,2016.0
Konoyo no Hate de Koi o Utau Shoujo: Yu-No,5pb,MAGES,20000,2017-03-16,2018-09-20,2017.0
Psycho-Pass: Mandatory Happiness,5pb,5pb. Inc.,20000,2015-01-01,2018-09-11,2015.0
God Eater Off Shot: Fujiki Kota-hen Twin Pack & Animation Vol.6,Namco Bandai Games,Bandai Namco Games,20000,2016-03-24,2018-09-20,2016.0
Dragon Quest X: 5000-nen no Harukanaru Kokyou e Online,Square Enix,Square Enix,20000,2017-11-16,2017-12-29,2017.0
Genkai Tokki: Castle Panzers,Compile Heart,Compile Heart,20000,2017-09-28,2018-09-20,2017.0
Diabolik Lovers: Lost Eden,Idea Factory,Unknown,20000,2017-02-16,2018-02-21,2017.0
Shin Atelier Rorona: Hajimari no Monogatari,Koei Tecmo,Gust,20000,2015-06-04,2018-08-06,2015.0
Re:Zero - Kara Hajimeru Isekai Seikatsu - Death or Kiss,5pb,MAGES,20000,2017-03-30,2018-09-21,2017.0
Fuuraiki 3,Nippon Ichi Software,Nippon Ichi Software,20000,2015-02-19,2019-05-17,2015.0
Persona 5: Dancing in Starlight,Atlus,Atlus,20000,2018-12-04,2018-08-13,2018.0
Metal Max Xeno,Kadokawa Games,Kadokawa Games,20000,2018-04-19,2018-04-28,2018.0
Dragon Quest X: All in One Package,Square Enix,Square Enix,20000,2015-12-03,2018-09-15,2015.0
Skullgirls: 2nd Encore,Arc System Works,Lab Zero Games,20000,2016-04-14,2018-09-20,2016.0
BoxBoy! Hakobume Box,Nintendo,HAL Laboratory,20000,2017-02-02,2018-07-15,2017.0
Full Metal Panic! Fight: Who Dares Wins,Bandai Namco Entertainment,Bandai Namco Games,20000,2018-05-31,2018-06-06,2018.0
Art Academy: Home Studio,Nintendo,Headstrong Games,20000,2015-06-25,2018-04-01,2015.0
Chaos;Child,5pb,5pb. Inc.,20000,2015-06-25,2019-03-24,2015.0
A-Train Exp.,ArtDink,ArtDink,20000,2017-12-21,2018-01-07,2017.0
Gal Metal!,Xseed Games,DMM Games,10000,2018-10-30,2019-03-18,2018.0
Kamiwaza Wanda: Kira Kira Ichibangai Kikiippatsu!,FuRyu Corporation,FuRyu,20000,2016-10-27,2018-08-06,2016.0
Chaos;Child,PQube,5pb. Inc.,20000,2017-10-24,2019-03-24,2017.0
Winning Post 8 2016,Tecmo Koei,Koei Tecmo Games,20000,2016-03-31,2018-07-31,2016.0
Touhou Shinpiroku ~ Urban Legend in Limbo,Mediascape,Twilight Frontier,20000,2016-12-08,2018-09-20,2016.0
Gotouchi Tetsudou for Nintendo Switch!!,Bandai Namco Games,Grounding Inc.,20000,2018-02-22,2018-03-08,2018.0
Gun Gun Pixies,Compile Heart,Compile Heart,20000,2017-04-27,2019-08-07,2017.0
Utawarerumono: Chiriyukusha e no Komoriuta,Aqua Plus,Aqua Plus,20000,2018-04-26,2018-05-20,2018.0
Reine des Fleurs,Idea Factory,Otomate,20000,2015-08-20,2019-03-22,2015.0
The Great Ace Attorney 1 & 2 Special Edition,Capcom,Capcom,20000,2017-08-03,2018-08-03,2017.0
Hyakka Yakou,Idea Factory,Otomate,20000,2015-02-12,2019-05-21,2015.0
Dragon Star Varnir,Compile Heart,Compile Heart,20000,2019-06-11,2018-12-30,2019.0
Mario & Luigi: Paper Jam & Mario Kart 7 Double Pack,Nintendo,Nintendo,20000,2015-12-03,2018-04-23,2015.0
Mario vs. Donkey Kong: Tipping Stars,Nintendo,Nintendo Software Technology Corporation,20000,2015-03-05,2019-01-15,2015.0
Nights of Azure 2,Tecmo Koei,Gust,20000,2017-08-31,2018-09-06,2017.0
Senran Kagura: Peach and Reflexions Limited Double Pack,Marvelous,Marvelous,20000,2018-12-13,2018-12-19,2018.0
Future Card Buddyfight: Tanjou! Oretachi no Saikyou Body!,FuRyu Corporation,FuRyu,20000,2018-03-15,2018-08-04,2018.0
White Day: A Labyrinth Named School (2017),PQube,ROIGAMES Inc.,10000,2017-08-29,2018-02-08,2017.0
SNK Heroines Tag Team Frenzy,NIS America,SNK Corporation,20000,2018-09-07,2018-08-04,2018.0
Persona Dancing: Deluxe Twin Plus,Atlus,Atlus,20000,2018-05-24,2018-06-06,2018.0
Pioneer no Banshou,Idea Factory,Idea Factory,20000,2018-08-30,2018-09-26,2018.0
Dragon Quest X: All in One Package Ver.1-4,Square Enix,Square Enix,10000,2018-07-26,2018-11-06,2018.0
Harukanaru Toki no Naka de Ultimate,Koei Tecmo,Koei Tecmo Games,10000,2018-02-22,2018-03-07,2018.0
Nobunaga's Ambition: Taishi,Koei Tecmo,Koei Tecmo Games,10000,2017-11-30,2018-07-30,2017.0
Ikemen Sengoku: Toki o Kakeru Koi - Aratanaru Deai,Idea Factory,CYBIRD,10000,2018-03-22,2018-04-06,2018.0
La Corda d'Oro 3,Koei Tecmo,Ruby Party,10000,2018-09-20,2018-10-15,2018.0
Kenka Bancho Otome: Kanzenmuketsu no My Honey,Spike Chunsoft,Spike Chunsoft,10000,2017-07-27,2018-07-26,2017.0
Summer Lesson: Miyamoto Hikari Collection,Namco Bandai Games,Namco Bandai Games,10000,2017-05-25,2018-09-20,2017.0
Kaitou Joker: Toki o Koeru Kaitou to Ushinawareta Houseki,Bandai Namco Games,Bandai Namco Games,10000,2015-06-25,2018-08-06,2015.0
Little Witch Academia: Chamber of Time,Bandai Namco Entertainment,A+ Games,10000,2017-11-30,2018-01-07,2017.0
New Game! The Challenge Stage!,5pb,5pb. Inc.,10000,2017-01-26,2018-09-20,2017.0
God Wars: Nihon Shinwa Taisen,Kadokawa Games,Kadokawa Games,10000,2018-06-14,2018-06-24,2018.0
Bullet Girls: Phantasia,D3 Publisher,Shade,10000,2018-08-09,2019-03-23,2018.0
Super Neptunia RPGRead the review,Idea Factory International,Idea Factory,10000,2019-03-31,2018-12-29,2019.0
Mega Man X Legacy Collection 1,Capcom,Capcom,10000,2018-07-26,2018-08-31,2018.0
Killer and Strawberry,Broccoli,Broccoli,10000,2018-08-23,2018-09-26,2018.0
Skullgirls: 2nd Encore,Arc System Works,Lab Zero Games,10000,2016-04-14,2018-09-20,2016.0
Hakoniwa Company Works,Nippon Ichi Software,Nippon Ichi Software,10000,2017-07-13,2018-09-20,2017.0
Kiniro no Corda 3,Tecmo Koei,Koei,10000,2015-02-26,2018-08-03,2015.0
Tamagotchi no Puchi Puchi Omisechi: Ninki no Omise Atsume Maseta,Bandai Namco Games,Bandai Namco Games,10000,2017-11-16,2017-12-29,2017.0
London Detective MysteriaRead the review,Xseed Games,Karin Entertainment,10000,2018-12-18,2018-12-27,2018.0
Billion Road,Bandai Namco Games,Bandai Namco Games,10000,2018-11-29,2019-01-05,2018.0
DJ Max Respect,Arc System Works,DJMAX Sound Lab Team,10000,2017-09-09,2018-02-21,2017.0
A-Train 3D: City Simulator Neo,ArtDink,ArtDink,10000,2016-12-01,2018-08-06,2016.0
Far Cry 3: Classic Edition,Ubisoft,Ubisoft Montreal,10000,2018-07-05,2018-07-20,2018.0
Occultic;Nine,5pb,5pb. Inc.,10000,2017-11-09,2018-09-20,2017.0
Jake Hunter Detective Story: Prism of Eyes,Arc System Works,Arc System Works,10000,2018-08-09,2018-08-26,2018.0
Atelier: The Alchemist of Arland 1-2-3 DX,Koei Tecmo,Gust,10000,2018-09-20,2018-09-26,2018.0
Dragon's Dogma Online: Season 3,Capcom,Capcom,10000,2017-08-17,2018-09-20,2017.0
Capcom Beat 'Em Up Bundle,Capcom,Capcom,10000,2018-09-18,2018-12-19,2018.0
Apollo Justice: Ace Attorney,Capcom,Capcom,10000,2017-11-21,2017-12-30,2017.0
Nari Kids Park: Hugtto! PreCure,Bandai Namco Games,Bandai Namco Games,10000,2018-11-21,2018-12-19,2018.0
Chaos;Child: Love Chu Chu!!,5pb,5pb. Inc.,10000,2017-03-30,2018-01-15,2017.0
Fujiko F. Fujio Characters: Great Assembly! Slightly Fantastic Slapstick Party,Namco Bandai Games,Namco Bandai Games,10000,2020-12-31,2018-04-09,2020.0
The Lost Child,Kadokawa Games,Crim,10000,2017-08-24,2018-09-20,2017.0
Cake-ya San Monogatari: Ooishii Sweets o Tsukurou!,Nippon Columbia,Nippon Columbia,10000,2017-11-09,2017-12-30,2017.0
Onimusha: Warlords,Capcom,Capcom,10000,2019-01-15,2018-12-29,2019.0
The Princess Guide,NIS America,Nippon Ichi Software,10000,2019-03-15,2018-07-05,2019.0
Doukoku Soshite... Doukoku Soshite...,El Dia,El Dia,10000,2018-04-26,2018-05-20,2018.0
Kono Subarashii Sekai ni Shukufuku o! Kono Yokubukai Game ni Shinpan o!,5pb,5pb. Inc.,10000,2017-09-07,2018-09-20,2017.0
Atelier Lydie & Suelle: The Alchemists and the Mysterious Paintings,Tecmo Koei,Gust,10000,2017-12-21,2018-01-07,2017.0
Mega Man X Legacy Collection 2,Capcom,Capcom,10000,2018-07-26,2018-08-31,2018.0
Bullet Soul,5pb,Tachyon Inc.,10000,2016-09-16,2018-12-19,2016.0
Battle Garegga Rev.2016,M2,Arc System Works,10000,2016-12-15,2018-09-20,2016.0
Winning Post 8 2018,Koei Tecmo,Koei Tecmo Games,10000,2018-03-15,2018-07-30,2018.0
Yahari Game Demo Ore no Seishun Love-Kome wa Machigatteiru. & Zoku: Oatome Set,5pb,5pb. Inc.,10000,2017-10-26,2018-09-21,2017.0
Tokimeki Restaurant: Project Tristars,KOEI,Ruby Party,10000,2018-02-22,2018-03-07,2018.0
Re:Zero - Kara Hajimeru Isekai Seikatsu - Death or Kiss,5pb,MAGES,10000,2017-03-30,2018-09-21,2017.0
Gal Gun 2Read the review,PQube,Inti Creates,10000,2018-04-24,2018-03-04,2018.0
Persona 3: Dancing in Moonlight,Atlus,Atlus,10000,2018-12-04,2018-08-13,2018.0
"Tengai ni Mau, Iki na Hana",Idea Factory,Idea Factory,10000,2018-04-26,2018-05-20,2018.0
La Corda d'Oro 2ff,Koei Tecmo,Koei Tecmo Games,10000,2017-12-21,2018-07-30,2017.0
12-Sai. Torokeru Puzzle Futari no Harmony,Happinet,Happinet,10000,2017-10-26,2018-08-03,2017.0
Legendary Fishing,Ubisoft,Ubisoft,0,2018-09-18,2018-11-22,2018.0
Hyperdimension Neptunia Re;Birth1 Plus,Compile Heart,Idea Factory,10000,2018-05-31,2018-12-03,2018.0
Champion Jockey Special,Tecmo Koei,Koei Tecmo Games,10000,2017-09-14,2018-07-31,2017.0
CharadeManiacs,Idea Factory,Otomate,10000,2018-08-09,2018-08-26,2018.0
The Princess Guide,NIS America,Nippon Ichi Software,10000,2019-03-15,2020-05-11,2019.0
Lapis x Labyrinth,Nippon Ichi Software,Nippon Ichi Software,10000,2018-11-29,2019-01-05,2018.0
Peach Ball: Senran Kagura,Marvelous Entertainment,HONEY PARADE GAMES,10000,2018-12-13,2018-12-21,2018.0
Mario & Luigi: Bowser's Inside Story + Bowser Jr.'s Journey,Nintendo,AlphaDream Corporation,10000,2019-01-11,2018-11-19,2019.0
RepKiss,Entergram,Entergram,10000,2017-04-13,2018-09-21,2017.0
VA-11 HALL-A,Wolfgame,Sukeban Games,10000,2017-11-14,2018-01-09,2017.0
WORKxWORK,FuRyu Corporation,FuRyu,10000,2018-10-04,2018-11-21,2018.0
Million Arthur: Arcana Blood,Square Enix,Square Enix,10000,2018-11-29,2019-01-05,2018.0
LocoRoco Remastered,Sony Interactive Entertainment,SIE Japan Studio,10000,2017-05-09,2018-09-24,2017.0
Fortissimo,Otomate Idea Factory,Kadokawa Games,10000,2018-03-08,2018-03-25,2018.0
Neo Atlas 1469,Studio Artdink,ArtDink,10000,2018-04-19,2018-01-20,2018.0
Chouchou Jiken Rhapsodic,Idea Factory,RED Entertainment,10000,2017-11-30,2018-01-07,2017.0
Steins;Gate Elite,5pb,5pb. Inc.,10000,2018-09-20,2018-11-06,2018.0
NGRead the review,Experience Inc.,Experience Inc.,10000,2018-09-13,2019-03-09,2018.0
Gal Gun: Double Peace,PQube,Inti Creates,10000,2016-08-02,2018-05-04,2016.0
Ketsui Deathtiny: Kizuna Jigoku Tachi,M2,M2,10000,2018-11-29,2018-12-19,2018.0
Yuuna and the Haunted Hot Springs: Steam Dungeon,FuRyu Corporation,FuRyu,10000,2018-11-15,2018-11-22,2018.0
The Liar Princess and the Blind PrinceRead the review,Nippon Ichi Software,Nippon Ichi Software,10000,2018-05-31,2018-06-06,2018.0
Cube Creator X,Arc System Works,Arc System Works,10000,2018-04-26,2018-03-29,2018.0
Akiba's Trip 2+A,Acquire,Acquire,10000,2017-02-02,2018-09-21,2017.0
Yoshiwara Higanbana Kuon no Chigiri,Prototype,Prototype,10000,2017-10-12,2018-01-09,2017.0
Neo Angelique: Tenshi no Namida,Idea Factory,Otomate,10000,2017-12-07,2018-01-07,2017.0
Vitamin X: Destination,D3Publisher,HuneX,10000,2018-02-22,2018-03-08,2018.0
Date A Live: Rio Reincarnation HD,Compile Heart,Compile Heart,10000,2017-10-12,2018-01-09,2017.0
Grisaia Phantom Trigger 03 & 04,Prototype,Prototype,10000,2018-08-02,2018-08-25,2018.0
Undertale,Toby Fox,Toby Fox,10000,2017-08-15,2018-06-06,2017.0
Wand of Fortune R2 FD: Kimi ni Sasageru Epilogue,Idea Factory,Idea Factory,10000,2018-10-04,2018-11-17,2018.0
Kurenai no Homura: Sanada Ninpou Chou,Idea Factory,Idea Factory,10000,2018-06-26,2018-08-12,2018.0
Maitetsu: Pure Station,Yeti,Lose,10000,2018-07-26,2018-08-29,2018.0
Tsuihou Senkyo,Nippon Ichi Software,Nippon Ichi Software,10000,2017-04-27,2018-09-21,2017.0
Memories Off: Innocent File,MAGES,5pb. Games,10000,2018-03-29,2018-04-07,2018.0
RPG Maker MV,NIS America,Kadokawa Games,10000,2019-03-01,2018-12-23,2019.0
Flowers: Le volume sur hiver,Prototype,Prototype,10000,2018-03-16,2018-03-30,2018.0
Miracle Tunes! Game de Tune Up! Tabun!,FuRyu Corporation,FuRyu,10000,2017-11-09,2017-12-30,2017.0
Fushigi no Chronicle: Furikaerimasen Katsu Madewa,Spike Chunsoft,Spike Chunsoft,10000,2015-07-30,2018-09-21,2015.0
Moujuutsukai to Oujisama: Flower & Snow,Idea Factory,Otomate,10000,2015-06-11,2019-05-15,2015.0
Nil Admirari no Tenbin: Irodori Nadeshiko,Idea Factory,Idea Factory,10000,2018-09-20,2018-10-01,2018.0
Sengoku Hime 7: Sen'un Tsuranuku Guren no Ishi,System Soft Alpha,Gesen 18,10000,2018-10-11,2018-11-07,2018.0
Oretachi no Sekai wa Shimatteiru,RED Entertainment,RED Entertainment,10000,2017-11-09,2017-12-30,2017.0
Kimi no Hitomi ni Hit Me,Entergram,Giga,10000,2018-02-22,2018-03-08,2018.0
One Piece: Unlimited World Red Deluxe Edition,Namco Bandai Games,Ganbarion,10000,2017-08-25,2018-01-08,2017.0
Kunio-kun: The World Classics Collection,Arc System Works,"Million Co., Ltd.",10000,2018-12-20,2018-12-29,2018.0
Iwaihime: Matsuri,Nippon Ichi Software,Nippon Ichi Software,10000,2017-09-07,2018-08-01,2017.0
Closed Nightmare,Nippon Ichi Software,Nippon Ichi Software,10000,2018-07-19,2018-08-25,2018.0
Your Four Knight Princesses Training Story,Nippon Ichi Software,Nippon Ichi Software,10000,2018-03-08,2018-03-25,2018.0
Amaekata wa Kanojo Nari ni.,Entergram,Giga,10000,2017-10-26,2018-01-13,2017.0
Lucky Dog 1,Prototype,Prototype,10000,2018-03-08,2018-03-25,2018.0
Shiro to Kuro no Alice: Twilight Line,Idea Factory,"Kogado Studio, Inc.",10000,2018-11-15,2018-11-22,2018.0
Darius Burst: Chronicle Saviours,Kadokawa Games,Pyramid,10000,2017-03-30,2018-09-21,2017.0
Cafe Cuillere,Takuyo,Takuyo,10000,2018-01-01,2018-06-24,2018.0
Kamidanomi Shisugite Ore no Mirai ga Yabai.,Entergram,Entergram,10000,2017-11-22,2017-12-30,2017.0
Koshotengai no Hashihime Noma,Dramatic Create,ADELTA,10000,2018-09-27,2018-10-09,2018.0
Saiaku Naru Saiyaku Ningen ni Sasagu,Kemco,Kemco,10000,2018-08-23,2018-09-26,2018.0
Amatsutsumi,Prototype,Prototype,10000,2018-05-17,2018-06-04,2018.0
Dynamic Chord feat. Apple-Polisher: V Edition,honeybee,honeybee,10000,2018-06-28,2018-08-12,2018.0
Happy Manager: Shiawase Zhuang no Kanrinin San,D3 Publisher,D3 Publisher,10000,2018-01-11,2018-03-14,2018.0
Dance with Devils: My Carol,Rejet,Rejet,10000,2018-03-22,2018-04-06,2018.0
World End Syndrome,Arc System Works,Arc System Works,10000,2019-05-02,2019-04-03,2019.0
Sweet Pool,Dramatic Create,Dramatic Create,10000,2018-05-31,2018-06-24,2018.0
Nari Kids Park: Ultraman R/B,Bandai Namco Games,Bandai Namco Games,0,2018-11-21,2018-12-19,2018.0
Dynasty Warriors 8: Empires,Tecmo Koei,Koei Tecmo Games,0,2017-11-09,2018-07-31,2017.0
Daitoshokan no Hitsujikai: Library Party,Aria,August,0,2018-07-26,2018-08-30,2018.0
Cendrillon palikA,Idea Factory,Otomate,0,2018-10-25,2018-11-07,2018.0
Dynamic Chord feat. Kyohso: V Edition,honeybee,Unknown,0,2017-03-30,2018-02-21,2017.0
Samurai Warriors: Sanada Maru,Tecmo Koei,Omega Force,0,2017-11-09,2018-07-09,2017.0
Sanzen Sekai Yuugi: Re Multi Universe Myself,Dramatic Create,girls dynamics,0,2018-09-27,2018-10-09,2018.0
Clannad,Prototype,Prototype,0,2018-06-14,2019-03-22,2018.0
Hakuoki: Shinkai - Fuukaden,Idea Factory,Idea Factory,0,2018-09-06,2018-09-26,2018.0
Beniiro Tenjou Ayakashi Kitan Futaai,Dramatic Create,Dramatic Create,0,2018-11-29,2019-01-05,2018.0
Shin Megami Tensei IV Double Hero Pack,Atlus,Atlus,0,2018-04-19,2018-03-01,2018.0
Game Tengoku: CruisinMix,Chara-ani,Chara-ani,0,2017-11-30,2018-01-05,2017.0
Floral Flowlove,Entergram,Entergram,0,2018-08-23,2018-09-26,2018.0
Usotsuki Shangri-La,Rejet,Rejet,0,2017-11-30,2018-01-05,2017.0
Dillon's Dead-Heat Breakers,Nintendo,Nintendo,0,2018-04-26,2018-05-20,2018.0
Crayon Shin-Chan Gekiatsu! Oden Wa ~ Rudo Dai Konran!!,FuRyu Corporation,FuRyu,0,2017-11-30,2018-01-07,2017.0
Iwaihime: Matsuri,Nippon Ichi Software,Nippon Ichi Software,0,2017-09-07,2018-08-01,2017.0
RepKiss,Entergram,Entergram,0,2017-04-13,2018-09-21,2017.0
Natsuiro Kokoro Log,Dramatic Create,Dramatic Create,0,2018-04-26,2018-04-03,2018.0
Ninki Seiyuu no Tsukurikata,Entergram,Entergram,0,2018-01-25,2018-03-24,2018.0
"Nora, Princess, and Stray Cat",Harukaze,Harukaze,0,2018-10-25,2018-11-07,2018.0
D.S.: Dal Segno,Entergram,Entergram,0,2018-03-22,2018-04-07,2018.0
Hello Lady! Superior Dynamis,Dramatic Create,Dramatic Create,0,2018-01-25,2018-03-02,2018.0
Fujiko F. Fujio Characters: Great Assembly! Slightly Fantastic Slapstick Party,Namco Bandai Games,Namco Bandai Games,0,2020-12-31,2018-04-09,2020.0
War Thunder,DMM Games,DMM Games,0,2017-04-27,2018-09-21,2017.0
Aokana: Four Rhythm Across the Blue,Sprite,Sprite,0,2020-08-21,2018-04-07,2020.0
Kobayashi ga Kawai Sugite Tsurai!! Game Demo Kyun Moe Max ga Tomara Nai,Happinet,Happinet,0,2015-08-27,2018-08-06,2015.0
Boku to Nurse no Kenshuu Nisshi,Entergram,Entergram,0,2018-08-23,2018-09-26,2018.0
Deemo: The Last Recital,PM Studios,Rayark Inc.,0,2019-01-29,2018-11-07,2019.0
Tsuihou Senkyo,Nippon Ichi Software,Nippon Ichi Software,0,2017-04-27,2018-09-21,2017.0
Kanojo Step,Piacci,Piacci,0,2018-03-21,2018-04-04,2018.0
The Mahjong,D3Publisher,D3Publisher,0,2018-06-23,2018-08-07,2018.0
Closed Nightmare,Nippon Ichi Software,Nippon Ichi Software,0,2018-07-19,2018-08-25,2018.0
Danganronpa 1-2 Reload,Spike Chunsoft,Spike Chunsoft,0,2017-05-18,2018-01-03,2017.0
Ephemeral: Fantasy on Dark,Dramatic Create,Dramatic Create,0,2018-01-18,2018-03-19,2018.0
WorldNeverland: Elnea Kingdom,althi Inc.,althi Inc.,0,2018-03-15,2018-11-07,2018.0
Nari Kids Park: Kaitou Sentai Lupinranger Vs. Keisatsu Sentai Patoranger,Bandai Namco Games,Bandai Namco Games,0,2018-11-21,2018-12-19,2018.0
Seven Days: Anata to Sugosu Nanokakan,Prototype,Prototype,0,2018-07-05,2018-07-20,2018.0
Memories Off: Innocent File,5pb,5pb. Games,0,2018-10-25,2018-11-07,2018.0
Enkan no Memoria: Kakera Tomoshi,Dramatic Create,A'sRing,0,2018-03-29,2018-04-07,2018.0
Island,Prototype,Prototype,0,2018-06-28,2018-08-12,2018.0
Tonari ni Kanojo no Iru Shiawase: Winter Guest,Entergram,Entergram,0,2018-06-28,2018-08-12,2018.0
Go! Princess PreCure Sugar Oukoku to 6-nin no Princess!,Bandai Namco Games,Bandai Namco Games,0,2015-07-30,2018-08-06,2015.0
Fushigi no Chronicle: Furikaerimasen Katsu Madewa,Spike Chunsoft,Spike Chunsoft,0,2015-07-30,2018-09-21,2015.0
