,game_id,game_name,released,tba,age rating,genre,subgenre,owned,numero_plataformas,rating_top,ratings_count,added,metacritic,suggestions_count
0,6961,Grand Theft Auto V,2013-09-17,False,Mature,Action,no,12151.0,12,5,6855,21102,92.0,434
1,6707,The Witcher 3: Wild Hunt,2015-05-18,False,Mature,Action,RPG,12003.0,12,5,6598,20584,92.0,677
2,4681,The Elder Scrolls V: Skyrim,2011-11-11,False,Mature,Action,RPG,9518.0,12,5,4632,15889,94.0,602
3,2619,Destiny 2,2017-09-06,False,Teen,Shooter,Action,10456.0,10,4,2594,13771,82.0,1230
4,3302,Fallout 4,2015-11-09,False,Mature,Action,RPG,8543.0,7,4,3273,13480,84.0,460
5,2749,Cyberpunk 2077,2020-12-10,False,Mature,Shooter,"Action, RPG",6495.0,10,5,2654,12805,73.0,623
6,2056,Warframe,2013-03-25,False,Mature,Shooter,"Massively Multiplayer, Action, RPG",9960.0,13,4,2043,12406,73.0,730
7,3574,Marvel's Spider-Man,2018-09-07,False,Teen,Action,no,4984.0,5,5,3501,10000,87.0,588
8,1944,Control,2019-08-27,False,Mature,Shooter,"Adventure, Action",5186.0,10,4,1897,9189,84.0,385
9,3546,Uncharted 4: A Thief’s End,2016-05-10,False,Teen,Shooter,Action,4748.0,3,5,3512,9155,93.0,675
10,2196,Star Wars Jedi: Fallen Order,2019-11-15,False,Teen,Adventure,Action,5104.0,8,4,2136,9135,80.0,562
11,1916,Hades,2020-09-17,False,Teen,Indie,"Adventure, Action, RPG",4835.0,11,5,1878,8310,93.0,604
12,1486,Tom Clancy's Rainbow Six Siege,2015-12-01,False,Teen,Shooter,Action,5957.0,9,4,1472,7812,75.0,473
13,1633,Metro Exodus,2019-02-13,False,Mature,Shooter,Action,4638.0,9,4,1604,7793,81.0,627
14,1524,No Man's Sky,2016-08-09,False,Teen,Adventure,"Action, RPG, Simulation, Indie, Massively Multiplayer",5475.0,10,4,1512,7684,75.0,760
15,1336,DOOM Eternal,2020-03-20,False,Mature,Shooter,Action,4184.0,9,5,1302,7439,86.0,681
16,1183,Disco Elysium,2019-10-14,False,Mature,Indie,"Adventure, RPG",4735.0,13,5,1165,7374,91.0,629
17,1269,Among Us,2018-07-25,False,Everyone 10+,Casual,"Action, Simulation",5432.0,12,4,1239,7327,82.0,145
18,1235,Elden Ring,2022-02-25,False,Mature,Action,RPG,4297.0,8,5,1198,7146,95.0,578
19,1866,The Last of Us Part II,2020-06-19,False,Mature,Shooter,"Adventure, Action",3253.0,3,5,1781,6954,93.0,622
20,1422,Subnautica,2018-01-23,False,Everyone 10+,Indie,Adventure,4163.0,12,5,1398,6687,83.0,868
21,1471,A Plague Tale: Innocence,2019-05-13,False,Mature,Adventure,Action,3512.0,12,4,1428,6521,82.0,588
22,1513,Devil May Cry 5,2019-03-08,False,Mature,Action,no,3328.0,6,5,1483,6315,88.0,469
23,903,Borderlands 3,2019-09-13,False,Mature,Shooter,"Adventure, Action, RPG",3695.0,11,4,885,5786,83.0,961
24,952,Dead by Daylight,2016-06-14,False,Mature,Action,no,4357.0,12,4,941,5654,72.0,1089
25,1005,Ghost of Tsushima,2020-07-17,False,Mature,Adventure,"Action, RPG",2971.0,5,5,974,5619,83.0,455
26,551,Oddworld: Abe's Oddysee,1997-09-19,False,Teen,Platformer,Action,4620.0,7,4,547,5548,85.0,548
27,1106,Mortal Kombat 11,2019-04-22,False,Mature,Adventure,"Action, Fighting",3734.0,10,4,1090,5420,82.0,479
28,1040,Sea of Thieves,2018-03-20,False,Teen,Massively Multiplayer,"Adventure, Action",4029.0,6,4,1029,5351,68.0,463
29,2147,Resident Evil 2,2019-01-25,False,Mature,Shooter,"Adventure, Action",1512.0,8,5,2117,5157,91.0,528
30,1066,Fortnite Battle Royale,2017-09-26,False,Teen,Shooter,Action,3755.0,13,3,1039,5149,0.0,537
31,791,Final Fantasy VII,2020-04-10,False,Teen,Adventure,"Action, RPG",2929.0,6,5,760,5067,87.0,630
32,1060,Stray,2022-07-19,False,Everyone 10+,Adventure,"Action, Puzzle, Indie, Platformer",2456.0,10,4,1032,5058,82.0,138
33,1449,It Takes Two,2021-03-26,False,Everyone 10+,Platformer,"Adventure, Action",2332.0,10,5,1416,4803,88.0,841
34,630,Deep Rock Galactic,2020-05-13,False,Teen,Indie,Action,3920.0,4,4,618,4797,84.0,543
35,446,Uncharted: Legacy of Thieves Collection,2022-01-28,False,Teen,Adventure,Action,3619.0,6,5,439,4704,0.0,497
36,1036,Gris,2018-12-13,False,Everyone,Indie,"Platformer, Adventure, Puzzle",2527.0,15,5,1015,4628,83.0,281
37,934,Resident Evil: Village,2021-05-07,False,Mature,Adventure,Action,2537.0,10,5,902,4611,83.0,879
38,712,Sniper Elite 4,2017-02-13,False,Mature,Shooter,"Adventure, Action",3475.0,10,4,709,4575,78.0,646
39,853,Marvel's Guardians of the Galaxy,2021-10-26,False,Teen,Shooter,"Adventure, Action",2562.0,11,5,819,4317,0.0,768
40,519,Deathloop,2021-09-14,False,Mature,Action,RPG,2685.0,5,4,507,4286,88.0,550
41,714,Assassin's Creed Valhalla,2020-11-10,False,Mature,Adventure,"Action, RPG",2178.0,9,4,692,4179,82.0,465
42,601,Ghostrunner,2020-10-27,False,Mature,Action,no,2559.0,11,4,587,4084,0.0,427
43,1230,Uncharted: The Lost Legacy,2017-08-22,False,Teen,Adventure,Action,1976.0,3,4,1217,4031,85.0,433
44,843,Marvel's Spider-Man: Miles Morales,2020-11-12,False,Teen,Action,no,2060.0,6,4,819,4024,86.0,1706
45,1040,Genshin Impact,2020-09-28,False,Teen,Adventure,"Action, RPG",2133.0,10,4,1022,3853,83.0,320
46,518,Mass Effect: Legendary Edition,2021-05-14,False,Mature,Shooter,"Adventure, Action, RPG",2355.0,8,5,503,3671,88.0,690
47,648,Baldur's Gate III,2023-08-03,False,Mature,Strategy,"Adventure, RPG",1598.0,7,5,627,3458,97.0,570
48,511,Star Wars: Republic Commando,2005-03-01,False,Teen,Shooter,Action,2390.0,13,4,505,3283,78.0,657
49,466,Quake,1996-06-22,False,Mature,Shooter,Action,2436.0,18,4,461,3180,94.0,471
50,171,MultiVersus,2022-07-26,False,Mature,Action,Fighting,2812.0,7,3,166,3132,0.0,382
51,374,Dying Light 2 Stay Human,2022-02-04,False,Mature,Adventure,"Action, RPG",1482.0,11,4,364,2945,77.0,1171
52,473,Persona 5 Royal,2020-03-31,False,Mature,Adventure,RPG,1569.0,9,5,462,2887,94.0,321
53,674,Hogwarts Legacy,2023-02-10,False,Teen,Action,RPG,955.0,11,4,649,2846,0.0,904
54,306,The Ascent,2021-07-29,False,Mature,Indie,"Adventure, Action, RPG",2194.0,7,3,298,2829,73.0,608
55,218,Splitgate,2019-05-24,False,Mature,Shooter,Action,2512.0,8,4,217,2812,0.0,945
56,505,Inscryption,2021-10-19,False,Mature,Indie,"Strategy, Adventure",1725.0,9,5,492,2786,86.0,139
57,322,Back 4 Blood,2021-10-07,False,Mature,Shooter,Action,2105.0,9,3,313,2717,76.0,559
58,285,Planet Coaster,2016-11-17,False,Everyone,Strategy,Simulation,2176.0,6,4,285,2634,83.0,565
59,427,Crusader Kings III,2020-09-01,False,Mature,Strategy,"RPG, Simulation",1865.0,6,5,420,2620,86.0,240
60,239,DiRT 5,2020-11-05,False,Mature,Racing,Arcade,2170.0,8,4,236,2600,79.0,625
61,363,Wreckfest,2018-06-13,False,Teen,Racing,Arcade,2054.0,13,4,359,2574,79.0,347
62,408,Teenage Mutant Ninja Turtles: Shredder's Revenge,2022-06-16,False,Everyone 10+,Adventure,"Action, Fighting, Casual, Arcade, Indie",1746.0,12,4,400,2562,86.0,284
63,393,Horizon Forbidden West,2022-02-18,False,Teen,Adventure,"Action, RPG",1075.0,5,5,383,2534,86.0,496
64,334,Yakuza: Like a Dragon,2020-01-16,False,Mature,Adventure,"Action, RPG",1516.0,9,5,321,2508,85.0,702
65,388,Watch Dogs: Legion,2020-10-29,False,Mature,Shooter,"Adventure, Action",1145.0,9,3,381,2478,72.0,783
66,413,Far Cry 6,2021-10-07,False,Mature,Shooter,"Adventure, Action",1066.0,9,3,392,2465,75.0,994
67,536,Astro's Playroom,2020-11-12,False,Everyone 10+,Platformer,Action,1690.0,2,5,528,2463,83.0,147
68,320,Tunic,2022-03-16,False,Everyone,Indie,"Adventure, Action",1485.0,11,5,317,2441,86.0,284
69,248,Maneater,2020-05-22,False,Mature,Indie,"Adventure, Action, RPG",1895.0,11,4,246,2435,68.0,524
70,340,Call of Duty: Black Ops Cold War,2020-11-13,False,Mature,Shooter,Action,1603.0,8,4,330,2425,76.0,460
71,615,Beat Saber,2019-05-21,False,Teen,Indie,Action,1586.0,5,5,608,2395,90.0,240
72,504,Little Nightmares II,2021-02-10,False,Teen,Platformer,"Adventure, Action",968.0,11,5,482,2389,82.0,358
73,325,Outriders,2021-04-01,False,Mature,Shooter,"Adventure, Action, RPG",1784.0,9,3,313,2369,73.0,1060
74,374,Death's Door,2021-07-20,False,Everyone 10+,Indie,"Action, RPG",1452.0,9,4,358,2363,0.0,359
75,424,Kena: Bridge of Spirits,2021-09-21,False,Everyone 10+,Shooter,"Adventure, Action, Strategy, Indie",919.0,6,4,410,2317,80.0,927
76,876,Diablo III,2012-05-15,False,Mature,Action,RPG,880.0,12,4,862,2292,88.0,581
77,376,Immortals: Fenyx Rising,2020-12-03,False,Mature,Adventure,"Action, RPG",1083.0,10,4,361,2221,78.0,449
78,389,A Plague Tale: Requiem,2022-10-17,False,Mature,Adventure,Action,938.0,9,5,371,2170,0.0,306
79,334,Hitman 3,2021-01-20,False,Mature,Shooter,"Adventure, Action",1072.0,11,4,326,2165,83.0,228
80,451,Unpacking,2021-11-02,False,Mature,Casual,no,1385.0,11,4,442,2134,84.0,84
81,569,Twelve Minutes,2021-08-19,False,Mature,Indie,"Adventure, Action",994.0,9,4,554,2121,69.0,213
83,54,Hellpoint,2020-07-30,False,Mature,Indie,"Adventure, Action, RPG",1845.0,12,3,51,2095,61.0,490
84,285,Battlefield 2042,2021-11-12,False,Mature,Casual,"Shooter, Adventure, Action",1486.0,9,3,279,1995,0.0,355
85,405,The Medium,2021-01-28,False,Mature,Adventure,Action,1076.0,8,4,390,1992,74.0,528
86,596,Disco Elysium: Final Cut,2021-03-30,False,Mature,Adventure,RPG,643.0,14,5,581,1979,90.0,769
87,348,Cult of the Lamb,2022-08-11,False,Mature,Indie,"Strategy, Adventure, Action",1105.0,9,4,340,1968,0.0,213
88,301,FINAL FANTASY XIV: A Realm Reborn,2013-08-27,False,Mature,Massively Multiplayer,RPG,1518.0,7,4,296,1968,83.0,665
89,324,Overwatch 2,2022-10-04,False,Teen,Shooter,"Massively Multiplayer, Action",1354.0,9,3,314,1940,78.0,511
90,194,Lego Star Wars: The Skywalker Saga,2022-04-05,False,Everyone 10+,Platformer,"Adventure, Action",1300.0,8,4,189,1918,80.0,330
91,185,Black Book,2021-08-10,False,Everyone 10+,Indie,"Strategy, Adventure, RPG",1365.0,13,4,176,1911,78.0,225
92,221,High on Life,2022-12-13,False,Mature,Shooter,"Adventure, Action",1279.0,6,4,212,1909,0.0,471
93,289,Ghostwire: Tokyo,2022-03-24,False,Rating Pending,Action,no,807.0,7,4,279,1903,78.0,495
94,115,Vampire: The Masquerade - Bloodhunt,2021-09-07,False,Mature,Action,no,1650.0,3,3,112,1895,0.0,670
95,273,Grounded,2022-09-27,False,Teen,Indie,Adventure,1280.0,6,4,270,1892,82.0,273
96,298,Subnautica: Below Zero,2021-05-14,False,Everyone 10+,Indie,Adventure,1144.0,12,4,294,1875,80.0,347
97,358,Ratchet & Clank: Rift Apart,2021-06-11,False,Everyone 10+,Adventure,Action,887.0,5,5,342,1867,88.0,895
98,536,Atomic Heart,2023-02-21,False,Mature,Shooter,"Adventure, Action",439.0,7,4,508,1830,73.0,665
99,274,Mount & Blade II: Bannerlord,2022-10-25,False,Mature,Strategy,"Action, RPG, Simulation",1070.0,8,5,265,1789,78.0,393
100,306,The Stanley Parable: Ultra Deluxe,2022-04-27,False,Mature,Casual,"Indie, Adventure",1034.0,9,5,297,1783,90.0,38
101,504,God of War: Ragnarök,2022-11-09,False,Mature,Action,no,277.0,3,5,482,1780,0.0,515
102,216,Call of the Sea,2020-12-08,False,Mature,Casual,"Indie, Adventure, Puzzle",1233.0,10,4,210,1775,77.0,356
103,226,Tony Hawk's Pro Skater 1 + 2,2020-09-04,False,Teen,Arcade,Sports,1177.0,11,5,222,1773,88.0,301
104,202,Scarlet Nexus,2021-06-25,False,Teen,Adventure,"Action, RPG",1158.0,8,4,196,1750,79.0,1059
105,238,Biomutant,2021-05-25,False,Teen,Action,RPG,823.0,11,3,228,1731,69.0,482
106,158,Outward Definitive Edition,2019-03-25,False,Mature,Adventure,Action,1352.0,12,4,157,1712,65.0,346
107,107,Worms Rumble,2020-12-01,False,Mature,Shooter,"Action, Casual, Strategy, Indie, Platformer",1513.0,7,3,104,1711,67.0,844
108,277,Returnal,2021-04-30,False,Mature,Shooter,Action,859.0,4,5,266,1692,86.0,247
109,368,Life is Strange: True Colors,2021-09-10,False,Mature,Adventure,Action,797.0,10,4,360,1673,0.0,682
110,193,Crash Bandicoot 4: It’s About Time,2020-10-01,False,Everyone 10+,Platformer,Action,971.0,10,4,187,1656,84.0,470
111,104,The Dark Eye: Chains of Satinav,2012-06-22,False,Mature,Indie,Adventure,1424.0,11,4,104,1650,75.0,683
112,260,FIFA 21,2020-10-06,False,Everyone,Sports,no,1309.0,10,4,258,1626,67.0,537
113,290,The Quarry,2022-06-09,False,Mature,Adventure,Action,889.0,7,4,278,1624,0.0,238
114,429,Resident Evil 4,2023-03-24,False,Mature,Adventure,Action,476.0,7,5,409,1614,0.0,524
115,213,Death Stranding Director's Cut,2021-09-24,False,Mature,Adventure,Action,1021.0,8,5,207,1605,0.0,470
116,272,SnowRunner,2020-04-28,False,Everyone,Racing,no,1080.0,11,4,265,1604,80.0,558
117,331,Control Ultimate Edition,2020-08-27,False,Mature,Shooter,"Adventure, Action",854.0,9,5,323,1561,82.0,526
118,164,Tales of Arise,2021-09-10,False,Teen,Action,RPG,900.0,8,4,158,1543,85.0,1118
119,108,Iron Harvest,2020-08-31,False,Mature,Strategy,Action,1226.0,8,4,106,1540,75.0,639
120,56,Resident Evil Re:Verse,2022-10-28,False,Adults Only,Shooter,Action,1428.0,6,1,55,1539,0.0,453
121,242,The Forgotten City,2021-07-28,False,Teen,Indie,"Adventure, Action, RPG",917.0,11,5,236,1487,87.0,249
122,34,Greak: Memories of Azur,2021-08-16,False,Mature,Indie,"Platformer, Adventure, Action",1315.0,10,4,32,1487,0.0,475
123,311,Sifu,2022-02-08,False,Mature,Action,Fighting,446.0,11,4,303,1487,79.0,135
124,140,PowerWash Simulator,2022-07-14,False,Mature,Casual,"Indie, Simulation",1199.0,6,4,135,1442,0.0,373
125,81,Hell Let Loose,2019-06-06,False,Mature,Strategy,"Indie, Action, Simulation",1232.0,5,4,80,1411,77.0,464
126,171,Metal: Hellsinger,2022-09-15,False,Mature,Shooter,"Adventure, Action",935.0,6,4,167,1394,79.0,275
127,210,Dead Space,2023-01-27,False,Mature,Adventure,Action,496.0,6,5,205,1388,0.0,402
128,154,Sable,2021-09-23,False,Rating Pending,Indie,"Adventure, Action",762.0,10,4,147,1374,74.0,282
129,217,FIFA 22,2021-09-27,False,Everyone,Sports,no,1066.0,9,4,215,1368,76.0,246
130,338,Marvel's Spider-Man Remastered,2020-11-12,False,Teen,Casual,"Adventure, Action",736.0,4,5,328,1362,0.0,883
131,738,The Witcher 3 Wild Hunt - Complete Edition,2016-08-30,False,Mature,Adventure,RPG,302.0,12,5,722,1339,92.0,88
132,218,Road 96,2021-08-16,False,Teen,Indie,"Adventure, Action",793.0,11,4,214,1332,78.0,512
133,213,Teardown,2022-04-21,False,Mature,Strategy,"Indie, Action, Simulation",869.0,3,4,201,1325,80.0,246
134,145,Nioh 2,2020-03-13,False,Mature,Action,no,719.0,5,4,144,1324,85.0,42
135,159,Monster Hunter Rise,2021-03-26,False,Mature,Action,RPG,849.0,8,5,154,1314,87.0,369
136,165,Weird West,2022-03-31,False,Mature,Adventure,"Action, RPG, Simulation, Indie",784.0,9,4,159,1304,77.0,376
137,314,The Dark Pictures Anthology: House of Ashes,2021-10-22,False,Mature,Adventure,Action,666.0,8,4,306,1295,73.0,148
138,185,Insurgency: Sandstorm,2018-12-12,False,Mature,Shooter,Action,1004.0,8,4,184,1292,80.0,326
139,324,The Last of Us Part I,2022-09-02,False,Mature,Shooter,"Adventure, Action",359.0,5,5,313,1283,0.0,567
140,194,The Callisto Protocol,2022-12-01,False,Mature,Adventure,Action,574.0,7,4,183,1282,69.0,527
141,289,Hi-Fi Rush,2023-01-25,False,Teen,Adventure,Action,424.0,4,5,280,1275,0.0,267
142,89,Warhammer: Chaosbane,2019-05-31,False,Mature,Adventure,"Action, RPG",1099.0,9,3,84,1264,70.0,528
143,101,Hot Wheels Unleashed,2021-09-27,False,Mature,Racing,no,1073.0,10,4,100,1263,74.0,192
144,230,The Gardens Between,2018-09-20,False,Everyone 10+,Indie,"Adventure, Puzzle",844.0,12,4,225,1252,79.0,224
145,205,Neon White,2022-06-16,False,Teen,Indie,"Shooter, Adventure, Action",708.0,6,5,202,1251,88.0,253
146,170,Bugsnax,2020-11-12,False,Mature,Casual,"Indie, Adventure, Action",926.0,11,4,167,1247,76.0,472
147,236,Diablo II: Resurrected,2021-09-23,False,Mature,Action,RPG,651.0,9,5,232,1235,80.0,331
148,54,Paradise Killer,2020-09-03,False,Mature,Indie,"Adventure, RPG",1040.0,9,5,54,1231,84.0,244
149,94,Super Animal Royale,2021-08-26,False,Mature,Adventure,"Action, Casual, Indie, Massively Multiplayer",1115.0,10,4,93,1227,0.0,168
150,165,Call of Duty: Modern Warfare II,2022-10-27,False,Adults Only,Shooter,Action,724.0,7,4,162,1223,0.0,535
151,33,Rustler,2021-08-31,False,Mature,Indie,"Adventure, Action",1098.0,9,4,32,1223,62.0,290
152,223,Diablo IV,2023-06-06,False,Mature,Action,RPG,288.0,7,4,214,1215,90.0,546
153,176,Trek to Yomi,2022-05-05,False,Mature,Platformer,"Adventure, Action",784.0,8,3,168,1196,0.0,439
154,150,Dragon Ball Z: Kakarot,2020-01-16,False,Teen,Action,RPG,823.0,9,4,144,1193,74.0,300
155,79,Tribes of Midgard,2021-07-27,False,Mature,Indie,"Adventure, Action",1014.0,6,3,79,1178,72.0,466
156,288,Alan Wake 2,2023-10-27,False,Mature,Action,no,161.0,5,5,275,1177,0.0,513
157,56,Nickelodeon All-Star Brawl,2021-10-05,False,Everyone 10+,Action,Fighting,1026.0,8,3,52,1147,0.0,80
158,96,Sniper Elite 5,2022-05-25,False,Rating Pending,Shooter,"Adventure, Action",805.0,7,4,95,1131,0.0,646
159,101,Knockout City,2021-05-21,False,Everyone 10+,Indie,"Adventure, Action, Sports",937.0,10,4,96,1124,82.0,306
160,134,Nobody Saves the World,2022-01-17,False,Teen,Indie,"Adventure, Action, RPG",805.0,7,4,130,1121,0.0,303
161,142,Bright Memory: Infinite,2021-11-12,False,Mature,Indie,Action,800.0,10,4,136,1114,65.0,670
162,123,Call of Duty: Vanguard,2021-11-05,False,Mature,Shooter,no,743.0,8,4,119,1108,0.0,475
163,145,Grand Theft Auto: San Andreas – The Definitive Edition,2021-11-11,False,Mature,Adventure,Action,883.0,9,3,143,1105,0.0,111
164,85,Chivalry 2,2021-06-08,False,Adults Only,Action,Fighting,835.0,9,4,82,1074,78.0,429
165,44,Endzone - A World Apart,2021-03-18,False,Mature,Strategy,"Indie, Simulation",932.0,5,4,44,1074,0.0,412
166,105,Tiny Tina's Wonderlands,2022-03-25,False,Teen,Shooter,"Adventure, Action, RPG",662.0,9,4,103,1069,0.0,617
167,147,Star Wars Jedi: Survivor,2023-04-27,False,Teen,Adventure,Action,246.0,6,5,139,1059,0.0,415
168,103,System Shock,2023-05-30,False,Mature,Shooter,"Adventure, Action",280.0,9,5,102,1015,78.0,514
169,130,art of rally,2020-09-23,False,Mature,Racing,"Indie, Sports",799.0,12,3,125,1015,78.0,216
170,182,Marvel's Spider-Man 2,2023-10-20,False,Teen,Action,no,201.0,2,5,174,1012,0.0,404
171,154,The Pedestrian,2020-01-29,False,Everyone,Indie,"Platformer, Adventure, Puzzle",662.0,12,4,149,1012,82.0,285
172,180,Deliver Us the Moon,2019-10-09,False,Teen,Indie,"Adventure, Action",734.0,12,4,177,1011,73.0,561
173,96,Aliens: Fireteam Elite,2021-08-23,False,Mature,Shooter,"Action, RPG",793.0,8,3,90,985,69.0,415
174,54,Röki,2020-07-23,False,Mature,Indie,Adventure,759.0,7,4,53,979,79.0,145
175,55,Necromunda: Hired Gun,2021-05-31,False,Mature,Strategy,"Shooter, Adventure, Action",779.0,10,3,51,973,0.0,412
176,188,Lies Of P,2023-09-19,False,Mature,Action,RPG,212.0,10,5,180,972,0.0,322
177,134,The Finals,2023-12-07,False,Mature,Shooter,Action,682.0,4,4,131,957,0.0,217
178,19,Paradise Lost,2021-03-24,False,Mature,Adventure,"Action, RPG, Casual, Indie",828.0,10,4,19,951,63.0,618
179,82,POSTAL Redux,2016-05-20,False,Mature,Shooter,"Indie, Action",840.0,6,4,82,947,54.0,560
180,46,In Sound Mind,2021-09-28,False,Mature,Indie,"Adventure, Action",758.0,9,5,42,945,74.0,265
181,67,The Walking Dead: Saints & Sinners,2020-01-23,False,Mature,Adventure,"Action, RPG, Strategy, Simulation, Indie",739.0,5,4,67,934,80.0,787
182,189,Alan Wake Remastered,2021-10-05,False,Teen,Adventure,Action,364.0,10,4,179,925,0.0,569
183,96,Judgment,2018-12-13,False,Mature,Adventure,Action,643.0,7,5,93,912,82.0,157
184,33,First Class Trouble,2021-11-02,False,Mature,Indie,no,793.0,4,3,33,908,0.0,359
185,450,Valorant,2020-06-02,False,Teen,Shooter,"Strategy, Action",169.0,5,4,444,888,80.0,470
186,77,TOEM,2021-09-16,False,Mature,Casual,"Indie, Adventure",702.0,6,4,75,884,79.0,80
187,48,Pumpkin Jack,2020-10-23,False,Mature,Indie,"Adventure, Action",748.0,12,4,47,883,76.0,274
188,53,Slipstream,2018-05-20,False,Everyone,Casual,"Racing, Indie",737.0,9,4,53,868,74.0,281
189,136,Saints Row: The Third Remastered,2020-05-22,False,Mature,Adventure,Action,502.0,10,4,132,867,73.0,650
190,137,The Artful Escape,2021-09-09,False,Everyone 10+,Indie,"Platformer, Adventure, Action",559.0,8,4,133,860,80.0,184
191,94,Guilty Gear -Strive,2021-06-11,False,Teen,Action,Fighting,618.0,7,5,94,857,85.0,569
192,119,Gotham Knights,2022-10-21,False,Rating Pending,Adventure,"Action, RPG",404.0,5,3,112,856,66.0,577
193,37,Maid of Sker,2020-07-28,False,Mature,Indie,"Adventure, Action",735.0,12,3,35,856,64.0,464
194,111,Need for Speed Unbound,2022-11-29,False,Teen,Racing,Arcade,527.0,5,4,108,855,0.0,226
195,77,Temtem,2020-01-21,False,Everyone 10+,Massively Multiplayer,"Adventure, RPG, Indie",632.0,7,4,77,851,77.0,245
196,137,Sackboy: A Big Adventure,2020-11-12,False,Mature,Platformer,"Adventure, Action",501.0,6,4,134,843,81.0,298
197,112,Pentiment,2022-11-14,False,Mature,Casual,Adventure,464.0,7,5,106,842,0.0,427
198,40,Eldest Souls,2021-07-29,False,Teen,Indie,"Adventure, Action",689.0,10,4,37,838,78.0,303
199,61,Naraka Bladepoint,2021-08-11,False,Teen,Massively Multiplayer,"Adventure, Action, RPG",706.0,7,3,60,834,71.0,702
200,108,Prodeus,2022-09-23,False,Mature,Indie,"Adventure, Action",529.0,12,4,105,829,80.0,490
201,64,Pavlov VR,2017-02-27,False,Mature,Indie,Action,730.0,3,4,64,824,0.0,111
202,121,Chernobylite,2021-07-28,False,Mature,Adventure,"Action, RPG, Simulation, Indie",487.0,10,3,116,819,73.0,347
203,135,Forspoken,2023-01-24,False,Teen,Adventure,Action,247.0,6,1,131,819,64.0,587
204,66,OlliOlli World,2022-02-07,False,Mature,Platformer,"Indie, Action, Sports",595.0,8,4,63,816,0.0,190
205,33,Dreaming Sarah,2014-03-06,False,Mature,Adventure,"Puzzle, Casual, Indie, Platformer",727.0,11,4,33,813,0.0,376
206,36,Industria,2021-09-30,False,Mature,Indie,"Shooter, Adventure, Action",682.0,6,3,34,809,66.0,337
207,87,Evil Genius 2 World Domination,2021-03-30,False,Mature,Strategy,Simulation,616.0,7,4,87,806,77.0,279
208,74,Marvel's Midnight Suns,2022-12-02,False,Teen,Strategy,RPG,422.0,8,4,71,802,0.0,530
209,120,13 Sentinels: Aegis Rim,2019-11-28,False,Teen,Adventure,"RPG, Simulation",419.0,4,5,114,799,86.0,290
210,111,Final Fantasy XVI,2023-06-22,False,Mature,Action,RPG,183.0,3,5,106,798,88.0,556
211,237,Cyberpunk 2077: Phantom Liberty,2023-09-26,False,Mature,Shooter,Action,102.0,6,5,228,787,0.0,60
212,157,Haven,2020-12-03,False,Mature,Adventure,RPG,394.0,11,4,154,782,75.0,241
213,153,Dead Island 2,2023-04-21,False,Mature,Adventure,Action,131.0,9,4,147,776,75.0,557
214,138,Shadow Warrior 3,2022-03-01,False,Mature,Shooter,"Adventure, Action",317.0,8,4,128,773,70.0,611
215,96,Observer: System Redux,2020-11-10,False,Mature,Indie,Adventure,469.0,8,4,93,771,80.0,54
216,43,Them's Fightin' Herds,2020-04-30,False,Mature,Indie,"Action, Fighting",638.0,11,4,40,767,82.0,289
217,66,Lost in Random,2021-09-10,False,Everyone 10+,Indie,"Adventure, Action",489.0,10,4,62,762,78.0,609
219,51,Jurassic World Evolution 2,2021-11-09,False,Teen,Strategy,Simulation,586.0,9,4,51,736,0.0,285
220,31,Disciples: Liberation,2021-10-21,False,Mature,Strategy,RPG,635.0,8,3,29,734,0.0,334
221,123,Terminator: Resistance,2019-11-13,False,Mature,Action,no,439.0,8,4,118,731,54.0,631
222,222,Ghost of Tsushima Director's Cut,2021-08-20,False,Mature,Adventure,"Action, RPG",100.0,6,5,211,726,0.0,514
223,82,Chorus,2021-12-02,False,Teen,Indie,"Shooter, Adventure, Action",501.0,9,4,78,722,76.0,243
224,202,Demon's Souls (2020),2020-11-12,False,Mature,Action,RPG,80.0,2,5,191,721,92.0,564
225,7,Family Man,2020-05-22,False,Mature,Adventure,RPG,679.0,7,3,7,717,0.0,223
226,88,Assassin's Creed Mirage,2023-10-05,False,Adults Only,Action,no,102.0,8,4,86,714,0.0,474
227,97,Godfall,2020-11-12,False,Mature,Action,RPG,411.0,8,3,96,713,60.0,711
228,95,NBA 2K21,2020-09-04,False,Everyone,Simulation,Sports,524.0,11,4,93,702,72.0,39
229,60,F1 2021,2021-07-16,False,Everyone,Racing,"Simulation, Sports",589.0,8,4,60,700,0.0,84
230,110,FAR: Changing Tides,2022-03-01,False,Mature,Indie,"Adventure, Action",402.0,8,4,107,698,0.0,378
231,39,Two Point Campus,2022-08-09,False,Teen,Strategy,"Indie, Simulation",546.0,12,4,39,689,0.0,153
232,98,Somerville,2022-11-15,False,Mature,Adventure,Action,326.0,6,3,95,674,70.0,108
233,90,Overcooked! All You Can Eat,2020-11-12,False,Everyone,Action,"Casual, Strategy, Simulation, Family, Indie",510.0,9,4,88,672,86.0,644
234,79,Aragami 2,2021-09-17,False,Mature,Shooter,"Adventure, Action",464.0,12,4,74,670,68.0,385
235,122,Evil West,2022-11-21,False,Adults Only,Adventure,"Action, RPG",223.0,7,4,116,663,74.0,378
236,35,Edge of Eternity,2018-12-05,False,Mature,Adventure,"Action, RPG, Strategy, Indie",548.0,8,3,34,661,0.0,610
237,84,Oddworld: Soulstorm,2021-04-06,False,Mature,Indie,"Platformer, Adventure, Action",419.0,7,3,82,658,70.0,200
238,85,Sea of Stars,2023-08-28,False,Teen,RPG,no,167.0,9,5,82,649,90.0,444
239,64,Lost Judgment,2021-09-24,False,Mature,Adventure,Action,327.0,8,5,58,643,0.0,431
240,106,Red Dead Online,2018-10-26,False,Mature,Adventure,Action,487.0,9,4,103,637,0.0,333
241,80,eFootball 2022,2021-09-30,False,Everyone,Sports,no,547.0,8,1,79,636,30.0,490
242,107,Doki Doki Literature Club Plus!,2021-06-30,False,Adults Only,Casual,"Indie, Adventure",378.0,12,4,103,633,0.0,232
243,45,We Were Here Expeditions: The FriendShip,2023-09-14,False,Mature,Casual,"Indie, Adventure",486.0,4,4,44,633,0.0,606
244,147,Dredge,2023-03-29,False,Mature,Adventure,RPG,198.0,9,4,144,628,0.0,188
245,75,The Touryst,2019-11-14,False,Everyone,Adventure,Action,472.0,9,4,74,618,82.0,135
246,77,Riders Republic,2021-10-28,False,Teen,Massively Multiplayer,"Action, Sports",426.0,9,4,76,614,78.0,471
247,112,Lake,2021-09-01,False,Mature,Adventure,no,362.0,11,3,110,607,73.0,330
248,114,Battle Brothers,2017-03-23,False,Mature,Strategy,"Indie, RPG",446.0,9,5,111,595,80.0,483
249,56,Record of Lodoss War: Deedlit in Wonder Labyrinth,2021-03-27,False,Teen,Platformer,Action,448.0,9,4,55,590,78.0,475
250,64,DYNASTY WARRIORS 9,2018-02-08,False,Teen,Adventure,Action,526.0,9,1,62,588,65.0,451
251,75,Sherlock Holmes: Chapter One,2021-11-15,False,Mature,Adventure,"Action, Puzzle",225.0,8,4,75,585,74.0,475
252,57,Gran Turismo 7,2022-03-04,False,Mature,Racing,no,351.0,3,4,57,583,84.0,499
253,102,Wo Long: Fallen Dynasty,2023-03-03,False,Rating Pending,Action,no,193.0,6,4,99,579,0.0,280
254,68,Judgment (2019),2019-06-25,False,Mature,Adventure,Action,266.0,6,5,63,576,82.0,502
255,73,Destruction AllStars,2021-02-02,False,Teen,Racing,Action,450.0,2,3,71,573,62.0,263
256,52,Crysis 2 Remastered,2021-10-15,False,Mature,Shooter,Action,421.0,8,4,52,570,0.0,351
257,63,Return to Monkey Island,2022-09-19,False,Teen,Casual,"Adventure, Puzzle",335.0,13,4,62,569,0.0,176
258,95,Maquette,2021-03-02,False,Mature,Indie,"Adventure, Puzzle",357.0,7,3,92,568,70.0,254
259,52,GRID Legends,2022-02-25,False,Everyone 10+,Racing,"Action, Sports",412.0,8,4,52,565,0.0,285
260,53,Crysis 3 Remastered,2021-10-17,False,Mature,Shooter,Action,397.0,8,4,52,564,0.0,274
262,48,Disney Dreamlight Valley,2023-12-05,False,Everyone,Adventure,Simulation,437.0,15,4,48,549,0.0,512
263,40,Farming Simulator 22,2021-11-22,False,Everyone,Simulation,no,433.0,9,4,40,539,0.0,406
264,79,Tinykin,2022-08-29,False,Mature,Indie,"Adventure, Action",365.0,8,4,77,538,0.0,203
265,73,FINAL FANTASY VII REMAKE INTERGRADE,2021-06-10,False,Teen,Adventure,"Action, RPG",333.0,5,5,71,536,0.0,260
266,102,The Pathless,2020-11-12,False,Everyone 10+,Indie,"Adventure, Action",178.0,8,4,100,521,78.0,563
267,83,Steelrising,2022-09-08,False,Teen,Adventure,"Action, RPG",232.0,8,3,79,518,71.0,359
268,35,Cris Tales,2021-07-20,False,Teen,Adventure,"Action, RPG",301.0,12,3,34,517,73.0,143
269,92,Tails of Iron,2021-09-16,False,Mature,Indie,"Adventure, Action, RPG",277.0,10,4,89,515,82.0,290
270,80,Dungeons & Dragons: Dark Alliance,2021-06-21,False,Mature,Action,RPG,402.0,8,3,78,514,56.0,435
271,114,Sally Face,2016-08-16,False,Mature,Indie,"Adventure, Puzzle",302.0,13,5,108,511,0.0,302
272,50,Sonic Frontiers,2022-11-08,False,Everyone 10+,Platformer,"Adventure, Action",272.0,9,4,45,506,0.0,292
273,57,Escape Academy,2022-07-13,False,Mature,Adventure,Puzzle,346.0,8,4,53,504,0.0,326
274,75,Last Stop,2021-07-22,False,Teen,Indie,"Adventure, Action",355.0,10,4,72,492,68.0,161
275,67,F.I.S.T.: Forged In Shadow Torch,2021-09-07,False,Mature,Adventure,Action,213.0,5,4,65,489,76.0,405
276,35,Dragon’s Dogma 2,2024-03-21,False,Mature,Adventure,"Action, RPG",140.0,4,5,33,485,0.0,582
277,50,Rollerdrome,2022-08-16,False,Mature,Shooter,"Indie, Action, Sports",337.0,4,4,48,483,0.0,227
278,46,World War Z: Aftermath,2021-09-21,False,Mature,Shooter,"Arcade, Action",371.0,5,4,44,480,0.0,288
279,135,The Dark Pictures Anthology: The Devil In Me,2022-11-17,False,Adults Only,Adventure,Action,136.0,8,3,132,476,0.0,461
280,68,Ys VIII: Lacrimosa of DANA,2017-09-11,False,Teen,Action,RPG,278.0,11,5,65,474,80.0,336
281,51,Pistol Whip,2019-11-07,False,Mature,Shooter,"Indie, Action",380.0,5,4,51,474,87.0,395
282,15,Black Myth: Wu Kong,2024-08-20,False,Mature,Adventure,"Action, RPG",73.0,5,5,15,468,0.0,529
283,71,Armored Core VI: Fires of Rubicon,2023-08-25,False,Teen,Action,no,129.0,7,5,67,458,0.0,399
284,52,ELEX II,2022-03-01,False,Mature,Action,RPG,269.0,9,4,52,457,0.0,575
285,39,Chained Echoes,2022-12-08,False,Mature,Indie,RPG,274.0,11,5,37,450,89.0,252
286,40,Hood: Outlaws & Legends,2021-05-10,False,Mature,Massively Multiplayer,"Adventure, Action, RPG",270.0,9,3,39,450,64.0,800
287,91,RoboCop: Rogue City,2023-11-02,False,Adults Only,Adventure,Action,89.0,8,4,85,438,0.0,399
288,40,Praey for the Gods,2021-12-14,False,Mature,Adventure,"Action, RPG, Simulation, Indie",275.0,6,3,39,437,54.0,230
289,68,Cyber Shadow,2021-01-26,False,Mature,Platformer,"Indie, Action",259.0,10,4,66,434,80.0,360
290,83,Ender Lilies: Quietus of the Knights,2021-06-22,False,Mature,Platformer,"Indie, Action, RPG",131.0,8,4,73,427,86.0,431
291,51,Tormented Souls,2021-08-26,False,Mature,Adventure,Action,280.0,8,4,49,423,76.0,216
292,40,Oxenfree II: Lost Signals,2023-07-12,False,Teen,Indie,Adventure,76.0,9,4,39,420,0.0,182
293,66,Prince of Persia: The Lost Crown,2024-01-18,False,Mature,Platformer,"Adventure, Action",58.0,10,4,64,419,0.0,358
294,46,Spirit of the North,2019-11-01,False,Everyone,Indie,"Adventure, Puzzle",240.0,10,4,44,414,61.0,538
295,99,Saints Row (2022),2022-08-23,False,Mature,Adventure,Action,71.0,8,1,94,413,0.0,430
296,55,Crisis Core: Final Fantasy VII Reunion,2022-12-13,False,Teen,Adventure,"Action, RPG",172.0,9,5,55,406,0.0,590
297,80,The Invincible,2023-11-06,False,Mature,Indie,"Adventure, Action",70.0,6,4,71,403,0.0,542
298,74,Life is Strange Remastered,2022-02-01,False,Mature,Adventure,Action,218.0,7,4,74,398,0.0,472
299,87,Operation: Tango,2021-06-01,False,Mature,Casual,"Adventure, Action, Puzzle",223.0,9,4,86,396,73.0,266
300,66,Monster Boy and the Cursed Kingdom,2018-12-04,False,Everyone,Indie,"Platformer, Adventure, Action",234.0,10,4,64,394,85.0,536
301,43,Street Fighter 6,2023-06-01,False,Rating Pending,Adventure,"Action, Fighting",190.0,5,5,41,392,0.0,382
302,64,Solar Ash,2021-12-02,False,Mature,Adventure,Action,90.0,7,4,62,389,78.0,48
303,61,Syberia: The World Before,2022-03-18,False,Teen,Adventure,no,73.0,7,4,56,388,80.0,410
304,24,South of the Circle,2020-10-30,False,Mature,Adventure,no,274.0,11,4,23,385,76.0,150
306,54,Suicide Squad: Kill The Justice League,2024-02-02,False,Adults Only,Action,no,52.0,5,1,53,384,0.0,569
307,57,King's Bounty II,2021-08-23,False,Mature,Strategy,RPG,181.0,11,4,55,380,64.0,385
308,73,A Memoir Blue,2022-03-24,False,Teen,Casual,"Indie, Adventure",229.0,9,4,72,378,0.0,259
309,40,Windjammers 2,2022-01-20,False,Everyone,Indie,Sports,307.0,7,4,40,375,78.0,364
310,74,Grand Theft Auto: Vice City – The Definitive Edition,2021-11-11,False,Mature,Racing,"Shooter, Adventure, Action",234.0,10,4,73,374,0.0,109
311,52,Blasphemous II,2023-08-23,False,Mature,Indie,"Platformer, Adventure, Action",86.0,9,5,52,373,0.0,365
312,37,Anno: Mutationem,2022-03-16,False,Mature,Indie,"Adventure, Action, RPG",182.0,4,4,35,366,73.0,476
313,44,Fist of The North Star: Lost Paradise,2018-03-08,False,Mature,Adventure,Action,258.0,3,4,43,358,72.0,407
314,46,Ghostrunner 2,2023-10-26,False,Adults Only,Action,no,96.0,5,4,43,357,0.0,558
315,33,Gungrave: G.O.R.E.,2022-11-22,False,Mature,Adventure,Action,261.0,10,3,32,353,57.0,628
316,28,Eiyuden Chronicle: Rising,2022-05-10,False,Mature,Adventure,"Action, RPG, Strategy, Indie",259.0,10,4,26,352,0.0,598
317,38,NBA 2K22,2021-09-10,False,Mature,Simulation,Sports,294.0,9,4,38,349,0.0,159
318,27,Soulstice,2022-09-19,False,Mature,Adventure,Action,179.0,5,3,27,345,0.0,410
319,68,Enlisted,2021-04-08,False,Mature,Shooter,Action,247.0,5,3,66,342,0.0,513
320,30,Avatar: Frontiers of Pandora,2023-12-07,False,Mature,Adventure,Action,42.0,6,1,30,342,0.0,512
321,102,Jusant,2023-10-30,False,Mature,Indie,"Adventure, Action",50.0,6,4,100,342,0.0,476
322,31,Roller Champions,2022-05-25,False,Mature,Racing,"Action, Sports",277.0,9,3,29,338,0.0,458
323,51,Mortal Kombat 1,2023-09-19,False,Rating Pending,Action,Fighting,105.0,8,4,49,337,0.0,480
324,82,Remnant 2,2023-07-21,False,Mature,Shooter,"Arcade, Action",57.0,7,4,75,336,0.0,298
325,37,F1 22,2022-06-30,False,Everyone,Racing,Sports,273.0,8,4,37,336,0.0,248
326,33,Beyond a Steel Sky,2020-07-15,False,Teen,Adventure,Action,223.0,13,4,31,336,72.0,69
327,46,Martha is Dead,2022-02-24,False,Mature,Adventure,no,153.0,8,4,45,332,67.0,313
328,22,The Outer Worlds: Spacer's Choice Edition,2023-03-07,False,Mature,Shooter,"Adventure, Action, RPG",211.0,6,4,22,332,0.0,608
329,39,WWE 2K22,2022-03-08,False,Teen,Simulation,Sports,261.0,6,4,37,330,0.0,448
330,57,Thymesia,2022-08-18,False,Mature,Action,no,155.0,8,3,54,328,0.0,534
331,54,Lords of the Fallen,2023-10-13,False,Mature,Action,RPG,46.0,6,4,51,326,0.0,643
332,17,The Settlers - New Allies,2023-02-17,False,Everyone 10+,Strategy,no,54.0,8,1,16,320,57.0,361
333,72,Viewfinder,2023-07-18,False,Mature,Indie,Adventure,75.0,3,5,71,319,0.0,130
334,31,A Juggler's Tale,2021-09-29,False,Mature,Indie,"Adventure, Action",210.0,9,4,29,316,73.0,399
335,28,Moonscars,2022-09-27,False,Mature,Adventure,"Action, Fighting, Indie, Platformer",184.0,9,4,27,314,0.0,459
336,47,Pacific Drive,2024-02-21,False,Mature,Racing,"Adventure, Action, Simulation, Indie",81.0,3,4,45,312,0.0,221
337,48,Banishers: Ghosts of New Eden,2024-02-12,False,Teen,Adventure,"Action, RPG",48.0,6,4,47,311,0.0,343
338,32,My Friend Peppa Pig,2021-10-22,False,Mature,Adventure,no,261.0,8,4,31,308,0.0,149
339,22,Stellar Blade,2024-04-26,False,Mature,Indie,Action,77.0,2,5,22,307,0.0,607
340,23,King Arthur: Knight's Tale,2022-04-26,False,Mature,Strategy,RPG,178.0,4,4,23,305,76.0,421
341,24,The Last Spell,2023-03-08,False,Mature,Strategy,"Indie, Action, RPG",194.0,9,5,24,304,82.0,391
342,16,MLB 21: The Show,2021-04-16,False,Mature,Sports,no,276.0,6,4,16,303,0.0,298
343,86,Bramble: The Mountain King,2023-04-27,False,Mature,Indie,Adventure,75.0,7,4,80,302,0.0,254
344,32,Like a Dragon: Ishin!,2023-02-21,False,Adults Only,Adventure,Action,75.0,5,4,32,298,0.0,519
345,52,The Entropy Centre,2022-11-02,False,Mature,Adventure,Puzzle,152.0,7,4,48,297,0.0,143
346,11,Ghostwire: Tokyo - Prelude,2022-03-08,False,Teen,Casual,Adventure,252.0,5,3,10,293,0.0,316
347,30,Recompile,2021-08-19,False,Mature,Indie,"Adventure, Action",227.0,8,3,30,291,61.0,325
348,50,Tom Clancy’s Rainbow Six Extraction,2022-01-20,False,Mature,Shooter,Action,135.0,9,1,48,288,0.0,743
349,48,Life is Strange: Before the Storm Remastered,2022-02-01,False,Mature,Adventure,Action,166.0,7,1,46,286,0.0,411
350,8,"Warhammer 40,000: Space Marine II",2024-09-09,False,Mature,Action,no,40.0,4,5,8,284,0.0,424
351,28,Hunter's Arena: Legends,2020-07-15,False,Mature,Adventure,"Action, RPG, Strategy, Massively Multiplayer",243.0,4,1,27,283,0.0,430
352,43,Alone in the Dark,2024-03-20,False,Mature,Adventure,Action,35.0,7,4,41,279,0.0,395
353,45,Heavenly Bodies,2021-12-07,False,Mature,Adventure,"Action, Simulation",179.0,6,4,45,279,80.0,185
354,49,The Talos Principle 2,2023-11-02,False,Mature,Adventure,Action,76.0,6,5,47,278,0.0,330
355,26,Final Fantasy VII Rebirth,2024-02-29,False,Rating Pending,RPG,no,71.0,2,5,25,277,0.0,372
356,32,Evil Dead: The Game,2022-05-13,False,Mature,Action,no,115.0,9,4,30,274,73.0,224
357,39,Skull & Bones,2024-02-16,False,Mature,Massively Multiplayer,Action,59.0,6,1,38,274,0.0,508
358,15,Wytchwood,2021-12-09,False,Everyone 10+,Casual,"Indie, Adventure, RPG",186.0,8,4,14,273,78.0,246
359,111,The Binding of Isaac: Repentance,2021-03-31,False,Mature,Action,no,58.0,9,5,110,268,0.0,229
360,14,Bridge Constructor: The Walking Dead,2020-11-18,False,Mature,Simulation,Puzzle,192.0,15,3,14,268,72.0,230
361,151,Grand Theft Auto Online,2013-10-01,False,Mature,Shooter,Action,34.0,5,4,147,266,82.0,543
363,46,Persona 3 Reload,2024-02-01,False,Mature,Strategy,"Adventure, Action, RPG",63.0,7,5,43,265,0.0,188
364,23,Lacuna – A Sci-Fi Noir Adventure,2021-05-20,False,Mature,Indie,Adventure,167.0,8,4,22,265,0.0,326
365,33,Golf Club: Wasteland,2018-06-24,False,Teen,Casual,"Indie, Sports",201.0,13,4,33,264,77.0,563
366,18,Minute of Islands,2021-03-18,False,Mature,Indie,Adventure,168.0,12,4,18,262,0.0,450
367,22,My Time at Sandrock,2022-05-26,False,Mature,Adventure,"RPG, Casual, Simulation, Indie",186.0,12,5,21,261,0.0,416
368,30,Apsulov: End of Gods,2019-08-08,False,Mature,Indie,"Adventure, Action",181.0,6,4,30,257,71.0,380
369,100,Honkai Star Rail,2023-04-26,False,Mature,Adventure,RPG,40.0,4,5,100,256,0.0,135
370,109,Syphon Filter,1999-01-31,False,Teen,Shooter,Action,47.0,4,4,107,255,90.0,347
371,14,Arcade Paradise,2022-08-11,False,Mature,Indie,"Adventure, Simulation",195.0,9,3,14,255,0.0,294
373,12,Demon Turf,2021-11-04,False,Mature,Indie,"Platformer, Adventure, Action",195.0,9,4,11,253,0.0,300
374,19,Destroy All Humans! 2 - Reprobed,2022-08-30,False,Mature,Adventure,Action,137.0,8,4,19,252,0.0,561
375,43,Stranger of Paradise: Final Fantasy Origin,2022-03-18,False,Mature,Adventure,"Action, RPG",93.0,8,4,42,251,0.0,1005
376,25,Asterigos: Curse of the Stars,2022-10-11,False,Mature,Adventure,"Action, RPG",125.0,8,4,25,251,0.0,668
377,42,Beholder 3,2022-03-03,False,Mature,Puzzle,no,151.0,12,3,42,251,0.0,262
378,20,Soul Hackers 2,2022-08-26,False,Mature,RPG,no,136.0,6,4,19,250,0.0,534
379,32,Blacktail,2022-12-15,False,Mature,Adventure,"Action, RPG",116.0,5,4,31,249,0.0,431
380,35,Endling - Extinction is Forever,2022-07-19,False,Teen,Indie,"Adventure, Simulation",106.0,16,4,33,248,0.0,600
381,17,Matchpoint - Tennis Championships,2022-07-07,False,Mature,Simulation,Sports,225.0,8,3,16,247,0.0,305
382,110,Grand Theft Auto: The Trilogy – The Definitive Edition,2021-11-11,False,Mature,Shooter,Action,45.0,11,1,107,243,0.0,480
383,36,Deliver Us Mars,2023-02-02,False,Rating Pending,Indie,"Adventure, Action",79.0,9,3,32,242,0.0,124
384,21,NBA 2K23,2022-09-09,False,Mature,Simulation,Sports,193.0,7,4,21,242,0.0,269
385,29,Alfred Hitchcock – Vertigo,2021-12-16,False,Mature,Adventure,no,149.0,9,4,28,241,0.0,179
386,15,Octopath Traveler 2,2023-02-24,False,Mature,Strategy,no,33.0,7,5,15,237,0.0,280
387,66,The Day Before,2023-12-07,False,Mature,Massively Multiplayer,"Shooter, Adventure, Action",39.0,4,1,65,236,0.0,444
388,55,"Warhammer 40,000: Boltgun",2023-05-22,False,Mature,Indie,Action,76.0,9,4,54,236,0.0,364
389,22,Wild Hearts,2023-02-16,False,Rating Pending,Adventure,Action,67.0,6,3,22,234,0.0,332
390,32,Axiom Verge 2,2021-08-11,False,Teen,Adventure,"Action, Puzzle, Indie, Platformer",123.0,8,5,30,234,76.0,242
391,44,Tekken 8,2024-01-25,False,Mature,Action,Fighting,82.0,5,4,42,232,0.0,647
392,27,Mighty Goose,2021-06-05,False,Mature,Platformer,"Indie, Action",191.0,11,4,27,231,72.0,258
393,60,The Lord of the Rings: Gollum,2023-05-25,False,Mature,Adventure,"Action, RPG",39.0,7,1,59,229,40.0,437
394,47,Werewolf: The Apocalypse - Earthblood,2021-02-04,False,Mature,Adventure,"Action, RPG",117.0,10,1,44,228,52.0,700
395,16,Hello Neighbor 2,2022-12-06,False,Mature,Indie,"Strategy, Adventure, Action",163.0,4,3,17,228,0.0,221
396,25,Demon Slayer -Kimetsu no Yaiba- The Hinokami Chronicles,2021-10-13,False,Teen,Adventure,Action,129.0,9,4,25,225,0.0,376
397,25,No More Heroes 3,2021-08-27,False,Mature,Adventure,Action,54.0,8,4,24,224,74.0,387
398,45,Infernax,2022-02-14,False,Mature,Indie,"Adventure, Action, RPG",130.0,7,4,44,223,83.0,202
399,8,Synth Riders,2018-07-12,False,Mature,Casual,"Indie, Action",207.0,4,5,8,221,86.0,180
400,37,Mundaun,2021-03-15,False,Mature,Indie,"Adventure, Action",97.0,12,5,37,220,73.0,395
401,46,Vampire: The Masquerade – Swansong,2022-05-19,False,Adults Only,Adventure,RPG,44.0,10,4,46,219,64.0,241
402,41,The Expanse: A Telltale Series,2023-07-27,False,Mature,Platformer,"Adventure, RPG",46.0,6,3,38,217,0.0,457
403,41,Hoa,2021-08-24,False,Everyone,Casual,"Platformer, Adventure, Action",107.0,10,4,38,216,70.0,105
404,49,Five Nights at Freddy's: Security Breach,2021-12-16,False,Teen,Indie,"Adventure, Action",125.0,7,4,49,216,64.0,259
405,16,Atelier Ryza 2: Lost Legends & the Secret Fairy,2021-01-26,False,Teen,Adventure,RPG,108.0,6,5,16,216,81.0,703
406,27,Football Manager 2023,2022-11-07,False,Mature,Simulation,Sports,148.0,10,4,27,212,0.0,63
407,4,Dragon Age: Dreadwolf,2024-10-31,False,Mature,RPG,no,19.0,3,0,4,211,0.0,163
408,14,Souldiers,2022-06-02,False,Mature,Platformer,"Adventure, Action",131.0,10,3,14,211,0.0,198
409,20,The King of Fighters XV,2022-02-17,False,Teen,Action,Fighting,154.0,7,4,20,210,0.0,240
410,27,The Last Stand: Aftermath,2021-11-16,False,Rating Pending,Indie,"Shooter, Adventure, Action",122.0,7,4,27,208,0.0,630
411,27,CRSED,2020-12-04,False,Mature,Action,no,157.0,6,3,27,205,0.0,513
412,9,Kitaria Fables,2021-09-02,False,Everyone 10+,Adventure,"Action, RPG",167.0,10,4,9,205,69.0,177
413,62,Indika,2024-05-02,False,Adults Only,Adventure,no,37.0,8,4,56,204,0.0,286
414,17,Granblue Fantasy: Relink,2024-02-01,False,Mature,Adventure,"Action, RPG",34.0,3,4,17,204,0.0,635
415,5,Unknown 9: Awakening,2024-10-18,False,Mature,Adventure,Action,44.0,7,5,5,201,0.0,426
416,27,Payday 3,2023-09-21,False,Mature,Shooter,"Adventure, Action, RPG",58.0,5,3,25,200,0.0,354
417,15,Disney Speedstorm,2023-04-18,False,Mature,Racing,"Adventure, Action, Casual, Simulation, Sports",145.0,10,4,15,199,0.0,386
418,55,The Bookwalker: Thief of Tales,2023-06-22,False,Mature,Indie,Adventure,48.0,7,4,54,198,0.0,525
419,25,Graven,2024-01-23,False,Mature,Shooter,"Adventure, Action, RPG",93.0,8,3,25,196,0.0,525
420,42,Helldivers II,2024-02-08,False,Mature,Action,no,33.0,4,5,41,195,0.0,303
421,46,Tchia,2023-03-21,False,Teen,Adventure,Action,70.0,9,3,42,192,77.0,404
422,38,Horizon Forbidden West - Burning Shores,2023-04-19,False,Teen,Adventure,Action,19.0,4,5,37,192,0.0,369
423,31,Cities: Skylines 2,2023-10-24,False,Everyone 10+,Strategy,Simulation,27.0,4,4,31,192,0.0,276
424,5,Deceive Inc.,2023-03-21,False,Teen,Indie,Action,155.0,5,3,4,192,0.0,286
425,67,TrackMania (2020),2020-07-01,False,Mature,Racing,Massively Multiplayer,49.0,7,4,66,191,74.0,141
426,12,New Tales from the Borderlands,2022-10-21,False,Mature,Adventure,no,104.0,11,1,11,190,0.0,488
427,49,Baldur's Gate: Dark Alliance,2001-12-02,False,Teen,Action,RPG,82.0,18,4,48,190,72.0,935
428,55,Grand Theft Auto III: The Definitive Edition,2021-11-11,False,Mature,Shooter,"Adventure, Action",77.0,8,4,53,189,0.0,292
429,30,Minecraft Legends,2023-04-18,False,Mature,Adventure,no,84.0,8,3,30,188,0.0,209
430,21,KeyWe,2021-08-31,False,Everyone,Casual,Indie,131.0,11,4,20,188,74.0,203
431,6,Chenso Club,2022-09-01,False,Mature,Action,"Casual, Arcade, Indie, Platformer",164.0,7,3,6,188,0.0,268
432,14,Rise of the Ronin,2024-03-22,False,Mature,Action,no,39.0,2,3,11,187,0.0,198
433,19,JoJo's Bizarre Adventure: All-Star Battle R,2022-09-02,False,Mature,Action,Fighting,121.0,9,4,20,186,0.0,469
434,70,Syphon Filter 2,2000-02-29,False,Mature,Shooter,Action,51.0,4,4,69,185,0.0,327
436,35,Age of Wonders 4,2023-05-01,False,Rating Pending,Strategy,no,62.0,7,4,32,185,0.0,545
437,21,Insurmountable,2021-04-28,False,Everyone 10+,Adventure,"Action, Simulation",103.0,11,4,20,185,0.0,416
438,16,Puyo Puyo Tetris 2,2020-12-08,False,Everyone 10+,Casual,"Family, Action, Puzzle",154.0,12,4,16,184,79.0,147
439,34,Bio Inc. Redemption,2018-03-08,False,Teen,Strategy,Simulation,136.0,14,4,33,183,0.0,280
440,24,Balan Wonderworld,2021-03-26,False,Everyone 10+,Action,no,138.0,10,1,24,183,43.0,658
441,0,Silent Hill 2,2024-10-08,False,Mature,Adventure,Action,26.0,4,0,0,183,0.0,437
442,13,Super Monkey Ball: Banana Mania,2021-10-02,False,Mature,Arcade,Action,134.0,8,4,13,182,0.0,272
443,9,Alone in the Dark Prologue,2023-05-26,False,Mature,Adventure,Action,147.0,6,3,9,182,0.0,297
445,12,Potion Permit,2022-09-22,False,Mature,Casual,"Adventure, Action, RPG",103.0,8,3,13,179,0.0,326
446,68,Call of Duty: Warzone 2.0,2022-11-16,False,Mature,Shooter,Action,32.0,7,3,65,178,0.0,292
447,16,Stray Gods: The Roleplaying Musical,2023-08-10,False,Rating Pending,Adventure,RPG,74.0,7,4,15,177,0.0,231
448,38,Devil May Cry 5 Special Edition,2020-11-10,False,Mature,Adventure,Action,93.0,4,5,37,176,86.0,695
449,15,LEMNIS GATE,2021-09-28,False,Mature,Indie,"Shooter, Strategy, Action",134.0,8,4,14,174,77.0,435
450,16,FATAL FRAME: Maiden of Black Water Digital Deluxe Edition,2021-10-27,False,Adults Only,Adventure,Action,98.0,9,4,15,173,0.0,401
451,30,Humanity,2023-05-16,False,Mature,Action,"Puzzle, Casual, Strategy, Indie",69.0,4,4,28,172,84.0,119
452,13,Downward: Enhanced Edition,2017-07-13,False,Everyone 10+,Adventure,Action,135.0,9,3,13,172,77.0,482
453,19,Like a Dragon: Infinite Wealth,2024-01-26,False,Mature,Adventure,"Action, RPG",34.0,7,5,18,171,0.0,232
454,11,Fuga: Melodies of Steel,2021-07-28,False,Teen,RPG,no,127.0,9,4,10,171,0.0,494
455,38,Fort Solis,2023-08-21,False,Teen,Adventure,Action,34.0,4,3,35,170,0.0,202
456,8,No Rest for the Wicked,2024-04-18,False,Mature,Adventure,"Action, RPG",51.0,6,5,8,170,0.0,304
457,7,Deathverse: Let It Die,2022-09-28,False,Teen,Action,no,158.0,4,3,6,170,0.0,648
458,26,MADiSON,2022-07-08,False,Mature,Indie,"Adventure, Action, Simulation",71.0,8,4,25,169,0.0,135
459,23,Remnant II,2023-07-21,False,Mature,Adventure,"Action, RPG",114.0,4,5,23,168,0.0,685
460,18,Season: A Letter to the Future,2023-01-31,False,Mature,Casual,"Indie, Adventure",39.0,4,4,17,167,0.0,331
461,1,Star Wars Outlaws,2024-08-30,False,Mature,Adventure,Action,24.0,3,0,1,167,0.0,600
462,18,RIDE 4,2020-10-05,False,Everyone,Racing,"Simulation, Sports",128.0,8,4,18,167,75.0,310
463,8,MY HERO ULTRA RUMBLE,2023-09-28,False,Mature,Casual,"Massively Multiplayer, Action",147.0,6,1,8,167,0.0,274
464,21,Airborne Kingdom,2020-12-17,False,Mature,Strategy,"Indie, Simulation",93.0,11,4,21,166,76.0,293
465,35,Bomb Rush Cyberfunk,2023-08-18,False,Mature,Indie,"Adventure, Action",33.0,12,5,32,166,0.0,348
466,29,Just Dance 2021,2020-11-12,False,Everyone,Casual,Family,123.0,9,4,29,166,70.0,331
467,22,Shadow Gambit: The Cursed Crew,2023-08-17,False,Mature,Strategy,"Adventure, Action, RPG",36.0,6,5,22,163,0.0,531
468,20,F1 Manager 2022,2022-08-30,False,Everyone,Racing,"Strategy, Simulation",138.0,8,4,20,163,0.0,385
469,18,Valkyrie Elysium,2022-09-29,False,Teen,Action,RPG,73.0,6,4,17,162,0.0,687
470,25,Little Orpheus,2020-06-12,False,Everyone,Casual,"Platformer, Adventure",98.0,10,4,25,162,69.0,169
471,44,Resident Evil 4 - Separate Ways,2023-09-21,False,Mature,Shooter,"Adventure, Action",17.0,5,5,44,160,0.0,99
472,24,The Eternal Cylinder,2021-09-30,False,Mature,Adventure,Action,71.0,9,4,24,159,80.0,223
473,21,Police Simulator: Patrol Officers,2021-06-17,False,Teen,Simulation,no,114.0,10,3,17,159,0.0,217
474,22,Sherlock Holmes The Awakened,2023-04-11,False,Mature,Adventure,no,36.0,8,4,22,157,0.0,532
475,22,One Piece Odyssey,2023-01-13,False,Teen,Action,RPG,59.0,9,4,22,157,0.0,486
476,65,Resident Evil Village - Shadows of Rose,2022-10-28,False,Mature,Action,no,25.0,5,4,63,157,0.0,348
477,16,WRC 9 FIA World Rally Championship,2020-09-04,False,Everyone,Racing,"Simulation, Sports",109.0,10,4,16,156,78.0,323
478,27,Atlas Fallen,2023-08-09,False,Teen,Adventure,"Action, RPG",37.0,6,1,26,154,0.0,323
479,66,FIFA 23,2022-09-27,False,Everyone,Simulation,Sports,32.0,10,4,65,154,0.0,306
480,21,Scars Above,2023-02-27,False,Mature,Adventure,Action,41.0,7,4,20,153,0.0,275
481,12,WRC 10 FIA World Rally Championship,2021-09-02,False,Everyone,Racing,"Simulation, Sports",116.0,8,3,12,152,0.0,415
482,39,EA SPORTS FC 24,2023-09-22,False,Mature,Casual,"Simulation, Sports",77.0,6,4,39,151,0.0,456
483,11,GetsuFumaDen: Undying Moon,2021-05-13,False,Mature,Platformer,"Indie, Action",93.0,6,3,11,150,0.0,499
484,32,Elden Ring: Shadow of the Erdtree,2024-06-21,False,Mature,Action,RPG,28.0,8,5,29,150,0.0,83
485,40,Ape Escape,1999-05-31,False,Everyone,Platformer,no,60.0,4,4,40,149,90.0,362
486,14,LEGO Bricktales,2022-10-12,False,Everyone 10+,Casual,"Adventure, Simulation, Puzzle",83.0,13,3,14,149,0.0,344
487,12,Children of Silentown,2023-01-11,False,Mature,Casual,"Indie, Adventure",77.0,8,4,11,149,76.0,257
488,8,Hell Pie,2022-07-21,False,Mature,Adventure,Action,103.0,8,4,7,148,68.0,550
489,9,Tactics Ogre: Reborn,2022-11-11,False,Teen,Strategy,"Adventure, RPG, Simulation",76.0,7,4,8,146,0.0,193
490,13,Cursed to Golf,2022-08-18,False,Mature,Indie,"Adventure, Action, Sports",82.0,9,3,12,146,0.0,343
491,12,Babylon's Fall,2022-03-03,False,Teen,Action,RPG,78.0,5,1,12,144,44.0,647
492,18,Aliens: Dark Descent,2023-06-19,False,Mature,Strategy,Action,38.0,7,4,16,143,0.0,321
493,11,Sonic Origins,2022-06-23,False,Everyone,Casual,"Platformer, Adventure, Action",96.0,9,4,10,143,0.0,258
494,12,Aeterna Noctis,2021-12-14,False,Mature,Indie,"Platformer, Adventure, Action",93.0,8,3,12,142,0.0,341
495,29,Like a Dragon Gaiden: The Man Who Erased His Name,2023-11-08,False,Adults Only,Adventure,Action,24.0,5,5,29,142,0.0,260
496,11,LEGO 2K Drive,2023-05-18,False,Everyone 10+,Racing,Arcade,91.0,9,3,10,141,0.0,236
497,25,Immortals of Aveum,2023-08-21,False,Mature,Shooter,"Adventure, Action",34.0,5,3,24,140,0.0,495
498,8,Sakura Succubus,2020-03-31,False,Mature,Casual,"Adventure, Simulation",122.0,7,1,8,140,0.0,547
499,8,Madden NFL 22,2021-08-17,False,Mature,Casual,"Strategy, Simulation, Sports",115.0,7,1,8,139,69.0,475
501,21,Salt and Sacrifice,2022-05-10,False,Mature,Platformer,"Action, RPG",44.0,7,3,20,137,0.0,210
502,32,Call of Duty: Modern Warfare III,2023-11-09,False,Mature,Shooter,Action,22.0,7,3,31,137,0.0,609
503,10,KLONOA Phantasy Reverie Series,2022-07-07,False,Mature,Casual,"Platformer, Adventure, Action",92.0,8,5,10,136,0.0,188
504,8,Soundfall,2022-05-11,False,Everyone 10+,Adventure,Action,92.0,7,4,9,136,69.0,311
505,34,Kid A Mnesia: Exhibition,2021-11-18,False,Mature,Adventure,no,32.0,3,5,34,136,0.0,0
506,2,DRIFT21 / DRIFTCE,2018-04-25,False,Everyone,Racing,Simulation,131.0,8,0,2,135,0.0,216
507,13,Alex Kidd in Miracle World DX,2021-06-22,False,Everyone,Platformer,"Indie, Action",102.0,9,3,13,135,0.0,192
508,9,Lamentum,2021-08-26,False,Mature,Indie,"Adventure, Action",81.0,10,4,8,134,0.0,402
509,23,Tomb Raider I-III Remastered Starring Lara Croft,2024-02-13,False,Mature,Adventure,Action,40.0,12,4,23,130,0.0,330
510,6,Frostpunk 2,2024-09-20,False,Mature,Simulation,no,22.0,6,5,6,129,0.0,292
511,15,Submerged: Hidden Depths,2020-12-03,False,Mature,Adventure,Action,42.0,8,4,15,129,0.0,587
512,18,Ship of Fools,2022-11-22,False,Mature,Indie,Action,74.0,3,4,18,129,0.0,400
513,8,Kerbal Space Program 2,2023-02-23,False,Mature,Educational,"Indie, Simulation",34.0,7,5,6,127,0.0,221
514,12,Teenage Mutant Ninja Turtles: The Cowabunga Collection,2022-08-30,False,Teen,Arcade,"Adventure, Action",86.0,8,4,12,126,0.0,230
515,22,Unbound: Worlds Apart,2021-07-28,False,Mature,Indie,Adventure,61.0,10,4,22,126,0.0,171
516,8,Silt,2022-06-01,False,Mature,Indie,Adventure,64.0,10,3,8,126,0.0,152
517,13,WWE 2K23,2023-03-16,False,Mature,Fighting,"Simulation, Sports",94.0,7,4,13,126,0.0,257
518,16,River City Girls 2,2022-12-14,False,Everyone 10+,Adventure,"Action, RPG",50.0,8,5,15,126,0.0,220
519,14,Flintlock: The Siege of Dawn,2024-07-17,False,Mature,Adventure,"Action, RPG",13.0,7,4,12,124,0.0,377
520,14,I Saw Black Clouds,2021-03-30,False,Mature,Adventure,no,82.0,12,3,13,124,56.0,409
521,5,Metal Gear Solid Master Collection Vol. 1,2023-10-23,False,Mature,Action,no,24.0,7,1,5,123,0.0,522
522,7,Final Vendetta,2022-06-16,False,Mature,Indie,Action,104.0,10,4,7,123,0.0,276
523,13,Fatal Frame: Maiden of Black Water,2015-10-22,False,Mature,Adventure,Action,66.0,11,4,13,121,67.0,745
524,26,The Chant,2022-11-02,False,Mature,Adventure,Action,47.0,5,4,25,119,0.0,323
525,36,Oceanhorn 2: Knights of the Lost Realm,2019-09-19,False,Everyone 10+,Indie,"Adventure, Action, RPG",23.0,9,4,36,119,70.0,32
526,6,Bang-On Balls: Chronicles,2021-03-03,False,Mature,Casual,"Indie, Action",104.0,9,5,6,119,0.0,180
527,8,Centipede: Recharged,2021-09-28,False,Mature,Arcade,Action,53.0,12,4,9,117,0.0,114
529,4,Monster Truck Championship,2020-10-15,False,Everyone,Racing,"Simulation, Sports",108.0,7,0,4,116,69.0,277
530,25,Life is Strange Remastered Collection,2022-02-01,False,Mature,Adventure,no,43.0,8,5,24,116,0.0,436
532,1,The Plucky Squire,2024-09-17,False,Mature,Indie,Adventure,10.0,6,0,1,116,0.0,310
533,22,White Shadows,2021-12-07,False,Mature,Indie,"Platformer, Adventure",51.0,7,4,22,115,0.0,246
534,21,Wanted: Dead,2023-02-14,False,Mature,Shooter,"Adventure, Action",29.0,8,1,20,115,0.0,563
535,11,Dakar Desert Rally,2022-10-04,False,Everyone,Racing,no,42.0,8,3,11,113,0.0,373
536,6,Wildcat Gun Machine,2022-05-04,False,Mature,Indie,Action,53.0,10,3,6,113,0.0,408
537,19,I Was a Teenage Exocolonist,2022-08-24,False,Mature,Card,"Indie, RPG, Simulation",55.0,10,5,19,113,0.0,435
538,33,Know by Heart,2022-02-09,False,Mature,Indie,Adventure,15.0,9,4,29,113,65.0,162
539,9,Godfall Ultimate Edition,2022-04-07,False,Mature,Adventure,Action,93.0,7,4,8,113,0.0,703
540,9,Persona 5 Tactica,2023-11-16,False,Mature,Strategy,"Action, RPG",23.0,7,4,9,113,0.0,506
541,28,Gylt,2019-11-19,False,Mature,Indie,"Adventure, Action, Puzzle",29.0,11,4,26,111,0.0,247
542,4,Crash Drive 3,2021-07-08,False,Everyone,Casual,"Racing, Indie, Action",102.0,11,0,4,110,0.0,223
543,39,FINAL FANTASY XIV: Endwalker,2021-12-07,False,Teen,Massively Multiplayer,RPG,25.0,5,5,39,109,0.0,451
544,31,Silent Hill: The Short Message,2024-02-01,False,Mature,Action,no,41.0,2,4,30,109,0.0,176
545,25,Layers of Fears,2023-06-15,False,Mature,Adventure,no,13.0,9,4,24,109,0.0,254
547,19,Exoprimal,2023-07-14,False,Mature,Shooter,Action,45.0,7,3,16,107,0.0,622
548,30,Tactics Ogre: Let Us Cling Together,1995-10-06,False,Teen,Strategy,no,30.0,9,5,30,107,87.0,619
549,5,Redout 2,2022-06-16,False,Mature,Racing,"Action, Sports",63.0,8,3,5,107,0.0,331
550,10,Eiyuden Chronicle: Hundred Heroes,2024-04-23,False,Mature,Adventure,"Action, RPG, Strategy, Indie",20.0,7,4,9,106,0.0,421
551,9,Bloodshore,2021-11-03,False,Mature,Casual,"Indie, Adventure, Action",86.0,11,3,9,105,0.0,216
552,4,Tesla Force,2020-02-20,False,Teen,Shooter,"Adventure, Action, RPG, Arcade, Indie",93.0,11,0,4,104,0.0,644
553,15,Under The Waves,2023-08-28,False,Mature,Indie,"Adventure, Action",20.0,7,4,14,103,0.0,296
554,15,FORECLOSED,2021-08-12,False,Mature,Indie,"Adventure, Action",66.0,11,3,15,101,0.0,271
555,4,Saturnalia,2022-10-27,False,Mature,Adventure,no,37.0,9,0,4,101,0.0,447
556,19,Kao the Kangaroo (2022),2022-05-27,False,Everyone 10+,Platformer,Action,26.0,10,4,17,100,0.0,328
557,15,Horizon Call of the Mountain,2023-02-22,False,Rating Pending,Adventure,no,32.0,2,4,15,99,0.0,407
558,11,Meet Your Maker,2023-04-04,False,Mature,Shooter,"Strategy, Action",60.0,6,3,10,99,0.0,568
559,9,Legends of Talia: Arcadia,2017-10-27,False,Mature,Simulation,no,85.0,7,1,9,99,0.0,547
560,2,Assassin's Creed Shadows,2024-11-15,False,Rating Pending,Adventure,Action,12.0,6,0,2,99,0.0,286
561,15,The Crew: Motorfest,2023-09-14,False,Teen,Racing,Arcade,32.0,8,4,15,99,0.0,184
562,44,Mortal Kombat 11 Ultimate,2020-11-17,False,Mature,Action,Fighting,21.0,10,4,44,97,89.0,732
563,39,The Matrix Awakens,2021-12-05,False,Mature,Shooter,no,17.0,3,4,39,95,0.0,437
564,8,Live A Live Remaster,2022-07-22,False,Rating Pending,RPG,no,15.0,7,4,8,95,0.0,236
565,4,The Hand of Merlin,2022-06-14,False,Mature,Strategy,"Indie, RPG",69.0,10,0,3,95,0.0,366
566,16,"Warhammer 40,000: Shootas, Blood & Teef",2022-10-20,False,Mature,Adventure,Action,50.0,10,4,16,95,0.0,694
567,18,Nobody Wants to Die,2024-07-16,False,Mature,Adventure,no,12.0,7,4,17,95,0.0,288
569,13,A Musical Story,2022-03-03,False,Mature,Casual,"Indie, Adventure",67.0,16,1,13,94,0.0,130
570,7,Circus Electrique,2022-09-06,False,Mature,Strategy,"Indie, RPG",33.0,9,4,6,93,0.0,425
571,24,God of War Ragnarok: Valhalla,2023-12-12,False,Mature,Action,no,13.0,3,4,22,93,0.0,51
572,14,Horizon Forbidden West Complete Edition,2023-10-06,False,Teen,Adventure,"Action, RPG",41.0,5,5,14,93,0.0,270
573,5,Astral Ascent,2022-04-12,False,Mature,Indie,"Platformer, Adventure, Action",41.0,8,4,5,93,0.0,134
574,1,The DioField Chronicle,2022-09-22,False,Teen,Strategy,RPG,39.0,9,0,1,93,0.0,392
575,10,Sonic Superstars,2023-10-16,False,Everyone,Platformer,Action,19.0,9,4,10,92,0.0,189
576,3,What Lies in the Multiverse,2022-03-04,False,Mature,Casual,"Indie, Platformer, Adventure",77.0,11,0,3,91,0.0,271
577,14,Gnosia,2021-03-04,False,Mature,Adventure,RPG,53.0,11,4,14,91,82.0,233
578,8,Eternights,2023-09-12,False,Mature,Adventure,"Action, RPG, Casual, Indie",22.0,6,4,8,91,0.0,357
579,5,Firegirl: Hack 'n Splash Rescue,2021-12-13,False,Mature,Action,no,74.0,9,3,5,90,0.0,340
580,1,Donuts'n'Justice,2016-11-22,False,Mature,Indie,"Shooter, Arcade, Action",86.0,8,0,1,90,0.0,457
581,23,Goat Simulator 3,2022-11-17,False,Teen,Casual,"Adventure, Action, Simulation",21.0,7,4,23,90,0.0,494
582,16,House Flipper 2,2023-12-14,False,Mature,Casual,"Indie, Simulation",30.0,4,4,14,90,0.0,226
583,8,Dolmen,2022-05-20,False,Teen,Indie,"Adventure, Action, RPG",66.0,6,3,8,89,57.0,445
584,34,Atomic Heart: Annihilation Instinct,2023-08-02,False,Mature,Shooter,"Adventure, Action, RPG",11.0,7,4,32,89,0.0,563
586,11,Jett: The Far Shore,2021-10-06,False,Everyone,Adventure,Action,33.0,6,1,11,88,65.0,127
587,4,Wanderer,2022-01-27,False,Mature,Indie,"Adventure, Action",68.0,4,0,4,88,0.0,324
588,10,Isonzo,2022-09-13,False,Mature,Shooter,"Action, Strategy, Simulation, Indie, Massively Multiplayer",57.0,7,3,10,87,0.0,566
589,6,Conway: Disappearance at Dahlia View,2021-11-02,False,Mature,Adventure,no,44.0,9,4,4,87,0.0,224
590,4,The Knight Witch,2022-11-29,False,Mature,Indie,"Platformer, Adventure, Action",48.0,8,0,4,85,0.0,285
591,8,Divine Knockout,2022-12-06,False,Mature,Action,Fighting,30.0,8,4,8,84,0.0,516
592,17,The Last of Us Part II Remastered,2024-01-19,False,Mature,Adventure,Action,9.0,1,5,17,83,0.0,343
593,11,Just Dance 2022,2021-11-04,False,Everyone,Casual,Simulation,63.0,8,4,11,82,0.0,283
594,4,Stranded: Alien Dawn,2022-10-12,False,Mature,Strategy,Simulation,46.0,7,0,4,82,0.0,454
596,15,F1 23,2023-06-15,False,Everyone,Racing,"Simulation, Sports",46.0,7,4,15,81,0.0,247
597,3,Test Drive Unlimited Solar Crown,2024-09-12,False,Mature,Racing,no,13.0,6,0,3,80,0.0,254
598,7,The Smurfs - Mission Vileaf,2021-10-26,False,Everyone,Adventure,Action,62.0,11,4,7,80,0.0,202
599,12,Crime Boss: Rockay City,2023-03-28,False,Mature,Shooter,Action,21.0,6,1,11,80,0.0,565
600,7,SUPER CHICKEN JUMPER,2021-09-24,False,Mature,Casual,"Indie, Adventure, Action",70.0,7,4,7,79,0.0,126
601,6,Broken Pieces,2022-09-08,False,Mature,Indie,"Adventure, Action",49.0,8,3,5,78,64.0,482
602,17,The Texas Chain Saw Massacre,2023-08-18,False,Mature,Indie,Action,36.0,7,4,15,78,0.0,275
603,10,Goodbye Volcano High,2023-08-29,False,Mature,Indie,Adventure,13.0,4,4,9,78,0.0,408
604,8,DreadOut 2,2020-02-21,False,Mature,Adventure,Action,54.0,10,4,8,77,0.0,244
605,10,Another Crab's Treasure,2024-04-25,False,Mature,Indie,"Adventure, Action",21.0,5,4,10,77,0.0,230
606,7,Teacup,2021-09-23,False,Mature,Casual,"Indie, Adventure",57.0,7,4,7,77,0.0,195
607,12,Ember Knights,2022-04-20,False,Mature,Adventure,"Action, RPG",56.0,6,4,12,76,0.0,478
608,17,Coffee Talk Episode 2: Hibiscus & Butterfly,2023-04-20,False,Teen,Casual,"Indie, Adventure, Simulation",21.0,10,4,16,75,0.0,158
610,9,Voyage,2021-02-19,False,Mature,Indie,Adventure,26.0,7,3,9,74,69.0,245
612,3,Slitterhead,2024-11-08,False,Mature,Action,no,13.0,3,0,1,74,0.0,166
613,6,After Us,2023-05-23,False,Teen,Platformer,Adventure,14.0,5,3,6,74,0.0,254
614,27,The Elder Scrolls V: Skyrim Anniversary Edition,2021-11-11,False,Mature,Adventure,"Action, RPG",15.0,8,5,27,72,0.0,508
615,13,Valiant Hearts: Coming Home,2023-01-31,False,Teen,Platformer,Adventure,9.0,9,4,13,72,0.0,562
616,12,Star Ocean: The Second Story R,2023-11-02,False,Mature,Action,RPG,19.0,5,5,12,71,0.0,448
617,12,Happy's Humble Burger Farm,2021-12-02,False,Mature,Indie,"Adventure, Action, Simulation",54.0,11,5,12,70,0.0,154
618,3,BloodRayne Betrayal: Fresh Bites,2021-09-08,False,Mature,Platformer,Action,49.0,11,0,3,69,0.0,272
619,10,Burnhouse Lane,2022-12-01,False,Mature,Adventure,Action,37.0,11,5,10,68,0.0,263
620,17,Ace Combat 5: The Unsung War,2004-10-21,False,Mature,Simulation,no,16.0,3,5,17,67,84.0,119
621,8,Can't Drive This,2016-09-25,False,Mature,Casual,"Racing, Indie, Puzzle",58.0,11,3,8,67,70.0,272
622,0,The Alters,2024-12-31,False,Mature,Adventure,no,7.0,5,0,0,67,0.0,261
623,9,The Plane Effect,2021-08-12,False,Mature,Casual,"Indie, Adventure",28.0,8,3,8,66,0.0,253
624,12,Fatal Frame: Mask of the Lunar Eclipse,2008-07-31,False,Teen,Adventure,Action,12.0,9,4,12,66,68.0,490
625,6,Summertime Madness,2021-06-17,False,Everyone,Indie,Adventure,40.0,8,3,5,66,66.0,303
626,5,Dungeon Munchies,2019-06-06,False,Teen,Indie,"Adventure, Action",44.0,9,5,4,66,0.0,331
627,13,Ever Forward,2020-08-12,False,Everyone 10+,Casual,"Indie, Strategy, Adventure",42.0,11,3,13,66,65.0,102
629,30,Life is Strange: True Colors - Wavelengths,2021-09-30,False,Mature,Adventure,no,6.0,8,4,30,65,0.0,148
630,2,Sakura Succubus 4,2021-03-01,False,Mature,Simulation,no,52.0,8,0,2,65,0.0,341
631,3,The Legend of Heroes: Trails into Reverie,2023-07-07,False,Mature,Action,RPG,14.0,7,0,3,65,0.0,540
632,13,Cannon Fodder 2,1994-10-31,False,Mature,Arcade,Action,49.0,6,4,13,64,0.0,338
633,3,RiMS Racing,2021-08-19,False,Mature,Racing,"Simulation, Sports",56.0,8,0,3,64,0.0,260
634,10,Ad Infinitum,2023-09-13,False,Mature,Adventure,Action,23.0,5,3,9,64,0.0,422
635,5,Jitsu Squad,2021-02-18,False,Mature,Indie,"Action, Fighting",22.0,5,4,5,64,0.0,453
637,3,Time on Frog Island,2022-07-12,False,Mature,Indie,"Adventure, Puzzle",43.0,8,0,3,63,0.0,374
638,4,DYNASTY WARRIORS 9 Empires,2022-02-15,False,Mature,Strategy,"Action, Simulation",41.0,7,0,4,62,0.0,437
639,11,Assassin's Creed Valhalla: Wrath of the Druids,2021-05-13,False,Mature,Action,no,13.0,5,4,11,62,0.0,0
640,12,Song of Nunu: A League of Legends Story,2023-11-01,False,Everyone 10+,Adventure,Action,9.0,12,4,11,62,0.0,381
641,6,PAC-MAN WORLD Re-PAC,2022-08-26,False,Everyone,Racing,"Adventure, Action",47.0,7,4,6,62,0.0,410
642,10,Expeditions: A MudRunner Game,2024-03-05,False,Everyone,Racing,Adventure,18.0,11,3,9,62,0.0,165
643,4,PGA TOUR 2K23,2022-10-11,False,Everyone,Simulation,Sports,54.0,6,0,4,62,0.0,399
644,6,Cricket 22,2021-10-31,False,Mature,Simulation,Sports,49.0,8,4,6,61,0.0,284
645,4,Ultros,2024-02-13,False,Mature,Indie,Adventure,12.0,7,0,4,61,0.0,257
646,10,Way of the Hunter,2022-08-16,False,Teen,Shooter,"Adventure, Simulation, Sports",43.0,6,4,10,61,0.0,203
647,11,Clash: Artifacts of Chaos,2023-03-08,False,Teen,Indie,"Adventure, Action",21.0,8,4,11,60,0.0,333
649,5,A Little Lily Princess,2016-05-19,False,Mature,Indie,"Adventure, Simulation",46.0,10,5,5,60,0.0,428
650,5,Atelier Ryza 3: Alchemist of the End & the Secret Key,2023-03-24,False,Teen,Casual,"Adventure, RPG, Simulation",15.0,6,5,5,58,0.0,622
651,10,Unicorn Overlord,2024-03-08,False,Mature,Strategy,RPG,14.0,4,5,9,58,0.0,224
652,12,Hellboy Web of Wyrd,2023-10-18,False,Mature,Indie,"Adventure, Action",16.0,4,1,11,57,0.0,244
653,14,Winter Ember,2022-04-19,False,Adults Only,Strategy,"Adventure, Action",22.0,7,1,14,57,58.0,585
654,6,Clid the snail,2021-12-15,False,Mature,Indie,"Shooter, Adventure, Action",32.0,6,4,5,57,0.0,214
655,10,Daymare 1994: Sandcastle,2023-08-30,False,Mature,Shooter,Action,19.0,7,3,9,56,0.0,283
657,9,Stonefly,2021-05-31,False,Mature,Indie,"Adventure, Action, RPG",28.0,10,3,9,55,0.0,288
658,18,Destiny 2: The Witch Queen,2022-02-23,False,Teen,Shooter,Action,12.0,9,4,17,54,0.0,466
659,10,Seed of Life,2021-08-11,False,Everyone,Adventure,Action,26.0,9,3,10,54,0.0,529
660,5,STAR OCEAN THE DIVINE FORCE,2022-10-27,False,Teen,Action,RPG,47.0,4,4,5,54,0.0,394
661,5,Ghostbusters: Spirits Unleashed,2022-10-18,False,Mature,Action,no,29.0,5,4,5,54,0.0,510
662,8,Outcast 2 — A New Beginning,2024-03-15,False,Mature,Adventure,Action,7.0,5,3,8,53,0.0,250
663,7,Moss: Book II,2022-03-31,False,Everyone 10+,Adventure,Action,34.0,4,4,6,53,0.0,396
664,2,Within the Blade,2017-05-10,False,Mature,Platformer,"Indie, Action",46.0,7,0,2,52,0.0,405
665,4,Beyond Good & Evil - 20th Anniversary Edition,2024-06-24,False,Everyone,Adventure,Action,12.0,7,0,4,52,0.0,59
666,0,Metaphor: ReFantazio,2024-10-11,False,Mature,RPG,no,7.0,4,0,0,51,0.0,218
667,5,The Darkside Detective: A Fumble in the Dark,2021-04-15,False,Mature,Casual,Adventure,9.0,11,5,5,51,0.0,367
668,11,CONVERGENCE: A League of Legends Story,2023-05-23,False,Teen,Platformer,"Adventure, Action",13.0,12,4,11,51,0.0,417
669,1,Override 2: Super Mech League,2020-12-22,False,Teen,Indie,"Action, Fighting",44.0,10,0,1,51,58.0,384
670,30,Ghost of Tsushima - Iki Island,2021-08-20,False,Mature,Adventure,"Action, RPG",7.0,3,4,29,50,0.0,211
671,17,Pursuit Force,2005-11-18,False,Teen,Racing,Action,9.0,4,5,16,50,75.0,59
672,6,Stray Blade,2023-04-19,False,Mature,Adventure,"Action, RPG",13.0,5,3,6,50,0.0,446
673,6,Scathe,2022-08-31,False,Mature,Action,no,25.0,6,1,6,50,61.0,446
674,19,Friday Night Funkin' Character Test Playground Remake,2021-05-14,False,Mature,RPG,no,26.0,7,4,19,49,0.0,39
675,10,Thirsty Suitors,2023-11-02,False,Mature,Adventure,"Action, RPG",8.0,8,4,9,49,0.0,378
676,1,Mr. DRILLER DrillLand (2020),2020-06-24,False,Everyone,Casual,no,40.0,8,0,1,49,0.0,172
677,7,Concept Destruction,2020-05-19,False,Everyone 10+,Racing,"Indie, Action, Simulation",37.0,9,3,7,48,0.0,400
678,4,DRAGON BALL: THE BREAKERS,2022-10-13,False,Teen,Casual,"Adventure, Action",34.0,8,0,4,48,0.0,541
679,1,Will You Snail?,2022-03-09,False,Everyone 10+,Platformer,"Indie, Action",39.0,10,0,1,48,82.0,223
680,6,Teslagrad 2,2023-04-19,False,Mature,Indie,"Platformer, Adventure, Action",30.0,5,4,6,47,0.0,583
681,13,Monster Hunter Rise: Sunbreak,2022-06-30,False,Mature,Action,RPG,11.0,6,5,13,46,0.0,429
682,5,Gravity Circuit,2023-07-13,False,Mature,Indie,Action,16.0,8,4,5,45,89.0,185
683,3,In Rays of the Light,2020-06-04,False,Mature,Adventure,no,34.0,8,0,2,45,0.0,328
684,21,Marvel's Spider-Man: The City that Never Sleeps,2018-12-22,False,Teen,Adventure,no,5.0,2,4,21,45,75.0,167
685,5,Vengeful Guardian: Moonrider,2023-01-11,False,Teen,Platformer,"Indie, Action",26.0,6,4,5,44,0.0,235
686,5,Sailing Era,2023-01-11,False,Mature,Strategy,"Adventure, RPG, Simulation",28.0,7,3,5,44,0.0,292
687,0,Wayward Strand,2022-09-15,False,Mature,Indie,"Adventure, RPG, Simulation",18.0,7,0,0,43,79.0,156
688,8,MotoGP 21,2021-04-22,False,Mature,Racing,"Simulation, Sports",35.0,11,4,8,43,0.0,316
690,3,Maximum Override,2017-03-09,False,Everyone 10+,Shooter,"Action, Casual, Simulation, Indie",38.0,8,0,3,42,0.0,146
691,4,We Are OFK,2022-08-18,False,Mature,Indie,Adventure,17.0,9,0,4,42,0.0,285
692,6,Arcadegeddon,2021-07-08,False,Mature,Shooter,"Adventure, Action",27.0,4,1,6,41,0.0,271
693,9,Destiny 2: Lightfall,2023-02-28,False,Teen,Massively Multiplayer,no,6.0,9,1,8,41,0.0,570
694,5,Star Ocean: The Divine Force,2022-10-27,False,Mature,RPG,no,6.0,6,4,5,41,0.0,77
695,1,Trifox,2022-10-14,False,Everyone 10+,Indie,"Shooter, Adventure, Action",33.0,11,0,1,41,78.0,297
696,3,MotoGP 22,2022-04-21,False,Everyone,Racing,"Simulation, Sports",33.0,7,0,3,41,0.0,340
697,6,Saint Kotar,2021-10-28,False,Mature,Indie,Adventure,21.0,11,3,6,41,0.0,456
698,6,Ghost Trick : Detective Phantom (remastered),2023-06-30,False,Mature,Adventure,Puzzle,4.0,5,5,7,41,0.0,13
699,14,Wild Arms 2 (1999),1999-09-02,False,Everyone,Action,RPG,9.0,4,4,14,40,0.0,259
700,3,Madden NFL 23,2022-08-16,False,Everyone,Simulation,Sports,32.0,7,0,3,40,0.0,196
702,6,Blizzard Arcade Collection,2021-02-19,False,Mature,Racing,"Platformer, Arcade, Puzzle",28.0,7,3,6,39,0.0,284
705,0,Life is Strange: Double Exposure,2024-10-29,False,Mature,Adventure,no,3.0,3,0,0,38,0.0,45
706,8,LocoRoco Midnight Carnival,2009-10-29,False,Everyone 10+,Platformer,Action,20.0,4,4,8,38,73.0,93
707,5,MXGP 2020 - The Official Motocross Videogame,2020-12-16,False,Mature,Racing,"Simulation, Sports",32.0,8,1,5,38,70.0,520
709,7,Jumping Flash! (1995),1995-04-28,False,Everyone,Platformer,Action,14.0,4,4,7,37,0.0,185
710,7,Crow Country,2024-05-09,False,Mature,Indie,Action,7.0,6,5,7,37,0.0,355
711,10,The Last Oricru,2022-10-13,False,Mature,Adventure,"Action, RPG",13.0,4,3,10,37,0.0,412
712,3,Sumatra: Fate of Yandi,2019-05-13,False,Mature,Adventure,Puzzle,29.0,9,0,3,36,0.0,550
713,2,Dustborn,2024-08-20,False,Mature,Adventure,Action,4.0,4,0,2,36,0.0,287
714,7,Agent Intercept,2022-03-30,False,Mature,Racing,Action,22.0,8,4,7,36,75.0,154
715,2,Wolfenstein: Youngblood Deutsche Version,2019-07-25,False,Mature,Shooter,Action,33.0,8,0,2,36,0.0,458
716,15,LEGO Fortnite,2023-12-07,False,Everyone 10+,Adventure,no,11.0,7,4,13,35,0.0,175
717,2,Star Trek: Resurgence,2023-04-30,False,Mature,Adventure,Action,9.0,6,0,2,35,0.0,194
719,1,Catlateral Damage: Remeowstered,2021-09-15,False,Mature,Adventure,"Action, Casual, Simulation, Indie",26.0,9,0,1,34,0.0,50
721,3,Lego Brawls,2022-09-02,False,Everyone 10+,Casual,"Action, Fighting",26.0,9,0,2,34,56.0,402
722,9,Hammerwatch II,2023-08-15,False,Rating Pending,Indie,"Adventure, Action, RPG",15.0,7,4,9,34,0.0,383
723,1,Breakout: Recharged,2022-02-10,False,Mature,Casual,"Arcade, Action",20.0,12,0,1,34,0.0,136
724,9,Contra: Operation Galuga,2024-03-12,False,Mature,Action,no,10.0,6,4,9,34,0.0,0
725,2,NBA 2K24,2023-09-08,False,Everyone,Simulation,Sports,25.0,10,0,2,33,0.0,138
726,14,The Callisto Protocol: Final Transmission,2023-06-29,False,Mature,Shooter,"Adventure, Action",3.0,5,5,14,33,0.0,444
727,7,Oxide Room 104,2022-06-15,False,Mature,Indie,"Adventure, Action",21.0,6,4,6,33,0.0,406
730,4,Double Dragon Gaiden: Rise Of The Dragons,2023-07-27,False,Everyone 10+,Adventure,"Action, Fighting, Casual, Family",12.0,7,0,3,33,0.0,438
731,1,Arkanoid: Eternal Battle,2022-10-27,False,Mature,Indie,"Massively Multiplayer, Action",26.0,7,0,1,32,0.0,261
732,10,Alan Wake 2: Night Springs,2024-06-08,False,Mature,Action,no,4.0,3,4,10,32,0.0,16
734,1,Treasures of the Aegean,2021-11-11,False,Mature,Indie,"Adventure, Action",19.0,7,0,1,31,0.0,58
735,4,SD GUNDAM BATTLE ALLIANCE,2022-08-25,False,Teen,Action,"RPG, Fighting",20.0,8,0,3,31,0.0,113
737,2,Nickelodeon Kart Racers 3: Slime Speedway,2022-10-14,False,Mature,Racing,no,23.0,8,0,2,30,0.0,397
738,6,echochrome,2008-05-01,False,Everyone 10+,Puzzle,no,18.0,4,3,6,30,0.0,47
740,3,A YEAR OF SPRINGS,2021-05-14,False,Teen,Casual,"Indie, Simulation",20.0,8,0,3,30,0.0,57
741,14,I.Q.: Intelligent Qube,1997-01-31,False,Everyone,Puzzle,no,7.0,3,4,14,29,0.0,79
742,2,Lost At Sea,2021-07-14,False,Mature,Indie,Adventure,24.0,7,0,2,29,0.0,192
744,3,LOST EPIC,2021-06-05,False,Mature,Action,RPG,22.0,4,0,2,29,0.0,272
745,4,Vernal Edge,2023-03-14,False,Mature,Platformer,"Adventure, Action, RPG",16.0,6,0,4,29,0.0,496
746,2,Park Beyond,2023-06-15,False,Everyone 10+,Casual,"Strategy, Simulation",9.0,4,0,2,28,0.0,557
747,0,Schim,2024-07-14,False,Mature,Adventure,"Action, Puzzle, Casual, Indie",7.0,8,0,0,28,0.0,154
749,0,Call of Duty: Black Ops 6,2024-10-25,False,Mature,Shooter,no,2.0,3,0,0,28,0.0,410
750,4,Fate/Samurai Remnant,2023-09-28,False,Teen,Action,RPG,8.0,7,0,4,28,0.0,427
751,2,The Centennial Case: A Shijima Story,2022-05-12,False,Teen,Adventure,no,18.0,5,0,2,27,0.0,391
752,4,Crymachina,2023-10-24,False,Teen,Adventure,"Action, RPG",11.0,7,0,4,27,0.0,333
753,7,Skate City,2019-09-19,False,Mature,Action,"Casual, Simulation, Sports, Indie",11.0,14,3,5,26,70.0,167
755,3,Arrog,2019-12-13,False,Everyone 10+,Indie,"Adventure, Puzzle",16.0,8,0,2,26,68.0,58
756,2,Quantum Error,2023-10-31,False,Mature,Shooter,Action,2.0,2,0,1,26,0.0,156
757,1,NASCAR 21: Ignition,2021-10-26,False,Mature,Racing,"Simulation, Sports",24.0,7,0,0,26,0.0,170
758,0,Kombinera,2022-04-07,False,Everyone 10+,Action,Puzzle,12.0,12,0,0,26,0.0,118
759,7,Asterix & Obelix: Slap them All!,2021-11-25,False,Mature,Action,no,6.0,8,1,6,26,0.0,211
760,6,Immortals Fenyx Rising - Myths of the Eastern Realm,2021-03-25,False,Teen,Adventure,Action,9.0,10,4,6,26,0.0,283
761,2,Rocksmith+,2022-09-06,False,Mature,Casual,Simulation,16.0,8,0,2,26,0.0,323
763,9,Assassin's Creed Valhalla - Dawn Of Ragnarok,2022-03-10,False,Mature,Adventure,"Action, RPG",3.0,5,4,9,25,0.0,137
764,0,Indiana Jones and the Great Circle,2024-12-09,False,Rating Pending,Shooter,"Adventure, Action",3.0,5,0,0,25,0.0,140
765,2,Super Stardust Portable,2008-12-04,False,Everyone 10+,Shooter,Action,19.0,4,0,2,24,69.0,222
766,7,Naruto x Boruto: Ultimate Ninja Storm Connections,2023-11-17,False,Teen,Adventure,"Action, Fighting",3.0,6,4,7,24,0.0,69
767,2,UltraGoodness 2,2019-09-01,False,Mature,Indie,"Adventure, Action",23.0,9,0,2,24,0.0,283
768,5,Just Dance 2023 Edition,2022-11-22,False,Mature,Casual,"Family, Sports",14.0,5,4,5,24,0.0,163
769,2,Freddy Spaghetti,2020-03-27,False,Mature,Adventure,"Action, Casual, Simulation, Indie",19.0,8,0,2,24,0.0,390
770,5,Evil Inside,2021-03-25,False,Mature,Indie,"Adventure, Action",16.0,10,1,5,24,44.0,188
771,1,Lollipop Chainsaw RePOP,2024-09-25,False,Mature,Action,no,2.0,4,0,1,24,0.0,59
772,1,Sand Land,2024-04-24,False,Teen,Action,RPG,6.0,6,0,0,23,0.0,217
773,9,Quake (2021),2021-08-19,False,Mature,Shooter,Action,5.0,8,4,8,23,0.0,486
774,5,Outriders Worldslayer,2022-06-28,False,Mature,Shooter,"Action, RPG",7.0,7,4,5,23,0.0,291
775,13,Resident Evil: Maiden (DEMO),2021-01-21,False,Mature,Shooter,"Adventure, Action, Puzzle",5.0,2,4,12,23,0.0,0
777,2,DEADCRAFT,2022-04-21,False,Mature,Action,Simulation,14.0,7,0,2,22,0.0,462
778,2,Monster Energy Supercross - The Official Videogame 4,2021-03-08,False,Mature,Racing,"Arcade, Simulation, Sports",20.0,8,0,2,22,65.0,63
780,2,Curved Space,2021-06-29,False,Everyone 10+,Indie,Action,18.0,9,0,2,22,0.0,315
782,3,Chef Life: A Restaurant Simulator,2023-02-23,False,Mature,Strategy,Simulation,10.0,7,0,3,21,0.0,217
784,2,Enotria: The Last Song,2024-09-19,False,Mature,Action,no,4.0,3,0,2,21,0.0,209
785,3,Infestor,2013-01-17,False,Teen,Adventure,"Action, Puzzle, Casual, Arcade",16.0,10,0,3,21,0.0,506
786,12,Atomic Heart: Trapped in Limbo,2024-02-06,False,Mature,Shooter,Platformer,2.0,8,3,10,21,0.0,45
788,2,Disgaea 6: Defiance of Destiny,2021-06-29,False,Mature,Strategy,RPG,5.0,5,0,2,21,73.0,242
789,5,Aztech: Forgotten Gods,2022-03-10,False,Teen,Platformer,Action,7.0,10,4,5,21,0.0,300
790,1,One Escape,2021-03-26,False,Mature,Casual,"Indie, Adventure, Action",18.0,7,0,1,20,0.0,175
792,0,Rabisco+,2021-05-14,False,Mature,Arcade,"Casual, Adventure",18.0,5,0,0,20,0.0,98
793,0,Relayer,2022-03-24,False,Mature,Strategy,RPG,18.0,3,0,0,20,0.0,0
794,6,F1 Manager 2023,2023-07-31,False,Everyone,Strategy,Simulation,8.0,6,3,6,20,0.0,439
796,0,Slaycation Paradise,2022-08-18,False,Mature,Shooter,"Indie, Action",17.0,8,0,0,20,0.0,591
799,0,EA SPORTS PGA TOUR,2023-04-04,False,Everyone,Simulation,Sports,12.0,5,0,0,19,0.0,211
801,2,Raincode,2023-06-30,False,Mature,Adventure,no,3.0,4,0,2,19,0.0,444
803,2,BLACK BIRD,2018-10-18,False,Mature,Indie,"Action, Simulation",12.0,7,0,2,19,0.0,239
804,1,Thunderflash,2020-03-23,False,Mature,Arcade,"Indie, Adventure, Action",19.0,7,0,1,19,0.0,255
805,1,Blood Bowl 3,2023-02-23,False,Mature,Strategy,Sports,8.0,9,0,1,19,0.0,195
806,2,Jujutsu Kaisen: Cursed Clash,2024-02-02,False,Mature,Action,Fighting,4.0,10,0,2,18,0.0,298
807,6,Assassin's Creed Valhalla - The Siege Of Paris,2021-08-12,False,Mature,Adventure,"Action, RPG",4.0,5,3,6,18,0.0,151
808,1,Nerf Legends,2021-11-18,False,Mature,Action,no,16.0,8,0,1,18,0.0,259
809,0,Kingdom Come: Deliverance II,2025-02-11,False,Adults Only,Adventure,"Action, RPG",1.0,3,0,0,18,0.0,0
810,1,Kunitsu-Gami: Path of the Goddess,2024-07-18,False,Teen,Strategy,Action,4.0,6,0,1,18,0.0,94
811,0,Blackwind,2022-01-20,False,Teen,Indie,"Adventure, Action",11.0,9,0,0,18,0.0,601
813,3,Bo: Path of the Teal Lotus,2024-07-17,False,Mature,Indie,"Adventure, Action",5.0,5,0,3,18,0.0,275
814,2,RetroArch,2010-05-26,False,Mature,Simulation,no,8.0,25,0,2,17,0.0,120
815,4,Session: Skate Sim,2022-09-22,False,Teen,Simulation,no,5.0,5,0,4,17,0.0,0
816,0,Trinity Trigger,2022-09-15,False,Everyone 10+,Action,RPG,8.0,6,0,0,17,0.0,116
817,3,Button City,2021-08-10,False,Mature,Casual,"Indie, Adventure",8.0,8,0,2,17,0.0,144
818,3,FNF - Whitty and Carol test,2021-03-06,False,Mature,Arcade,no,10.0,9,0,3,17,0.0,18
821,7,Quake II: Enhanced Edition,2023-08-10,False,Adults Only,Shooter,Action,3.0,9,5,7,17,0.0,411
822,1,Giraffe and Annika,2020-08-25,False,Mature,Adventure,no,7.0,6,0,1,16,0.0,280
823,7,Kona II: Brume,2023-10-17,False,Teen,Indie,Adventure,1.0,12,3,5,16,0.0,250
824,1,Disgaea 7: Vows of the Virtueless,2023-10-03,False,Mature,Strategy,"Adventure, Action, RPG",4.0,5,0,1,16,0.0,37
826,1,FATAL FRAME: Mask of the Lunar Eclipse Digital Deluxe Edition,2023-03-08,False,Mature,Adventure,no,10.0,9,0,1,16,0.0,522
827,1,Just Dance 2024 Edition,2023-10-24,False,Mature,Casual,no,14.0,5,0,1,15,0.0,20
828,7,The Walking Dead: Destinies,2023-11-17,False,Adults Only,Adventure,Action,472.0,5,1,6,15,0.0,60
829,1,Arcade Spirits: The New Challengers,2022-05-27,False,Mature,Indie,Adventure,11.0,10,0,1,15,0.0,207
830,6,Immortals Fenyx Rising - A New God,2021-01-28,False,Teen,Adventure,"Action, Puzzle",2.0,10,5,6,15,0.0,323
831,1,ONI : Road to be the Mightiest Oni,2023-03-08,False,Mature,Action,no,3.0,5,0,1,15,0.0,394
832,1,Crash Team Rumble,2023-06-20,False,Everyone 10+,Massively Multiplayer,no,6.0,5,0,0,15,0.0,350
833,0,Hellbreachers,2021-03-24,False,Mature,Arcade,"Adventure, Action",13.0,5,0,0,15,0.0,251
834,3,Space Punks,2021-07-14,False,Mature,Shooter,RPG,2.0,4,0,2,15,0.0,287
835,1,OddBallers,2023-01-26,False,Mature,Indie,"Action, Sports",6.0,8,0,1,15,72.0,141
837,0,CrossKrush,2020-10-20,False,Mature,Adventure,"Action, Puzzle, Casual, Arcade, Indie",12.0,7,0,0,15,0.0,140
839,0,DOOM: The Dark Ages,2025-12-01,False,Rating Pending,Action,no,472.0,4,0,0,15,0.0,153
840,4,Foamstars,2024-02-06,False,Teen,Action,no,3.0,2,0,3,14,0.0,177
841,1,Undisputed,2023-01-31,False,Mature,Indie,"Action, Simulation, Sports",11.0,4,0,1,14,0.0,501
843,0,Monochrome Mobius: Rights and Wrongs Forgotten,2022-11-16,False,Mature,RPG,no,8.0,4,0,0,14,0.0,68
844,0,Madden NFL 24,2023-08-17,False,Mature,Strategy,"Simulation, Sports",12.0,7,0,0,14,0.0,297
845,7,Hot Shots Golf 2,1999-07-29,False,Everyone,Simulation,Sports,7.0,4,5,7,14,0.0,141
847,1,The Nioh Collection,2021-02-05,False,Mature,Action,RPG,5.0,2,0,1,13,87.0,299
848,0,Pinkman+,2021-03-12,False,Mature,Platformer,no,11.0,5,0,0,13,0.0,82
849,0,Garfield Lasagna Party,2022-11-10,False,Mature,Adventure,Action,11.0,8,0,0,13,0.0,327
851,1,Tintin Reporter - Cigars of the Pharaoh,2023-11-07,False,Teen,Adventure,Action,4.0,10,0,1,13,0.0,297
852,6,WRC Generations,2022-11-03,False,Mature,Racing,no,3.0,7,4,6,13,0.0,310
855,0,The Casting of Frank Stone,2024-09-03,False,Mature,Adventure,no,1.0,7,0,0,12,0.0,297
857,2,echoshift,2010-02-25,False,Everyone 10+,Puzzle,no,6.0,4,0,2,12,0.0,68
858,2,The Dark Pictures Anthology: Season One,2022-11-18,False,Mature,Adventure,no,3.0,8,0,2,12,0.0,515
859,2,The Walking Dead: Saints & Sinners Chapter 2 Retribution,2022-12-01,False,Mature,Shooter,Action,4.0,4,0,2,12,0.0,379
861,1,Afterdream,2023-09-27,False,Mature,Indie,Adventure,2.0,6,0,1,12,0.0,318
862,4,The Dark Eye: Memoria,2013-08-29,False,Mature,Indie,Adventure,7.0,8,0,4,12,0.0,600
863,0,God of Rock,2023-04-17,False,Mature,Strategy,"Indie, Action, Fighting",4.0,6,0,0,12,0.0,172
865,4,High on Life: High on Knife,2023-10-03,False,Mature,Shooter,"Adventure, Action",1.0,7,0,4,12,0.0,453
866,3,C14 Dating,2016-04-22,False,Mature,Casual,"Indie, Adventure",7.0,10,0,3,11,0.0,574
867,1,Labyrinth of Galleria: The Moon Society,2020-11-26,False,Mature,RPG,no,5.0,6,0,1,11,84.0,407
868,2,UFC 5,2023-10-27,False,Mature,Fighting,Sports,5.0,4,0,2,11,0.0,0
870,4,The Crown of Wu,2023-03-24,False,Mature,Adventure,"Action, Puzzle, Indie, Platformer",5.0,8,0,3,11,0.0,456
872,0,Atelier Marie Remake: The Alchemist of Salburg,2023-07-12,False,Mature,Casual,RPG,3.0,6,0,0,11,0.0,247
873,3,The Dark Pictures: Switchback,2023-03-16,False,Mature,Shooter,Action,3.0,2,0,3,11,0.0,285
874,2,Charon's Staircase,2022-10-27,False,Mature,Indie,Adventure,6.0,7,0,2,11,0.0,326
875,1,Rugby 22,2022-01-27,False,Mature,Simulation,Sports,8.0,6,0,1,11,0.0,50
876,1,BIOHAZARD VILLAGE Z Version,2021-01-22,False,Mature,Action,no,8.0,7,0,1,10,0.0,561
877,4,Immortals Fenyx Rising - The Lost Gods,2021-04-22,False,Teen,Adventure,"Action, Puzzle",3.0,10,0,4,10,0.0,283
879,7,NHL 22,2021-10-12,False,Everyone 10+,Simulation,Sports,3.0,5,4,4,10,0.0,456
880,0,Far Cry 6: Lost Between Worlds,2022-12-06,False,Mature,Adventure,Action,4.0,6,0,0,10,0.0,65
882,0,Klang 2,2021-10-20,False,Mature,Indie,Action,3.0,8,0,0,9,0.0,400
883,4,Final Fantasy VII Remake Episode INTERmission,2021-06-10,False,Mature,Adventure,"Action, RPG",1.0,2,0,4,9,0.0,53
885,3,Morbid: The Lords of Ire,2024-05-17,False,Mature,Indie,"Adventure, Action, RPG",3.0,8,0,3,9,0.0,424
886,4,Shin Nekketsu Kouha: Kunio Tachi no Banka,1994-04-29,False,Everyone 10+,Action,Fighting,472.0,6,0,4,9,68.0,392
887,0,STRYALING (2024),2024-01-31,False,Mature,Shooter,no,2.0,3,0,0,9,0.0,108
888,1,Horse Tales: Emerald Valley Ranch,2022-11-03,False,Mature,Adventure,"Action, Simulation",6.0,5,0,1,9,0.0,326
890,3,Assassin's Creed Valhalla - Wrath Of The Druids,2021-03-13,False,Mature,Adventure,"Action, RPG",2.0,5,0,3,9,0.0,140
891,1,Unplugged,2021-10-21,False,Mature,Casual,"Indie, Simulation",6.0,3,0,1,9,0.0,493
893,1,Dusk Diver 2,2022-01-14,False,Mature,Adventure,"Action, RPG",3.0,5,0,1,9,0.0,258
895,3,Hubris,2022-12-07,False,Mature,Adventure,Action,3.0,4,0,3,8,0.0,578
896,0,Disney Epic Mickey: Rebrushed,2024-09-24,False,Everyone 10+,Adventure,Action,472.0,7,0,0,8,0.0,308
897,2,Darker Skies,2021-08-25,False,Mature,Adventure,Action,5.0,4,0,2,8,0.0,275
899,2,Gargoyles Remastered,2023-10-18,False,Mature,Platformer,"Adventure, Action",2.0,5,0,2,8,0.0,488
902,0,MOBILE SUIT GUNDAM BATTLE OPERATION Code Fairy,2021-11-05,False,Mature,Action,no,7.0,3,0,0,8,0.0,77
903,5,Resident Evil Village - Winters’ Expansion,2022-10-27,False,Mature,Action,no,3.0,7,4,5,8,0.0,610
904,1,Salamander County Public Television,2022-07-29,False,Mature,Action,"Puzzle, Casual, Simulation, Indie",6.0,6,0,1,8,0.0,101
905,3,NHL 23,2022-10-14,False,Everyone 10+,Sports,no,1.0,5,0,3,8,0.0,222
906,0,Concord,2024-08-23,False,Mature,Shooter,Action,4.0,2,0,0,8,0.0,0
907,0,Kingdom of Arcadia,2021-04-14,False,Everyone 10+,Adventure,Action,5.0,7,0,0,7,0.0,267
910,0,Harry Potter: Quidditch Champions,2024-09-03,False,Mature,Arcade,no,472.0,9,0,0,7,0.0,185
912,0,Trails and Traces: The Tomb of Thomas Tew,2019-02-18,False,Mature,Adventure,Puzzle,7.0,8,0,0,7,0.0,294
913,1,Ys X: Nordics,2023-09-27,False,Teen,Action,RPG,2.0,8,0,1,7,0.0,523
914,0,Discovery Tour by Assassin’s Creed: Viking Age,2021-10-19,False,Mature,Adventure,no,1.0,6,0,0,7,0.0,0
915,2,Teenage Mutant Ninja Turtles: Shredder's Revenge - Dimension Shellshock,2023-08-31,False,Mature,Casual,"Adventure, Action, Fighting",1.0,7,0,2,7,0.0,263
916,0,Breakers Collection,2023-01-12,False,Mature,Casual,"Action, Fighting",6.0,7,0,0,7,0.0,211
917,2,Gunborg: Dark Matters,2022-03-03,False,Mature,Platformer,"Indie, Action",1.0,10,0,1,7,0.0,286
918,3,Final Fantasy XVI: Echoes of the Fallen,2023-12-08,False,Mature,RPG,no,1.0,1,0,3,7,0.0,59
920,0,Dead Rising Deluxe Remaster,2024-12-01,False,Adults Only,Adventure,Action,2.0,3,0,0,7,0.0,122
923,0,Fortnite Zero Build: No-Build Battle Royale,2022-03-29,False,Mature,Shooter,Action,2.0,8,0,0,6,0.0,145
924,4,The Elder Scrolls Online: Necrom,2023-06-05,False,Adults Only,Massively Multiplayer,"Adventure, Action, RPG",1.0,8,0,4,6,0.0,383
925,2,JUSTICE SUCKS,2022-09-08,False,Mature,Action,no,3.0,7,0,2,6,78.0,306
926,0,The Legend of Heroes: Trails in the Dark,2021-09-30,False,Mature,Adventure,RPG,1.0,3,0,0,6,0.0,266
928,1,MLB The Show 22,2022-04-01,False,Everyone,Sports,no,2.0,6,0,1,6,0.0,37
931,1,Remnant 2 - The Forgotten Kingdom,2024-04-23,False,Mature,Shooter,"Adventure, Action",1.0,3,0,1,6,0.0,67
932,0,Promenade,2024-02-23,False,Mature,Indie,"Platformer, Adventure",2.0,7,0,0,6,0.0,331
933,1,Kaichu - The Kaiju Dating Sim,2022-09-02,False,Mature,Indie,"Adventure, RPG, Simulation",1.0,12,0,1,6,0.0,196
934,2,BIOMORPH,2024-04-05,False,Mature,Adventure,Action,1.0,5,0,2,6,0.0,490
935,1,The Falconeer: Warrior Edition,2021-08-05,False,Mature,Adventure,Action,472.0,3,0,1,6,0.0,234
937,0,Ladders by POWGI,2021-04-27,False,Mature,Casual,Puzzle,5.0,5,0,0,6,0.0,46
938,0,TT Isle Of Man: Ride on the Edge 3,2023-05-11,False,Everyone,Racing,"Simulation, Sports",5.0,7,0,0,6,0.0,348
941,2,Remnant 2 - The Awakened King,2023-11-14,False,Mature,Shooter,"Arcade, Action",472.0,3,0,2,5,0.0,417
943,1,We Love Katamari + Royal Reverie,2022-06-02,False,Mature,Arcade,no,472.0,6,0,1,5,0.0,175
944,0,Ghostbusters: Spirits Unleashed Ecto Edition,2023-10-19,False,Teen,Adventure,Action,4.0,11,0,0,5,0.0,282
946,1,Bilkins' Folly,2023-10-02,False,Mature,Adventure,no,2.0,4,0,1,5,0.0,22
947,2,Hindsight 20/20 - Wrath of the Raakshasa,2021-09-09,False,Mature,Adventure,"Action, RPG",4.0,9,0,2,5,0.0,425
948,2,Redistributed: Baldi's Web-Based Basics in Education and Learning 1.4.3 Version,2020-03-11,False,Mature,Educational,no,3.0,5,0,2,5,0.0,5
950,0,Mr. Run and Jump,2023-07-25,False,Mature,Platformer,"Indie, Action",5.0,9,0,0,5,0.0,188
951,1,GUNGUNGUN,2017-03-10,False,Mature,Indie,Action,3.0,5,0,1,5,0.0,288
952,0,Flippin Kaktus,2022-05-12,False,Mature,Indie,"Adventure, Action",1.0,7,0,0,5,0.0,287
953,2,Final Fantasy XVI: The Resing Tide,2024-04-18,False,Mature,RPG,no,472.0,1,0,2,5,0.0,17
954,0,The Rumble Fish 2,2005-03-01,False,Teen,Action,Fighting,2.0,11,0,0,4,0.0,150
956,0,Rage of the Dragons,2002-06-06,False,Mature,Arcade,Fighting,1.0,5,0,0,4,0.0,297
957,0,Neptunia ReVerse,2021-06-08,False,Mature,RPG,no,2.0,1,0,0,4,67.0,52
958,0,Desperate: Vladivostok,2022-08-31,False,Mature,Shooter,"Adventure, Action, Fighting, Sports",2.0,3,0,0,4,0.0,209
959,1,MLB The Show 23,2023-03-27,False,Everyone,Sports,no,1.0,5,0,1,4,0.0,0
960,2,Air Twister,2022-06-24,False,Everyone 10+,Shooter,Action,1.0,10,0,1,4,0.0,197
962,0,Doodle Devil: 3volution,2021-03-11,False,Mature,Simulation,Puzzle,4.0,7,0,0,4,0.0,183
965,0,Valkyrie Profile: Lenneth,2022-12-22,False,Teen,RPG,Simulation,1.0,2,0,0,4,0.0,0
966,0,Marie no Atelier: Salburg no Renkinjutsushi,1997-05-23,False,Teen,Strategy,RPG,2.0,6,0,0,4,0.0,176
967,3,Forspoken: In Tanta We Trust,2023-05-23,False,Mature,Adventure,Action,472.0,2,0,3,4,0.0,0
969,2,Apex Legends - Loba Edition,2021-10-02,False,Teen,Shooter,no,3.0,8,0,2,3,0.0,189
970,1,Khara The Game,2018-05-16,False,Teen,Adventure,no,1.0,3,0,1,3,0.0,422
972,0,F1 Manager 2024,2024-07-23,False,Everyone,Racing,"Strategy, Simulation",2.0,8,0,0,3,0.0,98
975,0,Super Perils of Baking,2022-06-03,False,Mature,Casual,"Indie, Action",3.0,7,0,0,3,76.0,160
978,0,Aikano ~ Snow Sky Triangle ~,2020-10-29,False,Mature,Adventure,no,2.0,2,0,0,3,0.0,233
979,0,The Smurfs Travel the World,1996-01-01,False,Everyone,Platformer,no,1.0,6,0,0,3,0.0,0
981,1,Rocket Racing,2023-12-08,False,Mature,Racing,no,2.0,9,0,1,3,0.0,177
982,1,Overwatch 2: Watchpoint Pack,2022-10-04,False,Teen,Shooter,Action,3.0,6,0,1,3,0.0,0
983,0,The Tomorrow Children: Phoenix Edition,2022-09-06,False,Mature,Massively Multiplayer,Action,1.0,2,0,0,3,62.0,287
985,3,Overwatch 2 - Starter Pack: Season One,2022-10-04,False,Teen,Shooter,Action,3.0,7,0,3,3,0.0,0
986,1,Lost Judgment: The Kaito Files,2022-03-28,False,Adults Only,Adventure,"Action, Fighting",472.0,5,0,1,3,0.0,0
987,0,Bridge Constructor: TWD,2020-11-19,False,Teen,Simulation,Puzzle,3.0,18,0,0,3,0.0,221
988,1,Zengeon,2019-01-18,False,Mature,Action,RPG,1.0,7,0,1,3,0.0,0
990,0,Epic Party Quest,2023-12-01,False,Mature,Indie,"Family, Action",1.0,5,0,0,3,0.0,218
991,0,SBK 22,2022-09-15,False,Everyone,Racing,"Simulation, Sports",3.0,6,0,0,3,0.0,346
992,3,Overwatch 2 - Starter Pack: Season Three,2023-03-07,False,Mature,Shooter,Action,2.0,6,0,3,3,0.0,0
994,2,Lake: Special Delivery,2023-11-15,False,Mature,Adventure,no,1.0,8,0,2,3,0.0,191
995,0,Hammerwatch II: Anniversary Pack,2023-08-15,False,Teen,Indie,"Adventure, Action, RPG",3.0,7,0,0,3,0.0,239
996,1,Squadron 51,2022-09-21,False,Mature,Indie,"Shooter, Arcade, Action",472.0,5,0,1,3,0.0,170
997,0,Monster Hunter: Rise - Complete Edition,2023-01-20,False,Mature,Action,RPG,1.0,5,0,0,2,87.0,67
999,1,Dead by Daylight - Cursed Legacy,2019-12-03,False,Mature,Action,no,1.0,8,0,1,2,0.0,482
1000,0,Coded Soul: Uketsugareshi Idea,2008-02-07,False,Everyone 10+,Action,RPG,472.0,3,0,0,2,0.0,297
1001,1,Dead by Daylight - Leatherface,2017-09-14,False,Mature,Action,no,2.0,8,0,1,2,0.0,421
1002,1,Skull Island: Rise of Kong,2023-10-17,False,Teen,Adventure,Action,472.0,10,0,1,2,0.0,563
1003,1,REYNATIS,2024-09-27,False,Mature,Adventure,"Action, RPG",472.0,7,0,1,2,0.0,58
1004,0,Zeus Quest - The Rebirth of Earth,2022-06-02,False,Mature,Indie,"Strategy, Adventure, Action",2.0,8,0,0,2,69.0,425
1005,2,Apex Legends - Bangalore Edition,2021-08-17,False,Teen,Shooter,no,2.0,8,0,2,2,0.0,364
1006,2,Apex Legends - Ascension Pack,2020-11-12,False,Teen,Shooter,no,2.0,6,0,2,2,0.0,0
1007,1,Quick Mafs,2022-03-09,False,Mature,Casual,no,472.0,2,0,1,2,0.0,8
1008,0,Slave Zero X: Episode Enyo,2024-01-16,False,Mature,Shooter,"Adventure, Action",472.0,11,0,0,2,0.0,368
1009,0,Jurassic Park Classic Games Collection,2023-11-22,False,Everyone,Adventure,Action,472.0,10,0,0,2,0.0,221
1011,0,Avatar: The Last Airbender - Quest for Balance,2023-09-22,False,Everyone 10+,Adventure,"Action, Fighting, Puzzle",472.0,7,0,0,2,0.0,256
1012,0,Winning Post 10 2024,2024-03-28,False,Mature,Racing,Simulation,1.0,5,0,0,2,0.0,231
1014,2,Apex Legends - Escape Pack,2021-11-11,False,Teen,Shooter,no,2.0,7,0,2,2,0.0,0
1017,1,Journey to Foundation,2023-10-26,False,Mature,Shooter,Adventure,472.0,3,0,1,2,0.0,217
1018,1,CATAN: Console Edition,2023-01-23,False,Mature,Board Games,no,472.0,3,0,1,2,0.0,40
1019,0,Dead by Daylight - A Nightmare on Elm Street,2017-10-26,False,Mature,Action,no,2.0,8,0,0,2,0.0,408
1020,2,Apex Legends - Mayhem Pack,2021-02-11,False,Teen,Shooter,no,2.0,6,0,2,2,0.0,0
1021,2,Apex Legends - Legacy Pack,2021-05-13,False,Teen,Shooter,no,2.0,7,0,2,2,0.0,0
1023,0,Winning Post 10,2023-03-30,False,Mature,Racing,no,1.0,6,0,0,2,0.0,229
1024,1,Outward: The Adventurer Bundle,2021-05-18,False,Teen,Adventure,"Action, RPG",472.0,8,0,1,2,0.0,594
1025,0,Jurassic World Aftermath Collection,2022-11-10,False,Teen,Adventure,no,1.0,5,0,0,2,0.0,187
1028,1,FootballTeam,2009-10-05,False,Mature,RPG,"Strategy, Simulation, Sports, Massively Multiplayer",2.0,6,0,0,2,0.0,127
1029,2,Apex Legends - Emergence Pack,2021-08-12,False,Teen,Shooter,no,2.0,6,0,2,2,0.0,0
1030,1,Life is Strange: True Colors - Deluxe Upgrade,2021-09-09,False,Mature,Adventure,no,1.0,10,0,1,2,0.0,290
1031,0,Super Bomba Patch,2008-01-01,False,Mature,Sports,no,1.0,8,0,0,2,0.0,156
1033,0,Haunted House (2023),2023-10-12,False,Everyone 10+,Family,"Adventure, Action",472.0,8,0,0,2,0.0,133
1034,0,Monster Menu - The Scavenger's Cookbook,2023-05-23,False,Mature,Strategy,RPG,1.0,3,0,0,2,0.0,229
1036,1,Fortnite Festival,2023-12-09,False,Mature,Arcade,Action,472.0,7,0,1,2,0.0,351
1037,0,Remnant 2 - The Dark Horizon,2024-09-30,False,Mature,Shooter,"Action, RPG",472.0,3,0,0,2,0.0,0
1038,0,Dead by Daylight - A Lullaby for the Dark,2017-07-27,False,Mature,Action,no,1.0,8,0,0,1,0.0,564
1039,0,Dead by Daylight - Stranger Things,2019-09-17,False,Mature,Action,no,1.0,6,0,0,1,0.0,199
1040,1,World of Outlaws: Dirt Racing,2022-09-27,False,Everyone 10+,Racing,Simulation,472.0,8,0,1,1,0.0,203
1041,0,Dead by Daylight - Portrait of a Murder,2021-11-30,False,Mature,Action,no,472.0,8,0,0,1,0.0,551
1043,0,Dead by Daylight - Ash vs Evil Dead,2019-04-02,False,Mature,Action,no,1.0,8,0,0,1,0.0,271
1044,0,Dead by Daylight - Descend Beyond,2020-09-08,False,Mature,Action,no,1.0,6,0,0,1,0.0,412
1046,0,Tonari ni Kanojo no Iru Shiawase ~Curious Queen~,2020-10-29,False,Adults Only,Adventure,no,472.0,3,0,0,1,0.0,0
1047,2,Apex Legends - Gibraltar Edition,2021-02-16,False,Mature,Shooter,no,1.0,7,0,2,1,0.0,278
1048,0,Winning Post 9 (2021),2021-04-15,False,Mature,Racing,"Simulation, Sports",1.0,6,0,0,1,0.0,227
1049,0,C-Smash VRS,2023-06-23,False,Mature,Sports,no,472.0,1,0,0,1,0.0,14
1050,0,"Time Of War, Arkano'90",2023-07-07,False,Everyone 10+,Shooter,"Action, Simulation",472.0,7,0,0,1,0.0,513
1051,0,Inspector Gadget: Mad Time Party,2023-09-15,False,Everyone,Adventure,Action,472.0,10,0,0,1,0.0,328
1053,2,Apex Legends - Mirage Edition,2021-05-18,False,Teen,Shooter,no,1.0,7,0,2,1,0.0,134
1056,0,Dead by Daylight - The Saw,2018-01-23,False,Mature,Action,no,1.0,8,0,0,1,0.0,397
1060,0,Konishiwa,2024-01-07,False,Everyone,Strategy,Action,1.0,3,0,0,1,0.0,0
1061,0,OlliOlli World: Finding the Flowzone,2022-11-02,False,Mature,Indie,"Action, Sports",472.0,7,0,0,1,0.0,67
1062,0,OlliOlli World: VOID Riders,2022-06-15,False,Mature,Indie,"Action, Sports",472.0,6,0,0,1,0.0,50
1063,1,Shanghai Summer,2024-02-08,False,Everyone 10+,Adventure,no,472.0,7,0,1,1,0.0,195
1064,1,BLINNK and the Vacuum of Space,2023-01-17,False,Everyone,Casual,"Indie, Adventure, Simulation",472.0,4,0,1,1,0.0,170
1065,0,Untitled Carnivores Game (2024),2024-12-20,False,Mature,Casual,"Action, Simulation, Sports",1.0,3,0,0,1,0.0,0
1066,1,Apex Legends – Defiance Pack,2022-02-17,False,Mature,Shooter,no,1.0,7,0,1,1,0.0,0
1067,3,Overwatch 2 - Starter Pack: Season Two,2022-12-06,False,Mature,Shooter,Action,1.0,6,0,3,1,0.0,0
1068,2,Utawarerumono: ZAN 2,2021-07-22,False,Mature,Action,RPG,472.0,2,0,2,1,0.0,558
1069,0,Die Again (Varn Game Dev),2024-04-11,False,Adults Only,Shooter,"Action, Puzzle",1.0,6,0,0,1,0.0,0
1073,0,Dead by Daylight - The Halloween,2016-10-25,False,Mature,Action,no,1.0,8,0,0,1,0.0,484
1074,0,Dead by Daylight - Demise of the Faithful,2019-03-19,False,Mature,Action,no,1.0,8,0,0,1,0.0,447
1075,0,Dead By Daylight - Silent Hill,2020-06-16,False,Mature,Action,no,1.0,8,0,0,1,0.0,394
1076,0,Dead by Daylight: Ghost Face,2019-06-18,False,Mature,Action,no,1.0,8,0,0,1,0.0,284
1077,1,Apex Legends – Saviors Pack,2022-05-19,False,Mature,Shooter,no,1.0,7,0,1,1,0.0,0
1079,0,Dead by Daylight - Killer Expansion Pack,2021-06-15,False,Mature,Action,no,472.0,8,0,0,0,0.0,444
1080,0,Dead by Daylight - Chains of Hate,2020-03-10,False,Mature,Action,no,472.0,8,0,0,0,0.0,359
1081,0,Dead by Daylight - Darkness Among Us,2018-12-11,False,Mature,Action,no,472.0,8,0,0,0,0.0,405
1082,0,Dead by Daylight - Survivor Expansion Pack,2021-06-15,False,Mature,Action,no,472.0,8,0,0,0,0.0,442
1083,0,Dead by Daylight - Sadako Rising,2022-03-08,False,Mature,Action,no,472.0,8,0,0,0,0.0,449
1084,0,Dead by Daylight - Curtain Call,2018-06-12,False,Mature,Action,no,472.0,8,0,0,0,0.0,441
1085,0,Dead by Daylight - Charity Case,2017-08-10,False,Mature,Action,no,472.0,8,0,0,0,0.0,146
1086,0,Dead by Daylight - Shattered Bloodline,2018-09-18,False,Mature,Action,no,472.0,8,0,0,0,0.0,471
1087,0,Arcvened,2023-09-17,False,Mature,Arcade,no,472.0,5,0,0,0,0.0,0
1088,0,Dead by Daylight - All-Kill,2021-03-30,False,Mature,Action,no,472.0,8,0,0,0,0.0,363
1089,0,Untitled Carnivores Game (2022),2022-12-18,False,Mature,Shooter,"Adventure, Action, Sports",472.0,3,0,0,0,0.0,0
1091,0,Playstation VR2,2023-02-22,False,Mature,Simulation,no,472.0,1,0,0,0,0.0,10
1092,0,Dead by Daylight - Resident Evil,2021-06-15,False,Mature,Action,no,472.0,8,0,0,0,0.0,517
1093,0,Dead by Daylight - A Binding of Kin,2020-12-01,False,Mature,Action,no,472.0,8,0,0,0,0.0,401
1094,0,Horng city,2024-02-01,False,Mature,Simulation,no,472.0,4,0,0,0,0.0,0
1095,1,Returnal: Ascension,2022-03-22,False,Mature,Shooter,no,472.0,1,0,1,0,0.0,0
1096,0,Quadratank,2022-11-11,False,Everyone 10+,Arcade,no,472.0,3,0,0,0,0.0,42
1097,0,Dead by Daylight - Hour of the Witch,2021-10-19,False,Mature,Action,no,472.0,8,0,0,0,0.0,429
1099,0,Dead by Daylight - Silent Hill Cosmetic Pack,2020-09-18,False,Mature,Action,no,472.0,7,0,0,0,0.0,385
1100,0,Dead by Daylight - Hellraiser,2021-09-07,False,Mature,Action,no,472.0,8,0,0,0,0.0,394
1101,0,SENSEs: Midnight,2022-07-22,False,Teen,Adventure,no,472.0,11,0,0,0,0.0,371
1103,0,Dead by Daylight - Spark of Madness,2017-05-11,False,Mature,Adventure,Action,472.0,7,0,0,0,0.0,384
1104,0,Pre-purchase Romancing SaGa - Minstrel Song- Remastered,2022-12-01,False,Mature,RPG,no,472.0,6,0,0,0,0.0,162
1106,0,Neo Breakout,2022-11-11,False,Mature,Arcade,no,472.0,3,0,0,0,0.0,0
