game_id,game_name,released,tba,age rating,genre,subgenre,owned,numero_plataformas,rating_top,ratings_count,added,metacritic,suggestions_count,numero_stores
5074,echoshift,2010-02-25,False,Everyone 10+,Puzzle,no,6.0,3,0,2,12,0.0,68,1
349617,RetroArch,2010-05-26,False,Mature,Simulation,no,8.0,22,0,2,17,0.0,120,2
5679,The Elder Scrolls V: Skyrim,2011-11-11,False,Mature,Action,RPG,9518.0,8,5,4632,15889,94.0,602,4
23600,Diablo III,2012-05-15,False,Mature,Action,RPG,880.0,9,4,862,2292,88.0,581,3
16252,The Dark Eye: Chains of Satinav,2012-06-22,False,Mature,Indie,Adventure,1424.0,7,4,104,1650,75.0,683,4
3042,Infestor,2013-01-17,False,Teen,Adventure,"Action, Puzzle, Casual, Arcade",16.0,6,0,3,21,0.0,506,3
766,Warframe,2013-03-25,False,Mature,Shooter,"Massively Multiplayer, Action, RPG",9960.0,7,4,2043,12406,73.0,730,6
3727,FINAL FANTASY XIV: A Realm Reborn,2013-08-27,False,Mature,Massively Multiplayer,RPG,1518.0,5,4,296,1968,83.0,665,2
540108,The Dark Eye: Memoria,2013-08-29,False,Mature,Indie,Adventure,7.0,6,0,4,12,0.0,600,2
3498,Grand Theft Auto V,2013-09-17,False,Mature,Action,no,12151.0,7,5,6855,21102,92.0,434,5
42336,Grand Theft Auto Online,2013-10-01,False,Mature,Shooter,Action,34.0,5,4,147,266,82.0,543,0
16532,Dreaming Sarah,2014-03-06,False,Mature,Adventure,"Puzzle, Casual, Indie, Platformer",727.0,7,4,33,813,0.0,376,4
3328,The Witcher 3: Wild Hunt,2015-05-18,False,Mature,Action,RPG,12003.0,7,5,6598,20584,92.0,677,5
23900,Fatal Frame: Maiden of Black Water,2015-10-22,False,Mature,Adventure,Action,66.0,7,4,13,121,67.0,745,4
3070,Fallout 4,2015-11-09,False,Mature,Action,RPG,8543.0,4,4,3273,13480,84.0,460,3
8488,Tom Clancy's Rainbow Six Siege,2015-12-01,False,Teen,Shooter,Action,5957.0,5,4,1472,7812,75.0,473,4
19946,C14 Dating,2016-04-22,False,Mature,Casual,"Indie, Adventure",7.0,6,0,3,11,0.0,574,4
2462,Uncharted 4: A Thief’s End,2016-05-10,False,Teen,Shooter,Action,4748.0,2,5,3512,9155,93.0,675,1
14295,A Little Lily Princess,2016-05-19,False,Mature,Indie,"Adventure, Simulation",46.0,6,5,5,60,0.0,428,4
12157,POSTAL Redux,2016-05-20,False,Mature,Shooter,"Indie, Action",840.0,4,4,82,947,54.0,560,2
9966,Dead by Daylight,2016-06-14,False,Mature,Action,no,4357.0,5,4,941,5654,72.0,1089,6
2093,No Man's Sky,2016-08-09,False,Teen,Adventure,"Action, RPG, Simulation, Indie, Massively Multiplayer",5475.0,5,4,1512,7684,75.0,760,5
14200,Sally Face,2016-08-16,False,Mature,Indie,"Adventure, Puzzle",302.0,8,5,108,511,0.0,302,5
257255,The Witcher 3 Wild Hunt - Complete Edition,2016-08-30,False,Mature,Adventure,RPG,302.0,6,5,722,1339,92.0,88,6
14252,Can't Drive This,2016-09-25,False,Mature,Casual,"Racing, Indie, Puzzle",58.0,7,3,8,67,70.0,272,4
795332,Dead by Daylight - The Halloween,2016-10-25,False,Mature,Action,no,1.0,6,0,0,1,0.0,484,2
9644,Planet Coaster,2016-11-17,False,Everyone,Strategy,Simulation,2176.0,5,4,285,2634,83.0,565,1
13108,Donuts'n'Justice,2016-11-22,False,Mature,Indie,"Shooter, Arcade, Action",86.0,4,0,1,90,0.0,457,4
382,Sniper Elite 4,2017-02-13,False,Mature,Shooter,"Adventure, Action",3475.0,6,4,709,4575,78.0,646,4
10204,Pavlov VR,2017-02-27,False,Mature,Indie,Action,730.0,2,4,64,824,0.0,111,1
12216,Maximum Override,2017-03-09,False,Everyone 10+,Shooter,"Action, Casual, Simulation, Indie",38.0,6,0,3,42,0.0,146,1
11679,GUNGUNGUN,2017-03-10,False,Mature,Indie,Action,3.0,4,0,1,5,0.0,288,1
10872,Battle Brothers,2017-03-23,False,Mature,Strategy,"Indie, RPG",446.0,6,5,111,595,80.0,483,3
635390,Within the Blade,2017-05-10,False,Mature,Platformer,"Indie, Action",46.0,5,0,2,52,0.0,405,2
795327,Dead by Daylight - Spark of Madness,2017-05-11,False,Mature,Adventure,Action,472.0,6,0,0,0,0.0,384,1
9972,Downward: Enhanced Edition,2017-07-13,False,Everyone 10+,Adventure,Action,135.0,5,3,13,172,77.0,482,4
795337,Dead by Daylight - A Lullaby for the Dark,2017-07-27,False,Mature,Action,no,1.0,6,0,0,1,0.0,564,2
795330,Dead by Daylight - Charity Case,2017-08-10,False,Mature,Action,no,472.0,6,0,0,0,0.0,146,2
21926,Uncharted: The Lost Legacy,2017-08-22,False,Teen,Adventure,Action,1976.0,2,4,1217,4031,85.0,433,1
32,Destiny 2,2017-09-06,False,Teen,Shooter,Action,10456.0,6,4,2594,13771,82.0,1230,4
12258,Ys VIII: Lacrimosa of DANA,2017-09-11,False,Teen,Action,RPG,278.0,7,5,65,474,80.0,336,4
795336,Dead by Daylight - Leatherface,2017-09-14,False,Mature,Action,no,2.0,6,0,1,2,0.0,421,2
47137,Fortnite Battle Royale,2017-09-26,False,Teen,Shooter,Action,3755.0,8,3,1039,5149,0.0,537,5
795335,Dead by Daylight - A Nightmare on Elm Street,2017-10-26,False,Mature,Action,no,2.0,6,0,0,2,0.0,408,2
47585,Legends of Talia: Arcadia,2017-10-27,False,Mature,Simulation,no,85.0,5,1,9,99,0.0,547,2
795341,Dead by Daylight - The Saw,2018-01-23,False,Mature,Action,no,1.0,6,0,0,1,0.0,397,2
10419,Subnautica,2018-01-23,False,Everyone 10+,Indie,Adventure,4163.0,7,5,1398,6687,83.0,868,5
52181,DYNASTY WARRIORS 9,2018-02-08,False,Teen,Adventure,Action,526.0,6,1,62,588,65.0,451,3
59227,Fist of The North Star: Lost Paradise,2018-03-08,False,Mature,Adventure,Action,258.0,2,4,43,358,72.0,407,1
23417,Bio Inc. Redemption,2018-03-08,False,Teen,Strategy,Simulation,136.0,8,4,33,183,0.0,280,5
50781,Sea of Thieves,2018-03-20,False,Teen,Massively Multiplayer,"Adventure, Action",4029.0,4,4,1029,5351,68.0,463,2
44455,DRIFT21 / DRIFTCE,2018-04-25,False,Everyone,Racing,Simulation,131.0,5,0,2,135,0.0,216,3
917743,Khara The Game,2018-05-16,False,Teen,Adventure,no,1.0,2,0,1,3,0.0,422,1
49382,Slipstream,2018-05-20,False,Everyone,Casual,"Racing, Indie",737.0,7,4,53,868,74.0,281,2
795340,Dead by Daylight - Curtain Call,2018-06-12,False,Mature,Action,no,472.0,6,0,0,0,0.0,441,2
42060,Wreckfest,2018-06-13,False,Teen,Racing,Arcade,2054.0,8,4,359,2574,79.0,347,5
58939,Golf Club: Wasteland,2018-06-24,False,Teen,Casual,"Indie, Sports",201.0,7,4,33,264,77.0,563,6
60894,Synth Riders,2018-07-12,False,Mature,Casual,"Indie, Action",207.0,3,5,8,221,86.0,180,1
356714,Among Us,2018-07-25,False,Everyone 10+,Casual,"Action, Simulation",5432.0,7,4,1239,7327,82.0,145,4
58134,Marvel's Spider-Man,2018-09-07,False,Teen,Action,no,4984.0,3,5,3501,10000,87.0,588,2
795324,Dead by Daylight - Shattered Bloodline,2018-09-18,False,Mature,Action,no,472.0,6,0,0,0,0.0,471,2
13172,The Gardens Between,2018-09-20,False,Everyone 10+,Indie,"Adventure, Puzzle",844.0,7,4,225,1252,79.0,224,5
249985,BLACK BIRD,2018-10-18,False,Mature,Indie,"Action, Simulation",12.0,5,0,2,19,0.0,239,2
404481,Red Dead Online,2018-10-26,False,Mature,Adventure,Action,487.0,5,4,103,637,0.0,333,4
45868,Monster Boy and the Cursed Kingdom,2018-12-04,False,Everyone,Indie,"Platformer, Adventure, Action",234.0,5,4,64,394,85.0,536,5
42370,Edge of Eternity,2018-12-05,False,Mature,Adventure,"Action, RPG, Strategy, Indie",548.0,6,3,34,661,0.0,610,2
795317,Dead by Daylight - Darkness Among Us,2018-12-11,False,Mature,Action,no,472.0,6,0,0,0,0.0,405,2
59306,Insurgency: Sandstorm,2018-12-12,False,Mature,Shooter,Action,1004.0,5,4,184,1292,80.0,326,3
630676,Judgment,2018-12-13,False,Mature,Adventure,Action,643.0,4,5,93,912,82.0,157,3
59313,Gris,2018-12-13,False,Everyone,Indie,"Platformer, Adventure, Puzzle",2527.0,9,5,1015,4628,83.0,281,5
395179,Marvel's Spider-Man: The City that Never Sleeps,2018-12-22,False,Teen,Adventure,no,5.0,2,4,21,45,75.0,167,0
537747,Zengeon,2019-01-18,False,Mature,Action,RPG,1.0,7,0,1,3,0.0,0,0
58813,Resident Evil 2,2019-01-25,False,Mature,Shooter,"Adventure, Action",1512.0,5,5,2117,5157,91.0,528,3
28201,Metro Exodus,2019-02-13,False,Mature,Shooter,Action,4638.0,4,4,1604,7793,81.0,627,5
589202,Trails and Traces: The Tomb of Thomas Tew,2019-02-18,False,Mature,Adventure,Puzzle,7.0,4,0,0,7,0.0,294,4
58755,Devil May Cry 5,2019-03-08,False,Mature,Action,no,3328.0,4,5,1483,6315,88.0,469,2
795339,Dead by Daylight - Demise of the Faithful,2019-03-19,False,Mature,Action,no,1.0,6,0,0,1,0.0,447,2
60783,Outward Definitive Edition,2019-03-25,False,Mature,Adventure,Action,1352.0,6,4,157,1712,65.0,346,6
795319,Dead by Daylight - Ash vs Evil Dead,2019-04-02,False,Mature,Action,no,1.0,6,0,0,1,0.0,271,2
274480,Mortal Kombat 11,2019-04-22,False,Mature,Adventure,"Action, Fighting",3734.0,6,4,1090,5420,82.0,479,4
59359,A Plague Tale: Innocence,2019-05-13,False,Mature,Adventure,Action,3512.0,6,4,1428,6521,82.0,588,6
243185,Sumatra: Fate of Yandi,2019-05-13,False,Mature,Adventure,Puzzle,29.0,4,0,3,36,0.0,550,5
58325,Beat Saber,2019-05-21,False,Teen,Indie,Action,1586.0,3,5,608,2395,90.0,240,2
637477,Splitgate,2019-05-24,False,Mature,Shooter,Action,2512.0,5,4,217,2812,0.0,945,3
257206,Warhammer: Chaosbane,2019-05-31,False,Mature,Adventure,"Action, RPG",1099.0,5,3,84,1264,70.0,528,4
285692,Dungeon Munchies,2019-06-06,False,Teen,Indie,"Adventure, Action",44.0,6,5,4,66,0.0,331,3
270653,Hell Let Loose,2019-06-06,False,Mature,Strategy,"Indie, Action, Simulation",1232.0,3,4,80,1411,77.0,464,2
795343,Dead by Daylight: Ghost Face,2019-06-18,False,Mature,Action,no,1.0,6,0,0,1,0.0,284,2
248397,Judgment (2019),2019-06-25,False,Mature,Adventure,Action,266.0,4,5,63,576,82.0,502,2
650588,Wolfenstein: Youngblood Deutsche Version,2019-07-25,False,Mature,Shooter,Action,33.0,5,0,2,36,0.0,458,3
254652,Apsulov: End of Gods,2019-08-08,False,Mature,Indie,"Adventure, Action",181.0,4,4,30,257,71.0,380,2
58812,Control,2019-08-27,False,Mature,Shooter,"Adventure, Action",5186.0,5,4,1897,9189,84.0,385,5
364864,UltraGoodness 2,2019-09-01,False,Mature,Indie,"Adventure, Action",23.0,4,0,2,24,0.0,283,5
58617,Borderlands 3,2019-09-13,False,Mature,Shooter,"Adventure, Action, RPG",3695.0,6,4,885,5786,83.0,961,5
795346,Dead by Daylight - Stranger Things,2019-09-17,False,Mature,Action,no,1.0,5,0,0,1,0.0,199,1
304184,Oceanhorn 2: Knights of the Lost Realm,2019-09-19,False,Everyone 10+,Indie,"Adventure, Action, RPG",23.0,7,4,36,119,70.0,32,2
376107,Skate City,2019-09-19,False,Mature,Action,"Casual, Simulation, Sports, Indie",11.0,8,3,5,26,70.0,167,6
43608,Deliver Us the Moon,2019-10-09,False,Teen,Indie,"Adventure, Action",734.0,6,4,177,1011,73.0,561,6
262382,Disco Elysium,2019-10-14,False,Mature,Indie,"Adventure, RPG",4735.0,7,5,1165,7374,91.0,629,6
388383,Spirit of the North,2019-11-01,False,Everyone,Indie,"Adventure, Puzzle",240.0,5,4,44,414,61.0,538,5
376934,Pistol Whip,2019-11-07,False,Mature,Shooter,"Indie, Action",380.0,3,4,51,474,87.0,395,2
377011,Terminator: Resistance,2019-11-13,False,Mature,Action,no,439.0,4,4,118,731,54.0,631,4
366852,The Touryst,2019-11-14,False,Everyone,Adventure,Action,472.0,6,4,74,618,82.0,135,3
257201,Star Wars Jedi: Fallen Order,2019-11-15,False,Teen,Adventure,Action,5104.0,4,4,2136,9135,80.0,562,4
324995,Gylt,2019-11-19,False,Mature,Indie,"Adventure, Action, Puzzle",29.0,6,4,26,111,0.0,247,5
408286,13 Sentinels: Aegis Rim,2019-11-28,False,Teen,Adventure,"RPG, Simulation",419.0,3,5,114,799,86.0,290,1
795342,Dead by Daylight - Cursed Legacy,2019-12-03,False,Mature,Action,no,1.0,6,0,1,2,0.0,482,2
430220,Arrog,2019-12-13,False,Everyone 10+,Indie,"Adventure, Puzzle",16.0,6,0,2,26,68.0,58,2
327258,Dragon Ball Z: Kakarot,2020-01-16,False,Teen,Action,RPG,823.0,6,4,144,1193,74.0,300,3
369157,Yakuza: Like a Dragon,2020-01-16,False,Mature,Adventure,"Action, RPG",1516.0,5,5,321,2508,85.0,702,4
59883,Temtem,2020-01-21,False,Everyone 10+,Massively Multiplayer,"Adventure, RPG, Indie",632.0,5,4,77,851,77.0,245,2
379453,The Walking Dead: Saints & Sinners,2020-01-23,False,Mature,Adventure,"Action, RPG, Strategy, Simulation, Indie",739.0,3,4,67,934,80.0,787,2
15730,The Pedestrian,2020-01-29,False,Everyone,Indie,"Platformer, Adventure, Puzzle",662.0,8,4,149,1012,82.0,285,4
493464,Tesla Force,2020-02-20,False,Teen,Shooter,"Adventure, Action, RPG, Arcade, Indie",93.0,5,0,4,104,0.0,644,6
243206,DreadOut 2,2020-02-21,False,Mature,Adventure,Action,54.0,6,4,8,77,0.0,244,4
795320,Dead by Daylight - Chains of Hate,2020-03-10,False,Mature,Action,no,472.0,6,0,0,0,0.0,359,2
418840,Redistributed: Baldi's Web-Based Basics in Education and Learning 1.4.3 Version,2020-03-11,False,Mature,Educational,no,3.0,4,0,2,5,0.0,5,1
58815,Nioh 2,2020-03-13,False,Mature,Action,no,719.0,3,4,144,1324,85.0,42,2
58777,DOOM Eternal,2020-03-20,False,Mature,Shooter,Action,4184.0,5,5,1302,7439,86.0,681,4
563428,Thunderflash,2020-03-23,False,Mature,Arcade,"Indie, Adventure, Action",19.0,4,0,1,19,0.0,255,3
423420,Freddy Spaghetti,2020-03-27,False,Mature,Adventure,"Action, Casual, Simulation, Indie",19.0,4,0,2,24,0.0,390,4
339958,Persona 5 Royal,2020-03-31,False,Mature,Adventure,RPG,1569.0,6,5,462,2887,94.0,321,3
428052,Sakura Succubus,2020-03-31,False,Mature,Casual,"Adventure, Simulation",122.0,5,1,8,140,0.0,547,2
259801,Final Fantasy VII,2020-04-10,False,Teen,Adventure,"Action, RPG",2929.0,3,5,760,5067,87.0,630,3
368952,SnowRunner,2020-04-28,False,Everyone,Racing,no,1080.0,6,4,265,1604,80.0,558,5
52337,Them's Fightin' Herds,2020-04-30,False,Mature,Indie,"Action, Fighting",638.0,8,4,40,767,82.0,289,3
9551,Deep Rock Galactic,2020-05-13,False,Teen,Indie,Action,3920.0,3,4,618,4797,84.0,543,1
372588,Concept Destruction,2020-05-19,False,Everyone 10+,Racing,"Indie, Action, Simulation",37.0,5,3,7,48,0.0,400,4
45109,Maneater,2020-05-22,False,Mature,Indie,"Adventure, Action, RPG",1895.0,6,4,246,2435,68.0,524,5
426096,Saints Row: The Third Remastered,2020-05-22,False,Mature,Adventure,Action,502.0,5,4,132,867,73.0,650,5
60594,Family Man,2020-05-22,False,Mature,Adventure,RPG,679.0,5,3,7,717,0.0,223,2
415171,Valorant,2020-06-02,False,Teen,Shooter,"Strategy, Action",169.0,3,4,444,888,80.0,470,2
566672,In Rays of the Light,2020-06-04,False,Mature,Adventure,no,34.0,6,0,2,45,0.0,328,2
480743,Little Orpheus,2020-06-12,False,Everyone,Casual,"Platformer, Adventure",98.0,7,4,25,162,69.0,169,3
795328,Dead By Daylight - Silent Hill,2020-06-16,False,Mature,Action,no,1.0,6,0,0,1,0.0,394,2
51325,The Last of Us Part II,2020-06-19,False,Mature,Shooter,"Adventure, Action",3253.0,2,5,1781,6954,93.0,622,1
491016,Mr. DRILLER DrillLand (2020),2020-06-24,False,Everyone,Casual,no,40.0,6,0,1,49,0.0,172,2
426098,TrackMania (2020),2020-07-01,False,Mature,Racing,Massively Multiplayer,49.0,5,4,66,191,74.0,141,2
304182,Beyond a Steel Sky,2020-07-15,False,Teen,Adventure,Action,223.0,7,4,31,336,72.0,69,6
362901,Hunter's Arena: Legends,2020-07-15,False,Mature,Adventure,"Action, RPG, Strategy, Massively Multiplayer",243.0,3,1,27,283,0.0,430,1
58550,Ghost of Tsushima,2020-07-17,False,Mature,Adventure,"Action, RPG",2971.0,3,5,974,5619,83.0,455,2
326221,Röki,2020-07-23,False,Mature,Indie,Adventure,759.0,5,4,53,979,79.0,145,2
259883,Maid of Sker,2020-07-28,False,Mature,Indie,"Adventure, Action",735.0,7,3,35,856,64.0,464,5
22123,Hellpoint,2020-07-30,False,Mature,Indie,"Adventure, Action, RPG",1845.0,8,3,51,2095,61.0,490,4
427873,Ever Forward,2020-08-12,False,Everyone 10+,Casual,"Indie, Strategy, Adventure",42.0,6,3,13,66,65.0,102,5
485221,Giraffe and Annika,2020-08-25,False,Mature,Adventure,no,7.0,5,0,1,16,0.0,280,1
479695,Control Ultimate Edition,2020-08-27,False,Mature,Shooter,"Adventure, Action",854.0,5,5,323,1561,82.0,526,4
52340,Iron Harvest,2020-08-31,False,Mature,Strategy,Action,1226.0,5,4,106,1540,75.0,639,3
384567,Crusader Kings III,2020-09-01,False,Mature,Strategy,"RPG, Simulation",1865.0,5,5,420,2620,86.0,240,1
428966,Paradise Killer,2020-09-03,False,Mature,Indie,"Adventure, RPG",1040.0,6,5,54,1231,84.0,244,3
442847,Tony Hawk's Pro Skater 1 + 2,2020-09-04,False,Teen,Arcade,Sports,1177.0,6,5,222,1773,88.0,301,5
452647,NBA 2K21,2020-09-04,False,Everyone,Simulation,Sports,524.0,6,4,93,702,72.0,39,5
442841,WRC 9 FIA World Rally Championship,2020-09-04,False,Everyone,Racing,"Simulation, Sports",109.0,6,4,16,156,78.0,323,4
795344,Dead by Daylight - Descend Beyond,2020-09-08,False,Mature,Action,no,1.0,6,0,0,1,0.0,412,0
274755,Hades,2020-09-17,False,Teen,Indie,"Adventure, Action, RPG",4835.0,6,5,1878,8310,93.0,604,5
795329,Dead by Daylight - Silent Hill Cosmetic Pack,2020-09-18,False,Mature,Action,no,472.0,6,0,0,0,0.0,385,1
319120,art of rally,2020-09-23,False,Mature,Racing,"Indie, Sports",799.0,7,3,125,1015,78.0,216,5
401805,Genshin Impact,2020-09-28,False,Teen,Adventure,"Action, RPG",2133.0,6,4,1022,3853,83.0,320,3
457729,Crash Bandicoot 4: It’s About Time,2020-10-01,False,Everyone 10+,Platformer,Action,971.0,6,4,187,1656,84.0,470,4
484967,RIDE 4,2020-10-05,False,Everyone,Racing,"Simulation, Sports",128.0,5,4,18,167,75.0,310,3
437049,FIFA 21,2020-10-06,False,Everyone,Sports,no,1309.0,6,4,258,1626,67.0,537,4
427750,Monster Truck Championship,2020-10-15,False,Everyone,Racing,"Simulation, Sports",108.0,4,0,4,116,69.0,277,3
508529,CrossKrush,2020-10-20,False,Mature,Adventure,"Action, Puzzle, Casual, Arcade, Indie",12.0,4,0,0,15,0.0,140,3
72757,Pumpkin Jack,2020-10-23,False,Mature,Indie,"Adventure, Action",748.0,6,4,47,883,76.0,274,6
366850,Ghostrunner,2020-10-27,False,Mature,Action,no,2559.0,6,4,587,4084,0.0,427,5
520302,Aikano ~ Snow Sky Triangle ~,2020-10-29,False,Mature,Adventure,no,2.0,2,0,0,3,0.0,233,0
324992,Watch Dogs: Legion,2020-10-29,False,Mature,Shooter,"Adventure, Action",1145.0,5,3,381,2478,72.0,783,4
520301,Tonari ni Kanojo no Iru Shiawase ~Curious Queen~,2020-10-29,False,Adults Only,Adventure,no,472.0,2,0,0,1,0.0,0,1
530503,South of the Circle,2020-10-30,False,Mature,Adventure,no,274.0,8,4,23,385,76.0,150,3
440079,DiRT 5,2020-11-05,False,Mature,Racing,Arcade,2170.0,5,4,236,2600,79.0,625,3
516113,Devil May Cry 5 Special Edition,2020-11-10,False,Mature,Adventure,Action,93.0,2,5,37,176,86.0,695,2
437059,Assassin's Creed Valhalla,2020-11-10,False,Mature,Adventure,"Action, RPG",2178.0,5,4,692,4179,82.0,465,4
442839,Observer: System Redux,2020-11-10,False,Mature,Indie,Adventure,469.0,4,4,93,771,80.0,54,4
663742,Marvel's Spider-Man Remastered,2020-11-12,False,Teen,Casual,"Adventure, Action",736.0,2,5,328,1362,0.0,883,2
499331,Sackboy: A Big Adventure,2020-11-12,False,Mature,Platformer,"Adventure, Action",501.0,3,4,134,843,81.0,298,3
795358,Apex Legends - Ascension Pack,2020-11-12,False,Teen,Shooter,no,2.0,5,0,2,2,0.0,0,1
452648,Demon's Souls (2020),2020-11-12,False,Mature,Action,RPG,80.0,1,5,191,721,92.0,564,1
517399,Overcooked! All You Can Eat,2020-11-12,False,Everyone,Action,"Casual, Strategy, Simulation, Family, Indie",510.0,6,4,88,672,86.0,644,3
274766,The Pathless,2020-11-12,False,Everyone 10+,Indie,"Adventure, Action",178.0,4,4,100,521,78.0,563,4
452646,Astro's Playroom,2020-11-12,False,Everyone 10+,Platformer,Action,1690.0,1,5,528,2463,83.0,147,1
452657,Bugsnax,2020-11-12,False,Mature,Casual,"Indie, Adventure, Action",926.0,7,4,167,1247,76.0,472,4
484498,Just Dance 2021,2020-11-12,False,Everyone,Casual,Family,123.0,6,4,29,166,70.0,331,3
398402,Godfall,2020-11-12,False,Mature,Action,RPG,411.0,5,3,96,713,60.0,711,3
452634,Marvel's Spider-Man: Miles Morales,2020-11-12,False,Teen,Action,no,2060.0,3,4,819,4024,86.0,1706,3
481910,Call of Duty: Black Ops Cold War,2020-11-13,False,Mature,Shooter,Action,1603.0,5,4,330,2425,76.0,460,3
520359,Mortal Kombat 11 Ultimate,2020-11-17,False,Mature,Action,Fighting,21.0,6,4,44,97,89.0,732,4
517383,Bridge Constructor: The Walking Dead,2020-11-18,False,Mature,Simulation,Puzzle,192.0,10,3,14,268,72.0,230,5
525714,Bridge Constructor: TWD,2020-11-19,False,Teen,Simulation,Puzzle,3.0,10,0,0,3,0.0,221,7
739495,Labyrinth of Galleria: The Moon Society,2020-11-26,False,Mature,RPG,no,5.0,5,0,1,11,84.0,407,1
795325,Dead by Daylight - A Binding of Kin,2020-12-01,False,Mature,Action,no,472.0,6,0,0,0,0.0,401,2
460524,Worms Rumble,2020-12-01,False,Mature,Shooter,"Action, Casual, Strategy, Indie, Platformer",1513.0,4,3,104,1711,67.0,844,3
487910,Immortals: Fenyx Rising,2020-12-03,False,Mature,Adventure,"Action, RPG",1083.0,6,4,361,2221,78.0,449,4
769960,Submerged: Hidden Depths,2020-12-03,False,Mature,Adventure,Action,42.0,5,4,15,129,0.0,587,3
295015,Haven,2020-12-03,False,Mature,Adventure,RPG,394.0,6,4,154,782,75.0,241,5
532522,CRSED,2020-12-04,False,Mature,Action,no,157.0,4,3,27,205,0.0,513,2
440083,Call of the Sea,2020-12-08,False,Mature,Casual,"Indie, Adventure, Puzzle",1233.0,5,4,210,1775,77.0,356,5
484505,Puyo Puyo Tetris 2,2020-12-08,False,Everyone 10+,Casual,"Family, Action, Puzzle",154.0,8,4,16,184,79.0,147,4
41494,Cyberpunk 2077,2020-12-10,False,Mature,Shooter,"Action, RPG",6495.0,5,5,2654,12805,73.0,623,5
532454,MXGP 2020 - The Official Motocross Videogame,2020-12-16,False,Mature,Racing,"Simulation, Sports",32.0,5,1,5,38,70.0,520,3
295068,Airborne Kingdom,2020-12-17,False,Mature,Strategy,"Indie, Simulation",93.0,7,4,21,166,76.0,293,4
520361,Override 2: Super Mech League,2020-12-22,False,Teen,Indie,"Action, Fighting",44.0,6,0,1,51,58.0,384,4
452645,Hitman 3,2021-01-20,False,Mature,Shooter,"Adventure, Action",1072.0,6,4,326,2165,83.0,228,5
546461,Resident Evil: Maiden (DEMO),2021-01-21,False,Mature,Shooter,"Adventure, Action, Puzzle",5.0,1,4,12,23,0.0,0,1
690207,BIOHAZARD VILLAGE Z Version,2021-01-22,False,Mature,Action,no,8.0,5,0,1,10,0.0,561,2
520300,Atelier Ryza 2: Lost Legends & the Secret Fairy,2021-01-26,False,Teen,Adventure,RPG,108.0,4,5,16,216,81.0,703,2
304191,Cyber Shadow,2021-01-26,False,Mature,Platformer,"Indie, Action",259.0,6,4,66,434,80.0,360,4
440081,The Medium,2021-01-28,False,Mature,Adventure,Action,1076.0,4,4,390,1992,74.0,528,4
620711,Immortals Fenyx Rising - A New God,2021-01-28,False,Teen,Adventure,"Action, Puzzle",2.0,6,5,6,15,0.0,323,4
452640,Destruction AllStars,2021-02-02,False,Teen,Racing,Action,450.0,1,3,71,573,62.0,263,1
409574,Werewolf: The Apocalypse - Earthblood,2021-02-04,False,Mature,Adventure,"Action, RPG",117.0,5,1,44,228,52.0,700,5
528650,The Nioh Collection,2021-02-05,False,Mature,Action,RPG,5.0,1,0,1,13,87.0,299,1
366881,Little Nightmares II,2021-02-10,False,Teen,Platformer,"Adventure, Action",968.0,6,5,482,2389,82.0,358,5
795354,Apex Legends - Mayhem Pack,2021-02-11,False,Teen,Shooter,no,2.0,5,0,2,2,0.0,0,1
795357,Apex Legends - Gibraltar Edition,2021-02-16,False,Mature,Shooter,no,1.0,5,0,2,1,0.0,278,2
559370,Jitsu Squad,2021-02-18,False,Mature,Indie,"Action, Fighting",22.0,2,4,5,64,0.0,453,3
323105,Voyage,2021-02-19,False,Mature,Indie,Adventure,26.0,6,3,9,74,69.0,245,1
560734,Blizzard Arcade Collection,2021-02-19,False,Mature,Racing,"Platformer, Arcade, Puzzle",28.0,6,3,6,39,0.0,284,1
566567,Sakura Succubus 4,2021-03-01,False,Mature,Simulation,no,52.0,5,0,2,65,0.0,341,3
490123,Maquette,2021-03-02,False,Mature,Indie,"Adventure, Puzzle",357.0,5,3,92,568,70.0,254,2
566448,Bang-On Balls: Chronicles,2021-03-03,False,Mature,Casual,"Indie, Action",104.0,4,5,6,119,0.0,180,5
566445,Gnosia,2021-03-04,False,Mature,Adventure,RPG,53.0,7,4,14,91,82.0,233,4
569557,FNF - Whitty and Carol test,2021-03-06,False,Mature,Arcade,no,10.0,8,0,3,17,0.0,18,1
522977,Monster Energy Supercross - The Official Videogame 4,2021-03-08,False,Mature,Racing,"Arcade, Simulation, Sports",20.0,5,0,2,22,65.0,63,3
563431,Doodle Devil: 3volution,2021-03-11,False,Mature,Simulation,Puzzle,4.0,5,0,0,4,0.0,183,2
570176,Pinkman+,2021-03-12,False,Mature,Platformer,no,11.0,3,0,0,13,0.0,82,2
799245,Assassin's Creed Valhalla - Wrath Of The Druids,2021-03-13,False,Mature,Adventure,"Action, RPG",2.0,5,0,3,9,0.0,140,0
64551,Mundaun,2021-03-15,False,Mature,Indie,"Adventure, Action",97.0,7,5,37,220,73.0,395,5
387247,Endzone - A World Apart,2021-03-18,False,Mature,Strategy,"Indie, Simulation",932.0,3,4,44,1074,0.0,412,2
362937,Minute of Islands,2021-03-18,False,Mature,Indie,Adventure,168.0,7,4,18,262,0.0,450,5
576529,Hellbreachers,2021-03-24,False,Mature,Arcade,"Adventure, Action",13.0,3,0,0,15,0.0,251,2
277988,Paradise Lost,2021-03-24,False,Mature,Adventure,"Action, RPG, Casual, Indie",828.0,5,4,19,951,63.0,618,5
578142,Immortals Fenyx Rising - Myths of the Eastern Realm,2021-03-25,False,Teen,Adventure,Action,9.0,6,4,6,26,0.0,283,4
556047,Evil Inside,2021-03-25,False,Mature,Indie,"Adventure, Action",16.0,6,1,5,24,44.0,188,4
576528,One Escape,2021-03-26,False,Mature,Casual,"Indie, Adventure, Action",18.0,4,0,1,20,0.0,175,3
455597,It Takes Two,2021-03-26,False,Everyone 10+,Platformer,"Adventure, Action",2332.0,6,5,1416,4803,88.0,841,4
471021,Balan Wonderworld,2021-03-26,False,Everyone 10+,Action,no,138.0,6,1,24,183,43.0,658,4
494393,Monster Hunter Rise,2021-03-26,False,Mature,Action,RPG,849.0,6,5,154,1314,87.0,369,2
484912,Record of Lodoss War: Deedlit in Wonder Labyrinth,2021-03-27,False,Teen,Platformer,Action,448.0,6,4,55,590,78.0,475,3
795322,Dead by Daylight - All-Kill,2021-03-30,False,Mature,Action,no,472.0,6,0,0,0,0.0,363,2
545015,Disco Elysium: Final Cut,2021-03-30,False,Mature,Adventure,RPG,643.0,8,5,581,1979,90.0,769,6
327202,Evil Genius 2 World Domination,2021-03-30,False,Mature,Strategy,Simulation,616.0,5,4,87,806,77.0,279,2
548033,I Saw Black Clouds,2021-03-30,False,Mature,Adventure,no,82.0,7,3,13,124,56.0,409,5
536886,The Binding of Isaac: Repentance,2021-03-31,False,Mature,Action,no,58.0,6,5,110,268,0.0,229,3
327227,Outriders,2021-04-01,False,Mature,Shooter,"Adventure, Action, RPG",1784.0,5,3,313,2369,73.0,1060,4
292817,Oddworld: Soulstorm,2021-04-06,False,Mature,Indie,"Platformer, Adventure, Action",419.0,4,3,82,658,70.0,200,3
248400,Enlisted,2021-04-08,False,Mature,Shooter,Action,247.0,3,3,66,342,0.0,513,2
586207,Kingdom of Arcadia,2021-04-14,False,Everyone 10+,Adventure,Action,5.0,4,0,0,7,0.0,267,3
590491,Winning Post 9 (2021),2021-04-15,False,Mature,Racing,"Simulation, Sports",1.0,4,0,0,1,0.0,227,2
518659,The Darkside Detective: A Fumble in the Dark,2021-04-15,False,Mature,Casual,Adventure,9.0,7,5,5,51,0.0,367,4
576518,MLB 21: The Show,2021-04-16,False,Mature,Sports,no,276.0,4,4,16,303,0.0,298,2
620752,Immortals Fenyx Rising - The Lost Gods,2021-04-22,False,Teen,Adventure,"Action, Puzzle",3.0,6,0,4,10,0.0,283,4
576517,MotoGP 21,2021-04-22,False,Mature,Racing,"Simulation, Sports",35.0,6,4,8,43,0.0,316,5
593377,Ladders by POWGI,2021-04-27,False,Mature,Casual,Puzzle,5.0,3,0,0,6,0.0,46,2
593250,Insurmountable,2021-04-28,False,Everyone 10+,Adventure,"Action, Simulation",103.0,6,4,20,185,0.0,416,5
452639,Returnal,2021-04-30,False,Mature,Shooter,Action,859.0,2,5,266,1692,86.0,247,2
452649,Resident Evil: Village,2021-05-07,False,Mature,Adventure,Action,2537.0,7,5,902,4611,83.0,879,3
479670,Hood: Outlaws & Legends,2021-05-10,False,Mature,Massively Multiplayer,"Adventure, Action, RPG",270.0,5,3,39,450,64.0,800,4
595182,Assassin's Creed Valhalla: Wrath of the Druids,2021-05-13,False,Mature,Action,no,13.0,5,4,11,62,0.0,0,0
795353,Apex Legends - Legacy Pack,2021-05-13,False,Teen,Shooter,no,2.0,6,0,2,2,0.0,0,1
586060,GetsuFumaDen: Undying Moon,2021-05-13,False,Mature,Platformer,"Indie, Action",93.0,4,3,11,150,0.0,499,2
516111,Mass Effect: Legendary Edition,2021-05-14,False,Mature,Shooter,"Adventure, Action, RPG",2355.0,5,5,503,3671,88.0,690,3
287342,Subnautica: Below Zero,2021-05-14,False,Everyone 10+,Indie,Adventure,1144.0,7,4,294,1875,80.0,347,5
605414,A YEAR OF SPRINGS,2021-05-14,False,Teen,Casual,"Indie, Simulation",20.0,5,0,3,30,0.0,57,3
605348,Friday Night Funkin' Character Test Playground Remake,2021-05-14,False,Mature,RPG,no,26.0,6,4,19,49,0.0,39,1
602364,Rabisco+,2021-05-14,False,Mature,Arcade,"Casual, Adventure",18.0,3,0,0,20,0.0,98,2
616748,Outward: The Adventurer Bundle,2021-05-18,False,Teen,Adventure,"Action, RPG",472.0,5,0,1,2,0.0,594,3
795356,Apex Legends - Mirage Edition,2021-05-18,False,Teen,Shooter,no,1.0,6,0,2,1,0.0,134,1
589198,Lacuna – A Sci-Fi Noir Adventure,2021-05-20,False,Mature,Indie,Adventure,167.0,6,4,22,265,0.0,326,2
558984,Knockout City,2021-05-21,False,Everyone 10+,Indie,"Adventure, Action, Sports",937.0,6,4,96,1124,82.0,306,4
45775,Biomutant,2021-05-25,False,Teen,Action,RPG,823.0,6,3,228,1731,69.0,482,5
607352,Stonefly,2021-05-31,False,Mature,Indie,"Adventure, Action, RPG",28.0,6,3,9,55,0.0,288,4
573124,Necromunda: Hired Gun,2021-05-31,False,Mature,Strategy,"Shooter, Adventure, Action",779.0,5,3,51,973,0.0,412,5
455579,Operation: Tango,2021-06-01,False,Mature,Casual,"Adventure, Action, Puzzle",223.0,5,4,86,396,73.0,266,4
613569,LOST EPIC,2021-06-05,False,Mature,Action,RPG,22.0,3,0,2,29,0.0,272,1
496649,Mighty Goose,2021-06-05,False,Mature,Platformer,"Indie, Action",191.0,7,4,27,231,72.0,258,4
545013,Neptunia ReVerse,2021-06-08,False,Mature,RPG,no,2.0,1,0,0,4,67.0,52,0
327203,Chivalry 2,2021-06-08,False,Adults Only,Action,Fighting,835.0,5,4,82,1074,78.0,429,4
586199,FINAL FANTASY VII REMAKE INTERGRADE,2021-06-10,False,Teen,Adventure,"Action, RPG",333.0,2,5,71,536,0.0,260,3
715550,Final Fantasy VII Remake Episode INTERmission,2021-06-10,False,Mature,Adventure,"Action, RPG",1.0,2,0,4,9,0.0,53,0
374507,Guilty Gear -Strive,2021-06-11,False,Teen,Action,Fighting,618.0,5,5,94,857,85.0,569,2
727315,Ratchet & Clank: Rift Apart,2021-06-11,False,Everyone 10+,Adventure,Action,887.0,2,5,342,1867,88.0,895,3
795318,Dead by Daylight - Survivor Expansion Pack,2021-06-15,False,Mature,Action,no,472.0,6,0,0,0,0.0,442,2
795321,Dead by Daylight - Killer Expansion Pack,2021-06-15,False,Mature,Action,no,472.0,6,0,0,0,0.0,444,2
795326,Dead by Daylight - Resident Evil,2021-06-15,False,Mature,Action,no,472.0,6,0,0,0,0.0,517,2
491420,Summertime Madness,2021-06-17,False,Everyone,Indie,Adventure,40.0,7,3,5,66,66.0,303,1
622652,Police Simulator: Patrol Officers,2021-06-17,False,Teen,Simulation,no,114.0,6,3,17,159,0.0,217,4
398407,Dungeons & Dragons: Dark Alliance,2021-06-21,False,Mature,Action,RPG,402.0,5,3,78,514,56.0,435,3
537743,Ender Lilies: Quietus of the Knights,2021-06-22,False,Mature,Platformer,"Indie, Action, RPG",131.0,5,4,73,427,86.0,431,3
600906,Alex Kidd in Miracle World DX,2021-06-22,False,Everyone,Platformer,"Indie, Action",102.0,6,3,13,135,0.0,192,3
440086,Scarlet Nexus,2021-06-25,False,Teen,Adventure,"Action, RPG",1158.0,5,4,196,1750,79.0,1059,3
494395,Disgaea 6: Defiance of Destiny,2021-06-29,False,Mature,Strategy,RPG,5.0,4,0,2,21,73.0,242,1
605679,Curved Space,2021-06-29,False,Everyone 10+,Indie,Action,18.0,6,0,2,22,0.0,315,3
616686,Doki Doki Literature Club Plus!,2021-06-30,False,Adults Only,Casual,"Indie, Adventure",378.0,7,4,103,633,0.0,232,5
631952,Crash Drive 3,2021-07-08,False,Everyone,Casual,"Racing, Indie, Action",102.0,9,0,4,110,0.0,223,2
633391,Arcadegeddon,2021-07-08,False,Mature,Shooter,"Adventure, Action",27.0,2,1,6,41,0.0,271,2
627523,Lost At Sea,2021-07-14,False,Mature,Indie,Adventure,24.0,4,0,2,29,0.0,192,3
700672,Space Punks,2021-07-14,False,Mature,Shooter,RPG,2.0,3,0,2,15,0.0,287,1
586208,F1 2021,2021-07-16,False,Everyone,Racing,"Simulation, Sports",589.0,5,4,60,700,0.0,84,3
579507,Death's Door,2021-07-20,False,Everyone 10+,Indie,"Action, RPG",1452.0,6,4,358,2363,0.0,359,3
327212,Cris Tales,2021-07-20,False,Teen,Adventure,"Action, RPG",301.0,6,3,34,517,73.0,143,6
391401,Last Stop,2021-07-22,False,Teen,Indie,"Adventure, Action",355.0,6,4,72,492,68.0,161,4
336527,Utawarerumono: ZAN 2,2021-07-22,False,Mature,Action,RPG,472.0,2,0,2,1,0.0,558,0
350505,Tribes of Midgard,2021-07-27,False,Mature,Indie,"Adventure, Action",1014.0,3,3,79,1178,72.0,466,3
290894,Chernobylite,2021-07-28,False,Mature,Adventure,"Action, RPG, Simulation, Indie",487.0,5,3,116,819,73.0,347,5
65303,Unbound: Worlds Apart,2021-07-28,False,Mature,Indie,Adventure,61.0,6,4,22,126,0.0,171,4
58809,The Forgotten City,2021-07-28,False,Teen,Indie,"Adventure, Action, RPG",917.0,6,5,236,1487,87.0,249,5
638799,Fuga: Melodies of Steel,2021-07-28,False,Teen,RPG,no,127.0,6,4,10,171,0.0,494,3
387329,Eldest Souls,2021-07-29,False,Teen,Indie,"Adventure, Action",689.0,6,4,37,838,78.0,303,4
441738,The Ascent,2021-07-29,False,Mature,Indie,"Adventure, Action, RPG",2194.0,5,3,298,2829,73.0,608,2
638651,The Falconeer: Warrior Edition,2021-08-05,False,Mature,Adventure,Action,472.0,3,0,1,6,0.0,234,0
366083,Black Book,2021-08-10,False,Everyone 10+,Indie,"Strategy, Adventure, RPG",1365.0,7,4,176,1911,78.0,225,6
647590,Button City,2021-08-10,False,Mature,Casual,"Indie, Adventure",8.0,6,0,2,17,0.0,144,2
307193,Seed of Life,2021-08-11,False,Everyone,Adventure,Action,26.0,6,3,10,54,0.0,529,3
398412,Naraka Bladepoint,2021-08-11,False,Teen,Massively Multiplayer,"Adventure, Action, RPG",706.0,3,3,60,834,71.0,702,4
397479,Axiom Verge 2,2021-08-11,False,Teen,Adventure,"Action, Puzzle, Indie, Platformer",123.0,5,5,30,234,76.0,242,3
638649,FORECLOSED,2021-08-12,False,Mature,Indie,"Adventure, Action",66.0,6,3,15,101,0.0,271,5
640253,The Plane Effect,2021-08-12,False,Mature,Casual,"Indie, Adventure",28.0,5,3,8,66,0.0,253,3
799246,Assassin's Creed Valhalla - The Siege Of Paris,2021-08-12,False,Mature,Adventure,"Action, RPG",4.0,5,3,6,18,0.0,151,0
795352,Apex Legends - Emergence Pack,2021-08-12,False,Teen,Shooter,no,2.0,6,0,2,2,0.0,0,0
530269,Road 96,2021-08-16,False,Teen,Indie,"Adventure, Action",793.0,6,4,214,1332,78.0,512,5
638648,Greak: Memories of Azur,2021-08-16,False,Mature,Indie,"Platformer, Adventure, Action",1315.0,5,4,32,1487,0.0,475,5
650806,Madden NFL 22,2021-08-17,False,Mature,Casual,"Strategy, Simulation, Sports",115.0,5,1,8,139,69.0,475,2
795351,Apex Legends - Bangalore Edition,2021-08-17,False,Teen,Shooter,no,2.0,6,0,2,2,0.0,364,2
631946,RiMS Racing,2021-08-19,False,Mature,Racing,"Simulation, Sports",56.0,6,0,3,64,0.0,260,2
327260,Twelve Minutes,2021-08-19,False,Mature,Indie,"Adventure, Action",994.0,6,4,554,2121,69.0,213,3
651298,Quake (2021),2021-08-19,False,Mature,Shooter,Action,5.0,7,4,8,23,0.0,486,1
299615,Recompile,2021-08-19,False,Mature,Indie,"Adventure, Action",227.0,4,3,30,291,61.0,325,4
638650,Ghost of Tsushima Director's Cut,2021-08-20,False,Mature,Adventure,"Action, RPG",100.0,3,5,211,726,0.0,514,3
799253,Ghost of Tsushima - Iki Island,2021-08-20,False,Mature,Adventure,"Action, RPG",7.0,3,4,29,50,0.0,211,0
566454,Aliens: Fireteam Elite,2021-08-23,False,Mature,Shooter,"Action, RPG",793.0,5,3,90,985,69.0,415,3
364807,King's Bounty II,2021-08-23,False,Mature,Strategy,RPG,181.0,6,4,55,380,64.0,385,5
447808,Hoa,2021-08-24,False,Everyone,Casual,"Platformer, Adventure, Action",107.0,7,4,38,216,70.0,105,3
647666,Darker Skies,2021-08-25,False,Mature,Adventure,Action,5.0,3,0,2,8,0.0,275,1
295118,Lamentum,2021-08-26,False,Mature,Indie,"Adventure, Action",81.0,6,4,8,134,0.0,402,4
485218,Tormented Souls,2021-08-26,False,Mature,Adventure,Action,280.0,4,4,49,423,76.0,216,4
236804,Super Animal Royale,2021-08-26,False,Mature,Adventure,"Action, Casual, Indie, Massively Multiplayer",1115.0,7,4,93,1227,0.0,168,3
327236,No More Heroes 3,2021-08-27,False,Mature,Adventure,Action,54.0,6,4,24,224,74.0,387,2
430320,KeyWe,2021-08-31,False,Everyone,Casual,Indie,131.0,7,4,20,188,74.0,203,4
64526,Rustler,2021-08-31,False,Mature,Indie,"Adventure, Action",1098.0,6,4,32,1223,62.0,290,3
402508,Lake,2021-09-01,False,Mature,Adventure,no,362.0,6,3,110,607,73.0,330,5
563269,Kitaria Fables,2021-09-02,False,Everyone 10+,Adventure,"Action, RPG",167.0,6,4,9,205,69.0,177,4
631948,WRC 10 FIA World Rally Championship,2021-09-02,False,Everyone,Racing,"Simulation, Sports",116.0,6,3,12,152,0.0,415,2
529784,F.I.S.T.: Forged In Shadow Torch,2021-09-07,False,Mature,Adventure,Action,213.0,3,4,65,489,76.0,405,2
795323,Dead by Daylight - Hellraiser,2021-09-07,False,Mature,Action,no,472.0,6,0,0,0,0.0,394,2
662357,Vampire: The Masquerade - Bloodhunt,2021-09-07,False,Mature,Action,no,1650.0,2,3,112,1895,0.0,670,1
622673,BloodRayne Betrayal: Fresh Bites,2021-09-08,False,Mature,Platformer,Action,49.0,6,0,3,69,0.0,272,5
662418,Life is Strange: True Colors - Deluxe Upgrade,2021-09-09,False,Mature,Adventure,no,1.0,6,0,1,2,0.0,290,4
275606,The Artful Escape,2021-09-09,False,Everyone 10+,Indie,"Platformer, Adventure, Action",559.0,6,4,133,860,80.0,184,2
638800,Hindsight 20/20 - Wrath of the Raakshasa,2021-09-09,False,Mature,Adventure,"Action, RPG",4.0,6,0,2,5,0.0,425,3
650646,NBA 2K22,2021-09-10,False,Mature,Simulation,Sports,294.0,6,4,38,349,0.0,159,3
455598,Lost in Random,2021-09-10,False,Everyone 10+,Indie,"Adventure, Action",489.0,6,4,62,762,78.0,609,4
326244,Tales of Arise,2021-09-10,False,Teen,Action,RPG,900.0,5,4,158,1543,85.0,1118,3
573123,Life is Strange: True Colors,2021-09-10,False,Mature,Adventure,Action,797.0,6,4,360,1673,0.0,682,4
326251,Deathloop,2021-09-14,False,Mature,Action,RPG,2685.0,3,4,507,4286,88.0,550,2
650647,Catlateral Damage: Remeowstered,2021-09-15,False,Mature,Adventure,"Action, Casual, Simulation, Indie",26.0,6,0,1,34,0.0,50,3
482920,TOEM,2021-09-16,False,Mature,Casual,"Indie, Adventure",702.0,4,4,75,884,79.0,80,2
300689,Tails of Iron,2021-09-16,False,Mature,Indie,"Adventure, Action, RPG",277.0,6,4,89,515,82.0,290,4
486727,Aragami 2,2021-09-17,False,Mature,Shooter,"Adventure, Action",464.0,6,4,74,670,68.0,385,6
650648,World War Z: Aftermath,2021-09-21,False,Mature,Shooter,"Arcade, Action",371.0,3,4,44,480,0.0,288,2
452635,Kena: Bridge of Spirits,2021-09-21,False,Everyone 10+,Shooter,"Adventure, Action, Strategy, Indie",919.0,3,4,410,2317,80.0,927,3
560733,Diablo II: Resurrected,2021-09-23,False,Mature,Action,RPG,651.0,6,5,232,1235,80.0,331,3
667756,Teacup,2021-09-23,False,Mature,Casual,"Indie, Adventure",57.0,5,4,7,77,0.0,195,2
58773,Sable,2021-09-23,False,Rating Pending,Indie,"Adventure, Action",762.0,6,4,147,1374,74.0,282,4
614964,Death Stranding Director's Cut,2021-09-24,False,Mature,Adventure,Action,1021.0,4,5,207,1605,0.0,470,4
669374,SUPER CHICKEN JUMPER,2021-09-24,False,Mature,Casual,"Indie, Adventure, Action",70.0,6,4,7,79,0.0,126,1
600924,Lost Judgment,2021-09-24,False,Mature,Adventure,Action,327.0,5,5,58,643,0.0,431,3
546464,FIFA 22,2021-09-27,False,Everyone,Sports,no,1066.0,6,4,215,1368,76.0,246,3
563420,Hot Wheels Unleashed,2021-09-27,False,Mature,Racing,no,1073.0,6,4,100,1263,74.0,192,4
350684,In Sound Mind,2021-09-28,False,Mature,Indie,"Adventure, Action",758.0,5,5,42,945,74.0,265,4
326271,LEMNIS GATE,2021-09-28,False,Mature,Indie,"Shooter, Strategy, Action",134.0,5,4,14,174,77.0,435,3
667781,Centipede: Recharged,2021-09-28,False,Mature,Arcade,Action,53.0,8,4,9,117,0.0,114,4
452664,A Juggler's Tale,2021-09-29,False,Mature,Indie,"Adventure, Action",210.0,6,4,29,316,73.0,399,3
826739,The Legend of Heroes: Trails in the Dark,2021-09-30,False,Mature,Adventure,RPG,1.0,3,0,0,6,0.0,266,0
670689,Life is Strange: True Colors - Wavelengths,2021-09-30,False,Mature,Adventure,no,6.0,5,4,30,65,0.0,148,3
447815,Industria,2021-09-30,False,Mature,Indie,"Shooter, Adventure, Action",682.0,4,3,34,809,66.0,337,2
545029,eFootball 2022,2021-09-30,False,Everyone,Sports,no,547.0,5,1,79,636,30.0,490,3
364811,The Eternal Cylinder,2021-09-30,False,Mature,Adventure,Action,71.0,5,4,24,159,80.0,223,4
622493,Super Monkey Ball: Banana Mania,2021-10-02,False,Mature,Arcade,Action,134.0,6,4,13,182,0.0,272,2
795350,Apex Legends - Loba Edition,2021-10-02,False,Teen,Shooter,no,3.0,6,0,2,3,0.0,189,2
635220,Nickelodeon All-Star Brawl,2021-10-05,False,Everyone 10+,Action,Fighting,1026.0,6,3,52,1147,0.0,80,2
654591,Alan Wake Remastered,2021-10-05,False,Teen,Adventure,Action,364.0,6,4,179,925,0.0,569,4
452643,Jett: The Far Shore,2021-10-06,False,Everyone,Adventure,Action,33.0,3,1,11,88,65.0,127,3
397473,Back 4 Blood,2021-10-07,False,Mature,Shooter,Action,2105.0,5,3,313,2717,76.0,559,4
463723,Far Cry 6,2021-10-07,False,Mature,Shooter,"Adventure, Action",1066.0,5,3,392,2465,75.0,994,4
667652,NHL 22,2021-10-12,False,Everyone 10+,Simulation,Sports,3.0,4,4,4,10,0.0,456,1
625837,Demon Slayer -Kimetsu no Yaiba- The Hinokami Chronicles,2021-10-13,False,Teen,Adventure,Action,129.0,6,4,25,225,0.0,376,3
650597,Crysis 2 Remastered,2021-10-15,False,Mature,Shooter,Action,421.0,6,4,52,570,0.0,351,2
650598,Crysis 3 Remastered,2021-10-17,False,Mature,Shooter,Action,397.0,6,4,52,564,0.0,274,2
688754,Discovery Tour by Assassin’s Creed: Viking Age,2021-10-19,False,Mature,Adventure,no,1.0,5,0,0,7,0.0,0,1
795316,Dead by Daylight - Hour of the Witch,2021-10-19,False,Mature,Action,no,472.0,6,0,0,0,0.0,429,2
479694,Inscryption,2021-10-19,False,Mature,Indie,"Strategy, Adventure",1725.0,6,5,492,2786,86.0,139,3
667655,Klang 2,2021-10-20,False,Mature,Indie,Action,3.0,6,0,0,9,0.0,400,2
684903,Unplugged,2021-10-21,False,Mature,Casual,"Indie, Simulation",6.0,2,0,1,9,0.0,493,1
555994,Disciples: Liberation,2021-10-21,False,Mature,Strategy,RPG,635.0,5,3,29,734,0.0,334,3
514896,The Dark Pictures Anthology: House of Ashes,2021-10-22,False,Mature,Adventure,Action,666.0,5,4,306,1295,73.0,148,3
677262,My Friend Peppa Pig,2021-10-22,False,Mature,Adventure,no,261.0,6,4,31,308,0.0,149,2
667654,NASCAR 21: Ignition,2021-10-26,False,Mature,Racing,"Simulation, Sports",24.0,5,0,0,26,0.0,170,2
651264,The Smurfs - Mission Vileaf,2021-10-26,False,Everyone,Adventure,Action,62.0,6,4,7,80,0.0,202,5
616765,Marvel's Guardians of the Galaxy,2021-10-26,False,Teen,Shooter,"Adventure, Action",2562.0,6,5,819,4317,0.0,768,5
685021,FATAL FRAME: Maiden of Black Water Digital Deluxe Edition,2021-10-27,False,Adults Only,Adventure,Action,98.0,6,4,15,173,0.0,401,3
493454,Saint Kotar,2021-10-28,False,Mature,Indie,Adventure,21.0,8,3,6,41,0.0,456,3
490752,Riders Republic,2021-10-28,False,Teen,Massively Multiplayer,"Action, Sports",426.0,5,4,76,614,78.0,471,4
681421,Cricket 22,2021-10-31,False,Mature,Simulation,Sports,49.0,6,4,6,61,0.0,284,2
364942,Unpacking,2021-11-02,False,Mature,Casual,no,1385.0,8,4,442,2134,84.0,84,3
684910,Conway: Disappearance at Dahlia View,2021-11-02,False,Mature,Adventure,no,44.0,6,4,4,87,0.0,224,3
366110,First Class Trouble,2021-11-02,False,Mature,Indie,no,793.0,2,3,33,908,0.0,359,2
684909,Bloodshore,2021-11-03,False,Mature,Casual,"Indie, Adventure, Action",86.0,8,3,9,105,0.0,216,3
681570,Demon Turf,2021-11-04,False,Mature,Indie,"Platformer, Adventure, Action",195.0,5,4,11,253,0.0,300,4
616684,Just Dance 2022,2021-11-04,False,Everyone,Casual,Simulation,63.0,6,4,11,82,0.0,283,2
647552,Call of Duty: Vanguard,2021-11-05,False,Mature,Shooter,no,743.0,5,4,119,1108,0.0,475,3
684911,MOBILE SUIT GUNDAM BATTLE OPERATION Code Fairy,2021-11-05,False,Mature,Action,no,7.0,2,0,0,8,0.0,77,1
614965,Jurassic World Evolution 2,2021-11-09,False,Teen,Strategy,Simulation,586.0,5,4,51,736,0.0,285,4
708999,Grand Theft Auto: Vice City – The Definitive Edition,2021-11-11,False,Mature,Racing,"Shooter, Adventure, Action",234.0,6,4,73,374,0.0,109,4
709004,Grand Theft Auto: San Andreas – The Definitive Edition,2021-11-11,False,Mature,Adventure,Action,883.0,7,3,143,1105,0.0,111,2
677164,Grand Theft Auto: The Trilogy – The Definitive Edition,2021-11-11,False,Mature,Shooter,Action,45.0,8,1,107,243,0.0,480,3
684908,The Elder Scrolls V: Skyrim Anniversary Edition,2021-11-11,False,Mature,Adventure,"Action, RPG",15.0,6,5,27,72,0.0,508,2
795355,Apex Legends - Escape Pack,2021-11-11,False,Teen,Shooter,no,2.0,6,0,2,2,0.0,0,1
708998,Grand Theft Auto III: The Definitive Edition,2021-11-11,False,Mature,Shooter,"Adventure, Action",77.0,6,4,53,189,0.0,292,2
681397,Treasures of the Aegean,2021-11-11,False,Mature,Indie,"Adventure, Action",19.0,6,0,1,31,0.0,58,1
430464,Bright Memory: Infinite,2021-11-12,False,Mature,Indie,Action,800.0,5,4,136,1114,65.0,670,5
614954,Battlefield 2042,2021-11-12,False,Mature,Casual,"Shooter, Adventure, Action",1486.0,5,3,279,1995,0.0,355,4
447825,Sherlock Holmes: Chapter One,2021-11-15,False,Mature,Adventure,"Action, Puzzle",225.0,5,4,75,585,74.0,475,3
537742,The Last Stand: Aftermath,2021-11-16,False,Rating Pending,Indie,"Shooter, Adventure, Action",122.0,4,4,27,208,0.0,630,3
684912,Nerf Legends,2021-11-18,False,Mature,Action,no,16.0,6,0,1,18,0.0,259,2
692545,Kid A Mnesia: Exhibition,2021-11-18,False,Mature,Adventure,no,32.0,2,5,34,136,0.0,0,1
681398,Farming Simulator 22,2021-11-22,False,Everyone,Simulation,no,433.0,6,4,40,539,0.0,406,3
635388,Asterix & Obelix: Slap them All!,2021-11-25,False,Mature,Action,no,6.0,6,1,6,26,0.0,211,2
795314,Dead by Daylight - Portrait of a Murder,2021-11-30,False,Mature,Action,no,472.0,6,0,0,1,0.0,551,2
440084,Chorus,2021-12-02,False,Teen,Indie,"Shooter, Adventure, Action",501.0,5,4,78,722,76.0,243,4
702250,Happy's Humble Burger Farm,2021-12-02,False,Mature,Indie,"Adventure, Action, Simulation",54.0,6,5,12,70,0.0,154,5
301514,Solar Ash,2021-12-02,False,Mature,Adventure,Action,90.0,5,4,62,389,78.0,48,2
704811,The Matrix Awakens,2021-12-05,False,Mature,Shooter,no,17.0,2,4,39,95,0.0,437,1
364870,Heavenly Bodies,2021-12-07,False,Mature,Adventure,"Action, Simulation",179.0,4,4,45,279,80.0,185,2
663785,White Shadows,2021-12-07,False,Mature,Indie,"Platformer, Adventure",51.0,4,4,22,115,0.0,246,3
681399,FINAL FANTASY XIV: Endwalker,2021-12-07,False,Teen,Massively Multiplayer,RPG,25.0,3,5,39,109,0.0,451,2
49417,Wytchwood,2021-12-09,False,Everyone 10+,Casual,"Indie, Adventure, RPG",186.0,6,4,14,273,78.0,246,2
702251,Firegirl: Hack 'n Splash Rescue,2021-12-13,False,Mature,Action,no,74.0,6,3,5,90,0.0,340,3
18856,Praey for the Gods,2021-12-14,False,Mature,Adventure,"Action, RPG, Simulation, Indie",275.0,4,3,39,437,54.0,230,2
650664,Aeterna Noctis,2021-12-14,False,Mature,Indie,"Platformer, Adventure, Action",93.0,6,3,12,142,0.0,341,2
611597,Clid the snail,2021-12-15,False,Mature,Indie,"Shooter, Adventure, Action",32.0,3,4,5,57,0.0,214,3
494383,Five Nights at Freddy's: Security Breach,2021-12-16,False,Teen,Indie,"Adventure, Action",125.0,5,4,49,216,64.0,259,2
622518,Alfred Hitchcock – Vertigo,2021-12-16,False,Mature,Adventure,no,149.0,6,4,28,241,0.0,179,3
722640,Dusk Diver 2,2022-01-14,False,Mature,Adventure,"Action, RPG",3.0,4,0,1,9,0.0,258,1
650608,Nobody Saves the World,2022-01-17,False,Teen,Indie,"Adventure, Action, RPG",805.0,5,4,130,1121,0.0,303,2
616762,Tom Clancy’s Rainbow Six Extraction,2022-01-20,False,Mature,Shooter,Action,135.0,5,1,48,288,0.0,743,4
302303,Windjammers 2,2022-01-20,False,Everyone,Indie,Sports,307.0,6,4,40,375,78.0,364,1
662415,Blackwind,2022-01-20,False,Teen,Indie,"Adventure, Action",11.0,7,0,0,18,0.0,601,2
719573,Wanderer,2022-01-27,False,Mature,Indie,"Adventure, Action",68.0,3,0,4,88,0.0,324,1
631945,Rugby 22,2022-01-27,False,Mature,Simulation,Sports,8.0,5,0,1,11,0.0,50,1
704634,Uncharted: Legacy of Thieves Collection,2022-01-28,False,Teen,Adventure,Action,3619.0,2,5,439,4704,0.0,497,4
573125,Life is Strange Remastered,2022-02-01,False,Mature,Adventure,Action,218.0,6,4,74,398,0.0,472,1
616754,Life is Strange Remastered Collection,2022-02-01,False,Mature,Adventure,no,43.0,5,5,24,116,0.0,436,3
573126,Life is Strange: Before the Storm Remastered,2022-02-01,False,Mature,Adventure,Action,166.0,6,1,46,286,0.0,411,1
58758,Dying Light 2 Stay Human,2022-02-04,False,Mature,Adventure,"Action, RPG",1482.0,6,4,364,2945,77.0,1171,5
586054,OlliOlli World,2022-02-07,False,Mature,Platformer,"Indie, Action, Sports",595.0,6,4,63,816,0.0,190,2
564757,Sifu,2022-02-08,False,Mature,Action,Fighting,446.0,6,4,303,1487,79.0,135,5
462678,Know by Heart,2022-02-09,False,Mature,Indie,Adventure,15.0,7,4,29,113,65.0,162,2
732479,Breakout: Recharged,2022-02-10,False,Mature,Casual,"Arcade, Action",20.0,8,0,1,34,0.0,136,4
370239,Infernax,2022-02-14,False,Mature,Indie,"Adventure, Action, RPG",130.0,6,4,44,223,83.0,202,1
712671,DYNASTY WARRIORS 9 Empires,2022-02-15,False,Mature,Strategy,"Action, Simulation",41.0,6,0,4,62,0.0,437,1
795349,Apex Legends – Defiance Pack,2022-02-17,False,Mature,Shooter,no,1.0,6,0,1,1,0.0,0,1
647549,The King of Fighters XV,2022-02-17,False,Teen,Action,Fighting,154.0,4,4,20,210,0.0,240,3
452642,Horizon Forbidden West,2022-02-18,False,Teen,Adventure,"Action, RPG",1075.0,3,5,383,2534,86.0,496,2
662312,Destiny 2: The Witch Queen,2022-02-23,False,Teen,Shooter,Action,12.0,5,4,17,54,0.0,466,4
59765,Martha is Dead,2022-02-24,False,Mature,Adventure,no,153.0,4,4,45,332,67.0,313,4
326243,Elden Ring,2022-02-25,False,Mature,Action,RPG,4297.0,5,5,1198,7146,95.0,578,3
638655,GRID Legends,2022-02-25,False,Everyone 10+,Racing,"Action, Sports",412.0,5,4,52,565,0.0,285,3
619806,FAR: Changing Tides,2022-03-01,False,Mature,Indie,"Adventure, Action",402.0,6,4,107,698,0.0,378,2
622489,ELEX II,2022-03-01,False,Mature,Action,RPG,269.0,5,4,52,457,0.0,575,4
462677,Shadow Warrior 3,2022-03-01,False,Mature,Shooter,"Adventure, Action",317.0,5,4,128,773,70.0,611,3
678695,Beholder 3,2022-03-03,False,Mature,Puzzle,no,151.0,7,3,42,251,0.0,262,5
745755,Gunborg: Dark Matters,2022-03-03,False,Mature,Platformer,"Indie, Action",1.0,6,0,1,7,0.0,286,4
615478,A Musical Story,2022-03-03,False,Mature,Casual,"Indie, Adventure",67.0,10,1,13,94,0.0,130,6
58799,Babylon's Fall,2022-03-03,False,Teen,Action,RPG,78.0,3,1,12,144,44.0,647,2
724096,What Lies in the Multiverse,2022-03-04,False,Mature,Casual,"Indie, Platformer, Adventure",77.0,6,0,3,91,0.0,271,5
452633,Gran Turismo 7,2022-03-04,False,Mature,Racing,no,351.0,2,4,57,583,84.0,499,1
752182,WWE 2K22,2022-03-08,False,Teen,Simulation,Sports,261.0,5,4,37,330,0.0,448,1
795315,Dead by Daylight - Sadako Rising,2022-03-08,False,Mature,Action,no,472.0,6,0,0,0,0.0,449,2
752097,Ghostwire: Tokyo - Prelude,2022-03-08,False,Teen,Casual,Adventure,252.0,3,3,10,293,0.0,316,2
349174,Will You Snail?,2022-03-09,False,Everyone 10+,Platformer,"Indie, Action",39.0,6,0,1,48,82.0,223,4
850703,Quick Mafs,2022-03-09,False,Mature,Casual,no,472.0,2,0,1,2,0.0,8,0
799247,Assassin's Creed Valhalla - Dawn Of Ragnarok,2022-03-10,False,Mature,Adventure,"Action, RPG",3.0,5,4,9,25,0.0,137,0
586043,Aztech: Forgotten Gods,2022-03-10,False,Teen,Platformer,Action,7.0,6,4,5,21,0.0,300,4
455580,Anno: Mutationem,2022-03-16,False,Mature,Indie,"Adventure, Action, RPG",182.0,3,4,35,366,73.0,476,1
29236,Tunic,2022-03-16,False,Everyone,Indie,"Adventure, Action",1485.0,7,5,317,2441,86.0,284,4
366843,Syberia: The World Before,2022-03-18,False,Teen,Adventure,no,73.0,3,4,56,388,80.0,410,4
619344,Stranger of Paradise: Final Fantasy Origin,2022-03-18,False,Mature,Adventure,"Action, RPG",93.0,5,4,42,251,0.0,1005,3
751899,Returnal: Ascension,2022-03-22,False,Mature,Shooter,no,472.0,1,0,1,0,0.0,0,0
326248,Ghostwire: Tokyo,2022-03-24,False,Rating Pending,Action,no,807.0,3,4,279,1903,78.0,495,4
757673,Relayer,2022-03-24,False,Mature,Strategy,RPG,18.0,2,0,0,20,0.0,0,1
678592,A Memoir Blue,2022-03-24,False,Teen,Casual,"Indie, Adventure",229.0,6,4,72,378,0.0,259,3
614962,Tiny Tina's Wonderlands,2022-03-25,False,Teen,Shooter,"Adventure, Action, RPG",662.0,5,4,103,1069,0.0,617,4
932624,Lost Judgment: The Kaito Files,2022-03-28,False,Adults Only,Adventure,"Action, Fighting",472.0,5,0,1,3,0.0,0,0
963591,Fortnite Zero Build: No-Build Battle Royale,2022-03-29,False,Mature,Shooter,Action,2.0,7,0,0,6,0.0,145,1
375198,Agent Intercept,2022-03-30,False,Mature,Racing,Action,22.0,7,4,7,36,75.0,154,1
633390,Moss: Book II,2022-03-31,False,Everyone 10+,Adventure,Action,34.0,3,4,6,53,0.0,396,1
398409,Weird West,2022-03-31,False,Mature,Adventure,"Action, RPG, Simulation, Indie",784.0,5,4,159,1304,77.0,376,4
736279,MLB The Show 22,2022-04-01,False,Everyone,Sports,no,2.0,5,0,1,6,0.0,37,1
326239,Lego Star Wars: The Skywalker Saga,2022-04-05,False,Everyone 10+,Platformer,"Adventure, Action",1300.0,6,4,189,1918,80.0,330,2
764954,Godfall Ultimate Edition,2022-04-07,False,Mature,Adventure,Action,93.0,5,4,8,113,0.0,703,2
764955,Kombinera,2022-04-07,False,Everyone 10+,Action,Puzzle,12.0,9,0,0,26,0.0,118,3
566464,Astral Ascent,2022-04-12,False,Mature,Indie,"Platformer, Adventure, Action",41.0,4,4,5,93,0.0,134,4
516127,Winter Ember,2022-04-19,False,Adults Only,Strategy,"Adventure, Action",22.0,5,1,14,57,58.0,585,2
772616,Ember Knights,2022-04-20,False,Mature,Adventure,"Action, RPG",56.0,4,4,12,76,0.0,478,2
378579,Teardown,2022-04-21,False,Mature,Strategy,"Indie, Action, Simulation",869.0,2,4,201,1325,80.0,246,1
772649,MotoGP 22,2022-04-21,False,Everyone,Racing,"Simulation, Sports",33.0,6,0,3,41,0.0,340,1
777316,DEADCRAFT,2022-04-21,False,Mature,Action,Simulation,14.0,6,0,2,22,0.0,462,1
505782,King Arthur: Knight's Tale,2022-04-26,False,Mature,Strategy,RPG,178.0,3,4,23,305,76.0,421,1
274758,The Stanley Parable: Ultra Deluxe,2022-04-27,False,Mature,Casual,"Indie, Adventure",1034.0,8,5,297,1783,90.0,38,1
651271,Wildcat Gun Machine,2022-05-04,False,Mature,Indie,Action,53.0,6,3,6,113,0.0,408,4
616679,Trek to Yomi,2022-05-05,False,Mature,Platformer,"Adventure, Action",784.0,5,3,168,1196,0.0,439,3
614966,Salt and Sacrifice,2022-05-10,False,Mature,Platformer,"Action, RPG",44.0,4,3,20,137,0.0,210,3
650667,Eiyuden Chronicle: Rising,2022-05-10,False,Mature,Adventure,"Action, RPG, Strategy, Indie",259.0,6,4,26,352,0.0,598,4
303579,Soundfall,2022-05-11,False,Everyone 10+,Adventure,Action,92.0,5,4,9,136,69.0,311,2
350719,Flippin Kaktus,2022-05-12,False,Mature,Indie,"Adventure, Action",1.0,6,0,0,5,0.0,287,1
783874,The Centennial Case: A Shijima Story,2022-05-12,False,Teen,Adventure,no,18.0,4,0,2,27,0.0,391,1
532167,Evil Dead: The Game,2022-05-13,False,Mature,Action,no,115.0,6,4,30,274,73.0,224,3
462685,Vampire: The Masquerade – Swansong,2022-05-19,False,Adults Only,Adventure,RPG,44.0,6,4,46,219,64.0,241,4
795348,Apex Legends – Saviors Pack,2022-05-19,False,Mature,Shooter,no,1.0,6,0,1,1,0.0,0,1
60527,Dolmen,2022-05-20,False,Teen,Indie,"Adventure, Action, RPG",66.0,5,3,8,89,57.0,445,1
707256,Sniper Elite 5,2022-05-25,False,Rating Pending,Shooter,"Adventure, Action",805.0,5,4,95,1131,0.0,646,2
327216,Roller Champions,2022-05-25,False,Mature,Racing,"Action, Sports",277.0,5,3,29,338,0.0,458,4
570172,My Time at Sandrock,2022-05-26,False,Mature,Adventure,"RPG, Casual, Simulation, Indie",186.0,6,5,21,261,0.0,416,6
580700,Arcade Spirits: The New Challengers,2022-05-27,False,Mature,Indie,Adventure,11.0,8,0,1,15,0.0,207,2
776261,Kao the Kangaroo (2022),2022-05-27,False,Everyone 10+,Platformer,Action,26.0,6,4,17,100,0.0,328,4
650620,Silt,2022-06-01,False,Mature,Indie,Adventure,64.0,6,3,8,126,0.0,152,4
795523,Zeus Quest - The Rebirth of Earth,2022-06-02,False,Mature,Indie,"Strategy, Adventure, Action",2.0,7,0,0,2,69.0,425,1
923021,We Love Katamari + Royal Reverie,2022-06-02,False,Mature,Arcade,no,472.0,6,0,1,5,0.0,175,0
721077,Souldiers,2022-06-02,False,Mature,Platformer,"Adventure, Action",131.0,6,3,14,211,0.0,198,4
797905,Super Perils of Baking,2022-06-03,False,Mature,Casual,"Indie, Action",3.0,5,0,0,3,76.0,160,2
754888,The Quarry,2022-06-09,False,Mature,Adventure,Action,889.0,5,4,278,1624,0.0,238,2
62883,The Hand of Merlin,2022-06-14,False,Mature,Strategy,"Indie, RPG",69.0,6,0,3,95,0.0,366,4
975834,OlliOlli World: VOID Riders,2022-06-15,False,Mature,Indie,"Action, Sports",472.0,6,0,0,1,0.0,50,0
791640,Oxide Room 104,2022-06-15,False,Mature,Indie,"Adventure, Action",21.0,4,4,6,33,0.0,406,2
791639,Redout 2,2022-06-16,False,Mature,Racing,"Action, Sports",63.0,6,3,5,107,0.0,331,2
804786,Final Vendetta,2022-06-16,False,Mature,Indie,Action,104.0,8,4,7,123,0.0,276,2
558980,Neon White,2022-06-16,False,Teen,Indie,"Shooter, Adventure, Action",708.0,4,5,202,1251,88.0,253,2
570074,Teenage Mutant Ninja Turtles: Shredder's Revenge,2022-06-16,False,Everyone 10+,Adventure,"Action, Fighting, Casual, Arcade, Indie",1746.0,9,4,400,2562,86.0,284,3
772537,Sonic Origins,2022-06-23,False,Everyone,Casual,"Platformer, Adventure, Action",96.0,6,4,10,143,0.0,258,3
902898,Air Twister,2022-06-24,False,Everyone 10+,Shooter,Action,1.0,6,0,1,4,0.0,197,4
799244,Outriders Worldslayer,2022-06-28,False,Mature,Shooter,"Action, RPG",7.0,5,4,5,23,0.0,291,2
669216,Monster Hunter Rise: Sunbreak,2022-06-30,False,Mature,Action,RPG,11.0,6,5,13,46,0.0,429,0
776260,F1 22,2022-06-30,False,Everyone,Racing,Sports,273.0,5,4,37,336,0.0,248,3
813655,Matchpoint - Tennis Championships,2022-07-07,False,Mature,Simulation,Sports,225.0,6,3,16,247,0.0,305,2
736276,KLONOA Phantasy Reverie Series,2022-07-07,False,Mature,Casual,"Platformer, Adventure, Action",92.0,6,5,10,136,0.0,188,2
663740,MADiSON,2022-07-08,False,Mature,Indie,"Adventure, Action, Simulation",71.0,6,4,25,169,0.0,135,2
810296,Time on Frog Island,2022-07-12,False,Mature,Indie,"Adventure, Puzzle",43.0,6,0,3,63,0.0,374,2
795370,Escape Academy,2022-07-13,False,Mature,Adventure,Puzzle,346.0,5,4,53,504,0.0,326,3
581104,PowerWash Simulator,2022-07-14,False,Mature,Casual,"Indie, Simulation",1199.0,4,4,135,1442,0.0,373,2
686816,Endling - Extinction is Forever,2022-07-19,False,Teen,Indie,"Adventure, Simulation",106.0,8,4,33,248,0.0,600,7
452638,Stray,2022-07-19,False,Everyone 10+,Adventure,"Action, Puzzle, Indie, Platformer",2456.0,6,4,1032,5058,82.0,138,4
373521,Hell Pie,2022-07-21,False,Mature,Adventure,Action,103.0,6,4,7,148,68.0,550,2
812169,SENSEs: Midnight,2022-07-22,False,Teen,Adventure,no,472.0,7,0,0,0,0.0,371,4
736263,Live A Live Remaster,2022-07-22,False,Rating Pending,RPG,no,15.0,4,4,8,95,0.0,236,3
791638,MultiVersus,2022-07-26,False,Mature,Action,Fighting,2812.0,5,3,166,3132,0.0,382,2
916467,Salamander County Public Television,2022-07-29,False,Mature,Action,"Puzzle, Casual, Simulation, Indie",6.0,5,0,1,8,0.0,101,1
614967,Two Point Campus,2022-08-09,False,Teen,Strategy,"Indie, Simulation",546.0,8,4,39,689,0.0,153,4
650605,Cult of the Lamb,2022-08-11,False,Mature,Indie,"Strategy, Adventure, Action",1105.0,7,4,340,1968,0.0,213,2
637473,Arcade Paradise,2022-08-11,False,Mature,Indie,"Adventure, Simulation",195.0,6,3,14,255,0.0,294,3
797882,Rollerdrome,2022-08-16,False,Mature,Shooter,"Indie, Action, Sports",337.0,3,4,48,483,0.0,227,1
799262,Madden NFL 23,2022-08-16,False,Everyone,Simulation,Sports,32.0,5,0,3,40,0.0,196,2
772682,Way of the Hunter,2022-08-16,False,Teen,Shooter,"Adventure, Simulation, Sports",43.0,3,4,10,61,0.0,203,3
836456,We Are OFK,2022-08-18,False,Mature,Indie,Adventure,17.0,5,0,4,42,0.0,285,4
578182,Thymesia,2022-08-18,False,Mature,Action,no,155.0,4,3,54,328,0.0,534,4
782343,Cursed to Golf,2022-08-18,False,Mature,Indie,"Adventure, Action, Sports",82.0,6,3,12,146,0.0,343,3
828467,Slaycation Paradise,2022-08-18,False,Mature,Shooter,"Indie, Action",17.0,6,0,0,20,0.0,591,2
650607,Saints Row (2022),2022-08-23,False,Mature,Adventure,Action,71.0,5,1,94,413,0.0,430,3
840855,I Was a Teenage Exocolonist,2022-08-24,False,Mature,Card,"Indie, RPG, Simulation",55.0,6,5,19,113,0.0,435,4
736277,SD GUNDAM BATTLE ALLIANCE,2022-08-25,False,Teen,Action,"RPG, Fighting",20.0,6,0,3,31,0.0,113,2
743389,Soul Hackers 2,2022-08-26,False,Mature,RPG,no,136.0,5,4,19,250,0.0,534,1
840854,PAC-MAN WORLD Re-PAC,2022-08-26,False,Everyone,Racing,"Adventure, Action",47.0,6,4,6,62,0.0,410,1
619533,Tinykin,2022-08-29,False,Mature,Indie,"Adventure, Action",365.0,6,4,77,538,0.0,203,2
815120,Teenage Mutant Ninja Turtles: The Cowabunga Collection,2022-08-30,False,Teen,Arcade,"Adventure, Action",86.0,6,4,12,126,0.0,230,2
844359,F1 Manager 2022,2022-08-30,False,Everyone,Racing,"Strategy, Simulation",138.0,5,4,20,163,0.0,385,3
674190,Destroy All Humans! 2 - Reprobed,2022-08-30,False,Mature,Adventure,Action,137.0,4,4,19,252,0.0,561,4
816342,Desperate: Vladivostok,2022-08-31,False,Mature,Shooter,"Adventure, Action, Fighting, Sports",2.0,2,0,0,4,0.0,209,1
375284,Scathe,2022-08-31,False,Mature,Action,no,25.0,5,1,6,50,61.0,446,1
844372,Chenso Club,2022-09-01,False,Mature,Action,"Casual, Arcade, Indie, Platformer",164.0,6,3,6,188,0.0,268,1
753932,JoJo's Bizarre Adventure: All-Star Battle R,2022-09-02,False,Mature,Action,Fighting,121.0,6,4,20,186,0.0,469,3
304183,Lego Brawls,2022-09-02,False,Everyone 10+,Casual,"Action, Fighting",26.0,7,0,2,34,56.0,402,2
799265,The Last of Us Part I,2022-09-02,False,Mature,Shooter,"Adventure, Action",359.0,2,5,313,1283,0.0,567,3
844364,Kaichu - The Kaiju Dating Sim,2022-09-02,False,Mature,Indie,"Adventure, RPG, Simulation",1.0,8,0,1,6,0.0,196,4
616683,Rocksmith+,2022-09-06,False,Mature,Casual,Simulation,16.0,6,0,2,26,0.0,323,1
844362,Circus Electrique,2022-09-06,False,Mature,Strategy,"Indie, RPG",33.0,6,4,6,93,0.0,425,3
815118,The Tomorrow Children: Phoenix Edition,2022-09-06,False,Mature,Massively Multiplayer,Action,1.0,2,0,0,3,62.0,287,0
759893,JUSTICE SUCKS,2022-09-08,False,Mature,Action,no,3.0,6,0,2,6,78.0,306,1
462688,Steelrising,2022-09-08,False,Teen,Adventure,"Action, RPG",232.0,3,3,79,518,71.0,359,5
484654,Broken Pieces,2022-09-08,False,Mature,Indie,"Adventure, Action",49.0,5,3,5,78,64.0,482,3
846505,NBA 2K23,2022-09-09,False,Mature,Simulation,Sports,193.0,6,4,21,242,0.0,269,1
719571,Isonzo,2022-09-13,False,Mature,Shooter,"Action, Strategy, Simulation, Indie, Massively Multiplayer",57.0,6,3,10,87,0.0,566,1
454544,Metal: Hellsinger,2022-09-15,False,Mature,Shooter,"Adventure, Action",935.0,5,4,167,1394,79.0,275,1
850700,Trinity Trigger,2022-09-15,False,Everyone 10+,Action,RPG,8.0,4,0,0,17,0.0,116,2
850817,SBK 22,2022-09-15,False,Everyone,Racing,"Simulation, Sports",3.0,5,0,0,3,0.0,346,1
376110,Wayward Strand,2022-09-15,False,Mature,Indie,"Adventure, RPG, Simulation",18.0,6,0,0,43,79.0,156,1
762618,Return to Monkey Island,2022-09-19,False,Teen,Casual,"Adventure, Puzzle",335.0,8,4,62,569,0.0,176,4
619867,Soulstice,2022-09-19,False,Mature,Adventure,Action,179.0,3,3,27,345,0.0,410,2
650623,Squadron 51,2022-09-21,False,Mature,Indie,"Shooter, Arcade, Action",472.0,4,0,1,3,0.0,170,1
732437,Potion Permit,2022-09-22,False,Mature,Casual,"Adventure, Action, RPG",103.0,6,3,13,179,0.0,326,2
751901,The DioField Chronicle,2022-09-22,False,Teen,Strategy,RPG,39.0,6,0,1,93,0.0,392,3
854739,Session: Skate Sim,2022-09-22,False,Teen,Simulation,no,5.0,5,0,4,17,0.0,0,0
268363,Prodeus,2022-09-23,False,Mature,Indie,"Adventure, Action",529.0,8,4,105,829,80.0,490,4
391397,Grounded,2022-09-27,False,Teen,Indie,Adventure,1280.0,4,4,270,1892,82.0,273,2
978041,World of Outlaws: Dirt Racing,2022-09-27,False,Everyone 10+,Racing,Simulation,472.0,5,0,1,1,0.0,203,3
823549,FIFA 23,2022-09-27,False,Everyone,Simulation,Sports,32.0,6,4,65,154,0.0,306,4
816326,Moonscars,2022-09-27,False,Mature,Adventure,"Action, Fighting, Indie, Platformer",184.0,6,4,27,314,0.0,459,3
692538,Deathverse: Let It Die,2022-09-28,False,Teen,Action,no,158.0,3,3,6,170,0.0,648,1
751914,Valkyrie Elysium,2022-09-29,False,Teen,Action,RPG,73.0,4,4,17,162,0.0,687,2
862984,Overwatch 2 - Starter Pack: Season One,2022-10-04,False,Teen,Shooter,Action,3.0,6,0,3,3,0.0,0,1
862968,Overwatch 2: Watchpoint Pack,2022-10-04,False,Teen,Shooter,Action,3.0,6,0,1,3,0.0,0,0
388308,Overwatch 2,2022-10-04,False,Teen,Shooter,"Massively Multiplayer, Action",1354.0,6,3,314,1940,78.0,511,3
857633,Dakar Desert Rally,2022-10-04,False,Everyone,Racing,no,42.0,5,3,11,113,0.0,373,3
804850,Asterigos: Curse of the Stars,2022-10-11,False,Mature,Adventure,"Action, RPG",125.0,5,4,25,251,0.0,668,3
865079,PGA TOUR 2K23,2022-10-11,False,Everyone,Simulation,Sports,54.0,5,0,4,62,0.0,399,1
840782,Stranded: Alien Dawn,2022-10-12,False,Mature,Strategy,Simulation,46.0,5,0,4,82,0.0,454,2
833436,LEGO Bricktales,2022-10-12,False,Everyone 10+,Casual,"Adventure, Simulation, Puzzle",83.0,8,3,14,149,0.0,344,5
857616,DRAGON BALL: THE BREAKERS,2022-10-13,False,Teen,Casual,"Adventure, Action",34.0,6,0,4,48,0.0,541,2
614971,The Last Oricru,2022-10-13,False,Mature,Adventure,"Action, RPG",13.0,3,3,10,37,0.0,412,1
857615,NHL 23,2022-10-14,False,Everyone 10+,Sports,no,1.0,4,0,3,8,0.0,222,1
428685,Trifox,2022-10-14,False,Everyone 10+,Indie,"Shooter, Adventure, Action",33.0,6,0,1,41,78.0,297,5
857619,Nickelodeon Kart Racers 3: Slime Speedway,2022-10-14,False,Mature,Racing,no,23.0,6,0,2,30,0.0,397,2
616697,A Plague Tale: Requiem,2022-10-17,False,Mature,Adventure,Action,938.0,6,5,371,2170,0.0,306,3
758458,Ghostbusters: Spirits Unleashed,2022-10-18,False,Mature,Action,no,29.0,5,4,5,54,0.0,510,0
616750,"Warhammer 40,000: Shootas, Blood & Teef",2022-10-20,False,Mature,Adventure,Action,50.0,7,4,16,95,0.0,694,3
836447,New Tales from the Borderlands,2022-10-21,False,Mature,Adventure,no,104.0,6,1,11,190,0.0,488,5
481908,Gotham Knights,2022-10-21,False,Rating Pending,Adventure,"Action, RPG",404.0,3,3,112,856,66.0,577,2
10069,Mount & Blade II: Bannerlord,2022-10-25,False,Mature,Strategy,"Action, RPG, Simulation",1070.0,5,5,265,1789,78.0,393,3
791636,Call of Duty: Modern Warfare II,2022-10-27,False,Adults Only,Shooter,Action,724.0,5,4,162,1223,0.0,535,2
866399,Resident Evil Village - Winters’ Expansion,2022-10-27,False,Mature,Action,no,3.0,5,4,5,8,0.0,610,2
795375,Saturnalia,2022-10-27,False,Mature,Adventure,no,37.0,7,0,4,101,0.0,447,2
871283,STAR OCEAN THE DIVINE FORCE,2022-10-27,False,Teen,Action,RPG,47.0,3,4,5,54,0.0,394,1
854347,Star Ocean: The Divine Force,2022-10-27,False,Mature,RPG,no,6.0,5,4,5,41,0.0,77,1
857780,Arkanoid: Eternal Battle,2022-10-27,False,Mature,Indie,"Massively Multiplayer, Action",26.0,4,0,1,32,0.0,261,3
857617,Charon's Staircase,2022-10-27,False,Mature,Indie,Adventure,6.0,5,0,2,11,0.0,326,2
802434,Resident Evil Village - Shadows of Rose,2022-10-28,False,Mature,Action,no,25.0,5,4,63,157,0.0,348,0
545033,Resident Evil Re:Verse,2022-10-28,False,Adults Only,Shooter,Action,1428.0,5,1,55,1539,0.0,453,1
836798,The Entropy Centre,2022-11-02,False,Mature,Adventure,Puzzle,152.0,5,4,48,297,0.0,143,2
614970,The Chant,2022-11-02,False,Mature,Adventure,Action,47.0,3,4,25,119,0.0,323,2
975833,OlliOlli World: Finding the Flowzone,2022-11-02,False,Mature,Indie,"Action, Sports",472.0,6,0,0,1,0.0,67,1
874088,Horse Tales: Emerald Valley Ranch,2022-11-03,False,Mature,Adventure,"Action, Simulation",6.0,4,0,1,9,0.0,326,1
795313,WRC Generations,2022-11-03,False,Mature,Racing,no,3.0,6,4,6,13,0.0,310,1
872266,Football Manager 2023,2022-11-07,False,Mature,Simulation,Sports,148.0,7,4,27,212,0.0,63,3
704789,Sonic Frontiers,2022-11-08,False,Everyone 10+,Platformer,"Adventure, Action",272.0,6,4,45,506,0.0,292,3
494384,God of War: Ragnarök,2022-11-09,False,Mature,Action,no,277.0,2,5,482,1780,0.0,515,1
977213,Jurassic World Aftermath Collection,2022-11-10,False,Teen,Adventure,no,1.0,3,0,0,2,0.0,187,2
874102,Garfield Lasagna Party,2022-11-10,False,Mature,Adventure,Action,11.0,7,0,0,13,0.0,327,1
968128,Quadratank,2022-11-11,False,Everyone 10+,Arcade,no,472.0,3,0,0,0,0.0,42,0
852720,Tactics Ogre: Reborn,2022-11-11,False,Teen,Strategy,"Adventure, RPG, Simulation",76.0,4,4,8,146,0.0,193,3
968275,Neo Breakout,2022-11-11,False,Mature,Arcade,no,472.0,3,0,0,0,0.0,0,0
801567,Pentiment,2022-11-14,False,Mature,Casual,Adventure,464.0,6,5,106,842,0.0,427,1
332787,Somerville,2022-11-15,False,Mature,Adventure,Action,326.0,5,3,95,674,70.0,108,1
847743,Monochrome Mobius: Rights and Wrongs Forgotten,2022-11-16,False,Mature,RPG,no,8.0,3,0,0,14,0.0,68,1
872778,Call of Duty: Warzone 2.0,2022-11-16,False,Mature,Shooter,Action,32.0,5,3,65,178,0.0,292,2
682502,The Dark Pictures Anthology: The Devil In Me,2022-11-17,False,Adults Only,Adventure,Action,136.0,5,3,132,476,0.0,461,3
799273,Goat Simulator 3,2022-11-17,False,Teen,Casual,"Adventure, Action, Simulation",21.0,4,4,23,90,0.0,494,3
683248,The Dark Pictures Anthology: Season One,2022-11-18,False,Mature,Adventure,no,3.0,5,0,2,12,0.0,515,3
530497,Evil West,2022-11-21,False,Adults Only,Adventure,"Action, RPG",223.0,5,4,116,663,74.0,378,2
419293,Gungrave: G.O.R.E.,2022-11-22,False,Mature,Adventure,Action,261.0,6,3,32,353,57.0,628,4
871146,Just Dance 2023 Edition,2022-11-22,False,Mature,Casual,"Family, Sports",14.0,3,4,5,24,0.0,163,2
861281,Ship of Fools,2022-11-22,False,Mature,Indie,Action,74.0,2,4,18,129,0.0,400,1
864914,The Knight Witch,2022-11-29,False,Mature,Indie,"Platformer, Adventure, Action",48.0,6,0,4,85,0.0,285,2
861287,Need for Speed Unbound,2022-11-29,False,Teen,Racing,Arcade,527.0,3,4,108,855,0.0,226,2
529698,The Callisto Protocol,2022-12-01,False,Mature,Adventure,Action,574.0,5,4,183,1282,69.0,527,2
797881,The Walking Dead: Saints & Sinners Chapter 2 Retribution,2022-12-01,False,Mature,Shooter,Action,4.0,3,0,2,12,0.0,379,1
887670,Pre-purchase Romancing SaGa - Minstrel Song- Remastered,2022-12-01,False,Mature,RPG,no,472.0,4,0,0,0,0.0,162,2
889887,Burnhouse Lane,2022-12-01,False,Mature,Adventure,Action,37.0,6,5,10,68,0.0,263,5
650604,Marvel's Midnight Suns,2022-12-02,False,Teen,Strategy,RPG,422.0,5,4,71,802,0.0,530,3
887674,Far Cry 6: Lost Between Worlds,2022-12-06,False,Mature,Adventure,Action,4.0,5,0,0,10,0.0,65,1
471020,Hello Neighbor 2,2022-12-06,False,Mature,Indie,"Strategy, Adventure, Action",163.0,3,3,17,228,0.0,221,1
415172,Divine Knockout,2022-12-06,False,Mature,Action,Fighting,30.0,5,4,8,84,0.0,516,3
936411,Overwatch 2 - Starter Pack: Season Two,2022-12-06,False,Mature,Shooter,Action,1.0,6,0,3,1,0.0,0,0
891206,Hubris,2022-12-07,False,Mature,Adventure,Action,3.0,2,0,3,8,0.0,578,2
484971,Chained Echoes,2022-12-08,False,Mature,Indie,RPG,274.0,8,5,37,450,89.0,252,3
804751,Crisis Core: Final Fantasy VII Reunion,2022-12-13,False,Teen,Adventure,"Action, RPG",172.0,6,5,55,406,0.0,590,3
801032,High on Life,2022-12-13,False,Mature,Shooter,"Adventure, Action",1279.0,4,4,212,1909,0.0,471,2
833438,River City Girls 2,2022-12-14,False,Everyone 10+,Adventure,"Action, RPG",50.0,5,5,15,126,0.0,220,3
616690,Blacktail,2022-12-15,False,Mature,Adventure,"Action, RPG",116.0,3,4,31,249,0.0,431,2
499269,Untitled Carnivores Game (2022),2022-12-18,False,Mature,Shooter,"Adventure, Action, Sports",472.0,3,0,0,0,0.0,0,0
960256,Valkyrie Profile: Lenneth,2022-12-22,False,Teen,RPG,Simulation,1.0,2,0,0,4,0.0,0,0
350748,Children of Silentown,2023-01-11,False,Mature,Casual,"Indie, Adventure",77.0,6,4,11,149,76.0,257,2
907368,Sailing Era,2023-01-11,False,Mature,Strategy,"Adventure, RPG, Simulation",28.0,4,3,5,44,0.0,292,3
864912,Vengeful Guardian: Moonrider,2023-01-11,False,Teen,Platformer,"Indie, Action",26.0,4,4,5,44,0.0,235,2
846158,Breakers Collection,2023-01-12,False,Mature,Casual,"Action, Fighting",6.0,6,0,0,7,0.0,211,1
761343,One Piece Odyssey,2023-01-13,False,Teen,Action,RPG,59.0,5,4,22,157,0.0,486,4
911483,BLINNK and the Vacuum of Space,2023-01-17,False,Everyone,Casual,"Indie, Adventure, Simulation",472.0,2,0,1,1,0.0,170,2
891202,Monster Hunter: Rise - Complete Edition,2023-01-20,False,Mature,Action,RPG,1.0,5,0,0,2,87.0,67,0
965807,CATAN: Console Edition,2023-01-23,False,Mature,Board Games,no,472.0,3,0,1,2,0.0,40,0
452636,Forspoken,2023-01-24,False,Teen,Adventure,Action,247.0,2,1,131,819,64.0,587,4
914789,Hi-Fi Rush,2023-01-25,False,Teen,Adventure,Action,424.0,3,5,280,1275,0.0,267,1
321272,OddBallers,2023-01-26,False,Mature,Indie,"Action, Sports",6.0,6,0,1,15,72.0,141,2
638654,Dead Space,2023-01-27,False,Mature,Adventure,Action,496.0,3,5,205,1388,0.0,402,3
892220,Valiant Hearts: Coming Home,2023-01-31,False,Teen,Platformer,Adventure,9.0,6,4,13,72,0.0,562,2
917817,Undisputed,2023-01-31,False,Mature,Indie,"Action, Simulation, Sports",11.0,3,0,1,14,0.0,501,1
797883,Season: A Letter to the Future,2023-01-31,False,Mature,Casual,"Indie, Adventure",39.0,2,4,17,167,0.0,331,2
759884,Deliver Us Mars,2023-02-02,False,Rating Pending,Indie,"Adventure, Action",79.0,5,3,32,242,0.0,124,4
906547,Hogwarts Legacy,2023-02-10,False,Teen,Action,RPG,955.0,6,4,649,2846,0.0,904,5
795371,Wanted: Dead,2023-02-14,False,Mature,Shooter,"Adventure, Action",29.0,5,1,20,115,0.0,563,3
857636,Wild Hearts,2023-02-16,False,Rating Pending,Adventure,Action,67.0,3,3,22,234,0.0,332,3
59349,The Settlers - New Allies,2023-02-17,False,Everyone 10+,Strategy,no,54.0,6,1,16,320,57.0,361,2
850698,Like a Dragon: Ishin!,2023-02-21,False,Adults Only,Adventure,Action,75.0,3,4,32,298,0.0,519,2
50576,Atomic Heart,2023-02-21,False,Mature,Shooter,"Adventure, Action",439.0,5,4,508,1830,73.0,665,2
874377,Playstation VR2,2023-02-22,False,Mature,Simulation,no,472.0,1,0,0,0,0.0,10,0
718057,Horizon Call of the Mountain,2023-02-22,False,Rating Pending,Adventure,no,32.0,1,4,15,99,0.0,407,1
366877,Kerbal Space Program 2,2023-02-23,False,Mature,Educational,"Indie, Simulation",34.0,5,5,6,127,0.0,221,2
548035,Blood Bowl 3,2023-02-23,False,Mature,Strategy,Sports,8.0,6,0,1,19,0.0,195,3
816301,Chef Life: A Restaurant Simulator,2023-02-23,False,Mature,Strategy,Simulation,10.0,6,0,3,21,0.0,217,1
850683,Octopath Traveler 2,2023-02-24,False,Mature,Strategy,no,33.0,4,5,15,237,0.0,280,3
614973,Scars Above,2023-02-27,False,Mature,Adventure,Action,41.0,5,4,20,153,0.0,275,2
840773,Destiny 2: Lightfall,2023-02-28,False,Teen,Massively Multiplayer,no,6.0,5,1,8,41,0.0,570,4
801638,Wo Long: Fallen Dynasty,2023-03-03,False,Rating Pending,Action,no,193.0,5,4,99,579,0.0,280,1
936412,Overwatch 2 - Starter Pack: Season Three,2023-03-07,False,Mature,Shooter,Action,2.0,6,0,3,3,0.0,0,0
934079,The Outer Worlds: Spacer's Choice Edition,2023-03-07,False,Mature,Shooter,"Adventure, Action, RPG",211.0,3,4,22,332,0.0,608,3
362880,The Last Spell,2023-03-08,False,Mature,Strategy,"Indie, Action, RPG",194.0,5,5,24,304,82.0,391,4
631949,Clash: Artifacts of Chaos,2023-03-08,False,Teen,Indie,"Adventure, Action",21.0,5,4,11,60,0.0,333,3
938126,FATAL FRAME: Mask of the Lunar Eclipse Digital Deluxe Edition,2023-03-08,False,Mature,Adventure,no,10.0,6,0,1,16,0.0,522,3
879568,ONI : Road to be the Mightiest Oni,2023-03-08,False,Mature,Action,no,3.0,3,0,1,15,0.0,394,2
923143,Vernal Edge,2023-03-14,False,Mature,Platformer,"Adventure, Action, RPG",16.0,4,0,4,29,0.0,496,2
914781,WWE 2K23,2023-03-16,False,Mature,Fighting,"Simulation, Sports",94.0,5,4,13,126,0.0,257,2
914780,The Dark Pictures: Switchback,2023-03-16,False,Mature,Shooter,Action,3.0,1,0,3,11,0.0,285,1
530345,Tchia,2023-03-21,False,Teen,Adventure,Action,70.0,5,3,42,192,77.0,404,4
427462,Deceive Inc.,2023-03-21,False,Teen,Indie,Action,155.0,3,3,4,192,0.0,286,2
850691,Atelier Ryza 3: Alchemist of the End & the Secret Key,2023-03-24,False,Teen,Casual,"Adventure, RPG, Simulation",15.0,4,5,5,58,0.0,622,2
795632,Resident Evil 4,2023-03-24,False,Mature,Adventure,Action,476.0,5,5,409,1614,0.0,524,2
783729,The Crown of Wu,2023-03-24,False,Mature,Adventure,"Action, Puzzle, Indie, Platformer",5.0,6,0,3,11,0.0,456,2
953918,MLB The Show 23,2023-03-27,False,Everyone,Sports,no,1.0,5,0,1,4,0.0,0,0
898354,Crime Boss: Rockay City,2023-03-28,False,Mature,Shooter,Action,21.0,3,1,11,80,0.0,565,3
842402,Dredge,2023-03-29,False,Mature,Adventure,RPG,198.0,6,4,144,628,0.0,188,3
951965,Winning Post 10,2023-03-30,False,Mature,Racing,no,1.0,4,0,0,2,0.0,229,2
898352,Meet Your Maker,2023-04-04,False,Mature,Shooter,"Strategy, Action",60.0,5,3,10,99,0.0,568,1
953954,EA SPORTS PGA TOUR,2023-04-04,False,Everyone,Simulation,Sports,12.0,3,0,0,19,0.0,211,2
830271,Sherlock Holmes The Awakened,2023-04-11,False,Mature,Adventure,no,36.0,6,4,22,157,0.0,532,2
850699,God of Rock,2023-04-17,False,Mature,Strategy,"Indie, Action, Fighting",4.0,5,0,0,12,0.0,172,1
801512,Minecraft Legends,2023-04-18,False,Mature,Adventure,no,84.0,6,3,30,188,0.0,209,2
736275,Disney Speedstorm,2023-04-18,False,Mature,Racing,"Adventure, Action, Casual, Simulation, Sports",145.0,6,4,15,199,0.0,386,4
891228,Horizon Forbidden West - Burning Shores,2023-04-19,False,Teen,Adventure,Action,19.0,3,5,37,192,0.0,369,1
857613,Teslagrad 2,2023-04-19,False,Mature,Indie,"Platformer, Adventure, Action",30.0,4,4,6,47,0.0,583,1
650603,Stray Blade,2023-04-19,False,Mature,Adventure,"Action, RPG",13.0,3,3,6,50,0.0,446,2
692687,Coffee Talk Episode 2: Hibiscus & Butterfly,2023-04-20,False,Teen,Casual,"Indie, Adventure, Simulation",21.0,7,4,16,75,0.0,158,3
42857,Dead Island 2,2023-04-21,False,Mature,Adventure,Action,131.0,5,4,147,776,75.0,557,4
840783,Honkai Star Rail,2023-04-26,False,Mature,Adventure,RPG,40.0,4,5,100,256,0.0,135,0
616687,Bramble: The Mountain King,2023-04-27,False,Mature,Indie,Adventure,75.0,6,4,80,302,0.0,254,1
793647,Star Wars Jedi: Survivor,2023-04-27,False,Teen,Adventure,Action,246.0,3,5,139,1059,0.0,415,3
705680,Star Trek: Resurgence,2023-04-30,False,Mature,Adventure,Action,9.0,4,0,2,35,0.0,194,2
912009,Age of Wonders 4,2023-05-01,False,Rating Pending,Strategy,no,62.0,3,4,32,185,0.0,545,4
952129,TT Isle Of Man: Ride on the Edge 3,2023-05-11,False,Everyone,Racing,"Simulation, Sports",5.0,5,0,0,6,0.0,348,2
376898,Humanity,2023-05-16,False,Mature,Action,"Puzzle, Casual, Strategy, Indie",69.0,3,4,28,172,84.0,119,1
945130,LEGO 2K Drive,2023-05-18,False,Everyone 10+,Racing,Arcade,91.0,6,3,10,141,0.0,236,3
795479,"Warhammer 40,000: Boltgun",2023-05-22,False,Mature,Indie,Action,76.0,6,4,54,236,0.0,364,3
965123,Monster Menu - The Scavenger's Cookbook,2023-05-23,False,Mature,Strategy,RPG,1.0,3,0,0,2,0.0,229,0
892900,After Us,2023-05-23,False,Teen,Platformer,Adventure,14.0,3,3,6,74,0.0,254,2
961272,CONVERGENCE: A League of Legends Story,2023-05-23,False,Teen,Platformer,"Adventure, Action",13.0,6,4,11,51,0.0,417,6
959926,Forspoken: In Tanta We Trust,2023-05-23,False,Mature,Adventure,Action,472.0,2,0,3,4,0.0,0,0
438620,The Lord of the Rings: Gollum,2023-05-25,False,Mature,Adventure,"Action, RPG",39.0,5,1,59,229,40.0,437,2
961310,Alone in the Dark Prologue,2023-05-26,False,Mature,Adventure,Action,147.0,3,3,9,182,0.0,297,3
15272,System Shock,2023-05-30,False,Mature,Shooter,"Adventure, Action",280.0,6,5,102,1015,78.0,514,3
742771,Street Fighter 6,2023-06-01,False,Rating Pending,Adventure,"Action, Fighting",190.0,4,5,41,392,0.0,382,1
914791,The Elder Scrolls Online: Necrom,2023-06-05,False,Adults Only,Massively Multiplayer,"Adventure, Action, RPG",1.0,6,0,4,6,0.0,383,2
388309,Diablo IV,2023-06-06,False,Mature,Action,RPG,288.0,5,4,214,1215,90.0,546,2
799274,Layers of Fears,2023-06-15,False,Mature,Adventure,no,13.0,3,4,24,109,0.0,254,6
962397,F1 23,2023-06-15,False,Everyone,Racing,"Simulation, Sports",46.0,5,4,15,81,0.0,247,2
650612,Park Beyond,2023-06-15,False,Everyone 10+,Casual,"Strategy, Simulation",9.0,3,0,2,28,0.0,557,1
799267,Aliens: Dark Descent,2023-06-19,False,Mature,Strategy,Action,38.0,5,4,16,143,0.0,321,2
898353,Crash Team Rumble,2023-06-20,False,Everyone 10+,Massively Multiplayer,no,6.0,4,0,0,15,0.0,350,1
494382,Final Fantasy XVI,2023-06-22,False,Mature,Action,RPG,183.0,2,5,106,798,88.0,556,1
962108,The Bookwalker: Thief of Tales,2023-06-22,False,Mature,Indie,Adventure,48.0,5,4,54,198,0.0,525,2
964929,C-Smash VRS,2023-06-23,False,Mature,Sports,no,472.0,1,0,0,1,0.0,14,0
962383,The Callisto Protocol: Final Transmission,2023-06-29,False,Mature,Shooter,"Adventure, Action",3.0,5,5,14,33,0.0,444,0
923017,Ghost Trick : Detective Phantom (remastered),2023-06-30,False,Mature,Adventure,Puzzle,4.0,5,5,7,41,0.0,13,0
850692,Raincode,2023-06-30,False,Mature,Adventure,no,3.0,4,0,2,19,0.0,444,0
976751,"Time Of War, Arkano'90",2023-07-07,False,Everyone 10+,Shooter,"Action, Simulation",472.0,4,0,0,1,0.0,513,3
651274,The Legend of Heroes: Trails into Reverie,2023-07-07,False,Mature,Action,RPG,14.0,4,0,3,65,0.0,540,3
586042,Oxenfree II: Lost Signals,2023-07-12,False,Teen,Indie,Adventure,76.0,6,4,39,420,0.0,182,3
960259,Atelier Marie Remake: The Alchemist of Salburg,2023-07-12,False,Mature,Casual,RPG,3.0,3,0,0,11,0.0,247,3
62424,Gravity Circuit,2023-07-13,False,Mature,Indie,Action,16.0,6,4,5,45,89.0,185,2
751912,Exoprimal,2023-07-14,False,Mature,Shooter,Action,45.0,5,3,16,107,0.0,622,2
776267,Viewfinder,2023-07-18,False,Mature,Indie,Adventure,75.0,2,5,71,319,0.0,130,1
964000,Remnant II,2023-07-21,False,Mature,Adventure,"Action, RPG",114.0,3,5,23,168,0.0,685,1
892898,Remnant 2,2023-07-21,False,Mature,Shooter,"Arcade, Action",57.0,3,4,75,336,0.0,298,4
963941,Mr. Run and Jump,2023-07-25,False,Mature,Platformer,"Indie, Action",5.0,8,0,0,5,0.0,188,1
704793,The Expanse: A Telltale Series,2023-07-27,False,Mature,Platformer,"Adventure, RPG",46.0,3,3,38,217,0.0,457,3
963932,Double Dragon Gaiden: Rise Of The Dragons,2023-07-27,False,Everyone 10+,Adventure,"Action, Fighting, Casual, Family",12.0,6,0,3,33,0.0,438,1
964330,F1 Manager 2023,2023-07-31,False,Everyone,Strategy,Simulation,8.0,3,3,6,20,0.0,439,3
964508,Atomic Heart: Annihilation Instinct,2023-08-02,False,Mature,Shooter,"Adventure, Action, RPG",11.0,5,4,32,89,0.0,563,2
324997,Baldur's Gate III,2023-08-03,False,Mature,Strategy,"Adventure, RPG",1598.0,4,5,627,3458,97.0,570,3
840781,Atlas Fallen,2023-08-09,False,Teen,Adventure,"Action, RPG",37.0,3,1,26,154,0.0,323,3
968497,Quake II: Enhanced Edition,2023-08-10,False,Adults Only,Shooter,Action,3.0,6,5,7,17,0.0,411,3
962024,Stray Gods: The Roleplaying Musical,2023-08-10,False,Rating Pending,Adventure,RPG,74.0,5,4,15,177,0.0,231,2
965121,Hammerwatch II: Anniversary Pack,2023-08-15,False,Teen,Indie,"Adventure, Action, RPG",3.0,6,0,0,3,0.0,239,1
962678,Hammerwatch II,2023-08-15,False,Rating Pending,Indie,"Adventure, Action, RPG",15.0,6,4,9,34,0.0,383,1
962679,Madden NFL 24,2023-08-17,False,Mature,Strategy,"Simulation, Sports",12.0,5,0,0,14,0.0,297,2
914783,Shadow Gambit: The Cursed Crew,2023-08-17,False,Mature,Strategy,"Adventure, Action, RPG",36.0,4,5,22,163,0.0,531,2
471018,Bomb Rush Cyberfunk,2023-08-18,False,Mature,Indie,"Adventure, Action",33.0,8,5,32,166,0.0,348,4
705194,The Texas Chain Saw Massacre,2023-08-18,False,Mature,Indie,Action,36.0,5,4,15,78,0.0,275,2
799269,Fort Solis,2023-08-21,False,Teen,Adventure,Action,34.0,2,3,35,170,0.0,202,2
892901,Immortals of Aveum,2023-08-21,False,Mature,Shooter,"Adventure, Action",34.0,3,3,24,140,0.0,495,2
650621,Blasphemous II,2023-08-23,False,Mature,Indie,"Platformer, Adventure, Action",86.0,4,5,52,373,0.0,365,5
892902,Armored Core VI: Fires of Rubicon,2023-08-25,False,Teen,Action,no,129.0,5,5,67,458,0.0,399,2
427490,Sea of Stars,2023-08-28,False,Teen,RPG,no,167.0,6,5,82,649,90.0,444,3
840778,Under The Waves,2023-08-28,False,Mature,Indie,"Adventure, Action",20.0,5,4,14,103,0.0,296,2
452644,Goodbye Volcano High,2023-08-29,False,Mature,Indie,Adventure,13.0,3,4,9,78,0.0,408,1
608552,Daymare 1994: Sandcastle,2023-08-30,False,Mature,Shooter,Action,19.0,5,3,9,56,0.0,283,2
965930,Teenage Mutant Ninja Turtles: Shredder's Revenge - Dimension Shellshock,2023-08-31,False,Mature,Casual,"Adventure, Action, Fighting",1.0,6,0,2,7,0.0,263,1
966119,NBA 2K24,2023-09-08,False,Everyone,Simulation,Sports,25.0,6,0,2,33,0.0,138,4
795939,Eternights,2023-09-12,False,Mature,Adventure,"Action, RPG, Casual, Indie",22.0,3,4,8,91,0.0,357,3
966228,Ad Infinitum,2023-09-13,False,Mature,Adventure,Action,23.0,3,3,9,64,0.0,422,2
917742,The Crew: Motorfest,2023-09-14,False,Teen,Racing,Arcade,32.0,5,4,15,99,0.0,184,3
966349,We Were Here Expeditions: The FriendShip,2023-09-14,False,Mature,Casual,"Indie, Adventure",486.0,2,4,44,633,0.0,606,2
963325,Inspector Gadget: Mad Time Party,2023-09-15,False,Everyone,Adventure,Action,472.0,5,0,0,1,0.0,328,5
947970,Arcvened,2023-09-17,False,Mature,Arcade,no,472.0,5,0,0,0,0.0,0,0
960873,Mortal Kombat 1,2023-09-19,False,Rating Pending,Action,Fighting,105.0,4,4,49,337,0.0,480,4
605674,Lies Of P,2023-09-19,False,Mature,Action,RPG,212.0,6,5,180,972,0.0,322,4
966589,Resident Evil 4 - Separate Ways,2023-09-21,False,Mature,Shooter,"Adventure, Action",17.0,3,5,44,160,0.0,99,2
502116,Payday 3,2023-09-21,False,Mature,Shooter,"Adventure, Action, RPG",58.0,3,3,25,200,0.0,354,2
966679,Avatar: The Last Airbender - Quest for Balance,2023-09-22,False,Everyone 10+,Adventure,"Action, Fighting, Puzzle",472.0,6,0,0,2,0.0,256,1
963218,EA SPORTS FC 24,2023-09-22,False,Mature,Casual,"Simulation, Sports",77.0,4,4,39,151,0.0,456,2
846303,Cyberpunk 2077: Phantom Liberty,2023-09-26,False,Mature,Shooter,Action,102.0,3,5,228,787,0.0,60,3
965412,Afterdream,2023-09-27,False,Mature,Indie,Adventure,2.0,4,0,1,12,0.0,318,2
973537,Ys X: Nordics,2023-09-27,False,Teen,Action,RPG,2.0,4,0,1,7,0.0,523,4
966910,MY HERO ULTRA RUMBLE,2023-09-28,False,Mature,Casual,"Massively Multiplayer, Action",147.0,5,1,8,167,0.0,274,1
964144,Fate/Samurai Remnant,2023-09-28,False,Teen,Action,RPG,8.0,4,0,4,28,0.0,427,3
930976,Bilkins' Folly,2023-10-02,False,Mature,Adventure,no,2.0,2,0,1,5,0.0,22,2
967556,High on Life: High on Knife,2023-10-03,False,Mature,Shooter,"Adventure, Action",1.0,5,0,4,12,0.0,453,2
961210,Disgaea 7: Vows of the Virtueless,2023-10-03,False,Mature,Strategy,"Adventure, Action, RPG",4.0,4,0,1,16,0.0,37,1
845261,Assassin's Creed Mirage,2023-10-05,False,Adults Only,Action,no,102.0,6,4,86,714,0.0,474,2
966906,Horizon Forbidden West Complete Edition,2023-10-06,False,Teen,Adventure,"Action, RPG",41.0,2,5,14,93,0.0,270,3
966105,Haunted House (2023),2023-10-12,False,Everyone 10+,Family,"Adventure, Action",472.0,4,0,0,2,0.0,133,4
840776,Lords of the Fallen,2023-10-13,False,Mature,Action,RPG,46.0,5,4,51,326,0.0,643,1
961859,Sonic Superstars,2023-10-16,False,Everyone,Platformer,Action,19.0,6,4,10,92,0.0,189,3
967981,Skull Island: Rise of Kong,2023-10-17,False,Teen,Adventure,Action,472.0,6,0,1,2,0.0,563,4
968012,Kona II: Brume,2023-10-17,False,Teen,Indie,Adventure,1.0,7,3,5,16,0.0,250,5
966076,Gargoyles Remastered,2023-10-18,False,Mature,Platformer,"Adventure, Action",2.0,3,0,2,8,0.0,488,2
892262,Hellboy Web of Wyrd,2023-10-18,False,Mature,Indie,"Adventure, Action",16.0,3,1,11,57,0.0,244,1
968074,Ghostbusters: Spirits Unleashed Ecto Edition,2023-10-19,False,Teen,Adventure,Action,4.0,6,0,0,5,0.0,282,5
662316,Marvel's Spider-Man 2,2023-10-20,False,Teen,Action,no,201.0,1,5,174,1012,0.0,404,1
961199,Metal Gear Solid Master Collection Vol. 1,2023-10-23,False,Mature,Action,no,24.0,5,1,5,123,0.0,522,2
962141,Just Dance 2024 Edition,2023-10-24,False,Mature,Casual,no,14.0,3,0,1,15,0.0,20,2
938003,Cities: Skylines 2,2023-10-24,False,Everyone 10+,Strategy,Simulation,27.0,3,4,31,192,0.0,276,1
960556,Crymachina,2023-10-24,False,Teen,Adventure,"Action, RPG",11.0,4,0,4,27,0.0,333,3
973783,Journey to Foundation,2023-10-26,False,Mature,Shooter,Adventure,472.0,2,0,1,2,0.0,217,1
677165,Ghostrunner 2,2023-10-26,False,Adults Only,Action,no,96.0,3,4,43,357,0.0,558,2
972043,UFC 5,2023-10-27,False,Mature,Fighting,Sports,5.0,2,0,2,11,0.0,0,2
580972,Alan Wake 2,2023-10-27,False,Mature,Action,no,161.0,3,5,275,1177,0.0,513,2
962137,Jusant,2023-10-30,False,Mature,Indie,"Adventure, Action",50.0,3,4,100,342,0.0,476,3
441739,Quantum Error,2023-10-31,False,Mature,Shooter,Action,2.0,2,0,1,26,0.0,156,0
695800,Song of Nunu: A League of Legends Story,2023-11-01,False,Everyone 10+,Adventure,Action,9.0,6,4,11,62,0.0,381,6
830030,Thirsty Suitors,2023-11-02,False,Mature,Adventure,"Action, RPG",8.0,4,4,9,49,0.0,378,4
631942,RoboCop: Rogue City,2023-11-02,False,Adults Only,Adventure,Action,89.0,3,4,85,438,0.0,399,5
962674,Star Ocean: The Second Story R,2023-11-02,False,Mature,Action,RPG,19.0,4,5,12,71,0.0,448,1
961200,The Talos Principle 2,2023-11-02,False,Mature,Adventure,Action,76.0,3,5,47,278,0.0,330,3
494379,The Invincible,2023-11-06,False,Mature,Indie,"Adventure, Action",70.0,3,4,71,403,0.0,542,3
840774,Tintin Reporter - Cigars of the Pharaoh,2023-11-07,False,Teen,Adventure,Action,4.0,6,0,1,13,0.0,297,4
964791,Like a Dragon Gaiden: The Man Who Erased His Name,2023-11-08,False,Adults Only,Adventure,Action,24.0,4,5,29,142,0.0,260,1
964285,Call of Duty: Modern Warfare III,2023-11-09,False,Mature,Shooter,Action,22.0,5,3,31,137,0.0,609,2
975599,Remnant 2 - The Awakened King,2023-11-14,False,Mature,Shooter,"Arcade, Action",472.0,3,0,2,5,0.0,417,0
978694,Lake: Special Delivery,2023-11-15,False,Mature,Adventure,no,1.0,5,0,2,3,0.0,191,3
962985,Persona 5 Tactica,2023-11-16,False,Mature,Strategy,"Action, RPG",23.0,6,4,9,113,0.0,506,1
964931,The Walking Dead: Destinies,2023-11-17,False,Adults Only,Adventure,Action,472.0,4,1,6,15,0.0,60,1
934440,Naruto x Boruto: Ultimate Ninja Storm Connections,2023-11-17,False,Teen,Adventure,"Action, Fighting",3.0,6,4,7,24,0.0,69,0
972616,Jurassic Park Classic Games Collection,2023-11-22,False,Everyone,Adventure,Action,472.0,6,0,0,2,0.0,221,4
849451,Epic Party Quest,2023-12-01,False,Mature,Indie,"Family, Action",1.0,4,0,0,3,0.0,218,1
842395,Disney Dreamlight Valley,2023-12-05,False,Everyone,Adventure,Simulation,437.0,9,4,48,549,0.0,512,6
616677,Avatar: Frontiers of Pandora,2023-12-07,False,Mature,Adventure,Action,42.0,3,1,30,342,0.0,512,3
840788,The Finals,2023-12-07,False,Mature,Shooter,Action,682.0,3,4,131,957,0.0,217,1
973401,LEGO Fortnite,2023-12-07,False,Everyone 10+,Adventure,no,11.0,6,4,13,35,0.0,175,1
681395,The Day Before,2023-12-07,False,Mature,Massively Multiplayer,"Shooter, Adventure, Action",39.0,3,1,65,236,0.0,444,1
975453,Rocket Racing,2023-12-08,False,Mature,Racing,no,2.0,7,0,1,3,0.0,177,2
973385,Final Fantasy XVI: Echoes of the Fallen,2023-12-08,False,Mature,RPG,no,1.0,1,0,3,7,0.0,59,0
977220,Fortnite Festival,2023-12-09,False,Mature,Arcade,Action,472.0,7,0,1,2,0.0,351,0
973384,God of War Ragnarok: Valhalla,2023-12-12,False,Mature,Action,no,13.0,2,4,22,93,0.0,51,1
968499,House Flipper 2,2023-12-14,False,Mature,Casual,"Indie, Simulation",30.0,3,4,14,90,0.0,226,1
959610,Konishiwa,2024-01-07,False,Everyone,Strategy,Action,1.0,3,0,0,1,0.0,0,0
975837,Slave Zero X: Episode Enyo,2024-01-16,False,Mature,Shooter,"Adventure, Action",472.0,6,0,0,2,0.0,368,5
962011,Prince of Persia: The Lost Crown,2024-01-18,False,Mature,Platformer,"Adventure, Action",58.0,6,4,64,419,0.0,358,4
972403,The Last of Us Part II Remastered,2024-01-19,False,Mature,Adventure,Action,9.0,1,5,17,83,0.0,343,0
489293,Graven,2024-01-23,False,Mature,Shooter,"Adventure, Action, RPG",93.0,6,3,25,196,0.0,525,2
850705,Tekken 8,2024-01-25,False,Mature,Action,Fighting,82.0,3,4,42,232,0.0,647,2
962025,Like a Dragon: Infinite Wealth,2024-01-26,False,Mature,Adventure,"Action, RPG",34.0,5,5,18,171,0.0,232,2
917753,STRYALING (2024),2024-01-31,False,Mature,Shooter,no,2.0,3,0,0,9,0.0,108,0
357246,Granblue Fantasy: Relink,2024-02-01,False,Mature,Adventure,"Action, RPG",34.0,3,4,17,204,0.0,635,0
947968,Horng city,2024-02-01,False,Mature,Simulation,no,472.0,4,0,0,0,0.0,0,0
976007,Silent Hill: The Short Message,2024-02-01,False,Mature,Action,no,41.0,1,4,30,109,0.0,176,1
962676,Persona 3 Reload,2024-02-01,False,Mature,Strategy,"Adventure, Action, RPG",63.0,5,5,43,265,0.0,188,2
963217,Jujutsu Kaisen: Cursed Clash,2024-02-02,False,Mature,Action,Fighting,4.0,6,0,2,18,0.0,298,4
457728,Suicide Squad: Kill The Justice League,2024-02-02,False,Adults Only,Action,no,52.0,3,1,53,384,0.0,569,2
976607,Atomic Heart: Trapped in Limbo,2024-02-06,False,Mature,Shooter,Platformer,2.0,5,3,10,21,0.0,45,3
961207,Foamstars,2024-02-06,False,Teen,Action,no,3.0,2,0,3,14,0.0,177,0
961204,Helldivers II,2024-02-08,False,Mature,Action,no,33.0,2,5,41,195,0.0,303,2
978688,Shanghai Summer,2024-02-08,False,Everyone 10+,Adventure,no,472.0,4,0,1,1,0.0,195,3
898351,Banishers: Ghosts of New Eden,2024-02-12,False,Teen,Adventure,"Action, RPG",48.0,3,4,47,311,0.0,343,3
961403,Ultros,2024-02-13,False,Mature,Indie,Adventure,12.0,4,0,4,61,0.0,257,3
966221,Tomb Raider I-III Remastered Starring Lara Croft,2024-02-13,False,Mature,Adventure,Action,40.0,6,4,23,130,0.0,330,6
29239,Skull & Bones,2024-02-16,False,Mature,Massively Multiplayer,Action,59.0,3,1,38,274,0.0,508,3
850702,Pacific Drive,2024-02-21,False,Mature,Racing,"Adventure, Action, Simulation, Indie",81.0,2,4,45,312,0.0,221,1
977506,Promenade,2024-02-23,False,Mature,Indie,"Platformer, Adventure",2.0,6,0,0,6,0.0,331,1
802435,Final Fantasy VII Rebirth,2024-02-29,False,Rating Pending,RPG,no,71.0,1,5,25,277,0.0,372,1
965258,Expeditions: A MudRunner Game,2024-03-05,False,Everyone,Racing,Adventure,18.0,6,3,9,62,0.0,165,5
967102,Unicorn Overlord,2024-03-08,False,Mature,Strategy,RPG,14.0,4,5,9,58,0.0,224,0
966220,Contra: Operation Galuga,2024-03-12,False,Mature,Action,no,10.0,5,4,9,34,0.0,0,1
666377,Outcast 2 — A New Beginning,2024-03-15,False,Mature,Adventure,Action,7.0,3,3,8,53,0.0,250,2
849517,Alone in the Dark,2024-03-20,False,Mature,Adventure,Action,35.0,3,4,41,279,0.0,395,4
804753,Dragon’s Dogma 2,2024-03-21,False,Mature,Adventure,"Action, RPG",140.0,3,5,33,485,0.0,582,1
850708,Rise of the Ronin,2024-03-22,False,Mature,Action,no,39.0,1,3,11,187,0.0,198,1
976012,Winning Post 10 2024,2024-03-28,False,Mature,Racing,Simulation,1.0,4,0,0,2,0.0,231,1
979836,BIOMORPH,2024-04-05,False,Mature,Adventure,Action,1.0,4,0,2,6,0.0,490,1
980168,Die Again (Varn Game Dev),2024-04-11,False,Adults Only,Shooter,"Action, Puzzle",1.0,6,0,0,1,0.0,0,0
973539,No Rest for the Wicked,2024-04-18,False,Mature,Adventure,"Action, RPG",51.0,3,5,8,170,0.0,304,3
973387,Final Fantasy XVI: The Resing Tide,2024-04-18,False,Mature,RPG,no,472.0,1,0,2,5,0.0,17,0
554700,Eiyuden Chronicle: Hundred Heroes,2024-04-23,False,Mature,Adventure,"Action, RPG, Strategy, Indie",20.0,5,4,9,106,0.0,421,2
980064,Remnant 2 - The Forgotten Kingdom,2024-04-23,False,Mature,Shooter,"Adventure, Action",1.0,3,0,1,6,0.0,67,0
977212,Sand Land,2024-04-24,False,Teen,Action,RPG,6.0,5,0,0,23,0.0,217,1
977219,Another Crab's Treasure,2024-04-25,False,Mature,Indie,"Adventure, Action",21.0,4,4,10,77,0.0,230,1
476122,Stellar Blade,2024-04-26,False,Mature,Indie,Action,77.0,1,5,22,307,0.0,607,1
667649,Indika,2024-05-02,False,Adults Only,Adventure,no,37.0,3,4,56,204,0.0,286,5
981609,Crow Country,2024-05-09,False,Mature,Indie,Action,7.0,5,5,7,37,0.0,355,1
979528,Morbid: The Lords of Ire,2024-05-17,False,Mature,Indie,"Adventure, Action, RPG",3.0,4,0,3,9,0.0,424,4
983203,Alan Wake 2: Night Springs,2024-06-08,False,Mature,Action,no,4.0,3,4,10,32,0.0,16,0
977470,Elden Ring: Shadow of the Erdtree,2024-06-21,False,Mature,Action,RPG,28.0,5,5,29,150,0.0,83,3
972785,Beyond Good & Evil - 20th Anniversary Edition,2024-06-24,False,Everyone,Adventure,Action,12.0,6,0,4,52,0.0,59,1
813547,Schim,2024-07-14,False,Mature,Adventure,"Action, Puzzle, Casual, Indie",7.0,5,0,0,28,0.0,154,3
978865,Nobody Wants to Die,2024-07-16,False,Mature,Adventure,no,12.0,3,4,17,95,0.0,288,4
759686,Flintlock: The Siege of Dawn,2024-07-17,False,Mature,Adventure,"Action, RPG",13.0,5,4,12,124,0.0,377,2
844467,Bo: Path of the Teal Lotus,2024-07-17,False,Mature,Indie,"Adventure, Action",5.0,4,0,3,18,0.0,275,1
985578,Kunitsu-Gami: Path of the Goddess,2024-07-18,False,Teen,Strategy,Action,4.0,5,0,1,18,0.0,94,1
982815,F1 Manager 2024,2024-07-23,False,Everyone,Racing,"Strategy, Simulation",2.0,5,0,0,3,0.0,98,3
455560,Dustborn,2024-08-20,False,Mature,Adventure,Action,4.0,3,0,2,36,0.0,287,1
481913,Black Myth: Wu Kong,2024-08-20,False,Mature,Adventure,"Action, RPG",73.0,3,5,15,468,0.0,529,2
961406,Concord,2024-08-23,False,Mature,Shooter,Action,4.0,2,0,0,8,0.0,0,0
962020,Star Wars Outlaws,2024-08-30,False,Mature,Adventure,Action,24.0,3,0,1,167,0.0,600,0
973375,The Casting of Frank Stone,2024-09-03,False,Mature,Adventure,no,1.0,3,0,0,12,0.0,297,4
959818,Harry Potter: Quidditch Champions,2024-09-03,False,Mature,Arcade,no,472.0,6,0,0,7,0.0,185,3
705616,"Warhammer 40,000: Space Marine II",2024-09-09,False,Mature,Action,no,40.0,3,5,8,284,0.0,424,1
462686,Test Drive Unlimited Solar Crown,2024-09-12,False,Mature,Racing,no,13.0,4,0,3,80,0.0,254,2
804851,The Plucky Squire,2024-09-17,False,Mature,Indie,Adventure,10.0,3,0,1,116,0.0,310,3
978868,Enotria: The Last Song,2024-09-19,False,Mature,Action,no,4.0,3,0,2,21,0.0,209,0
647660,Frostpunk 2,2024-09-20,False,Mature,Simulation,no,22.0,3,5,6,129,0.0,292,3
983530,Disney Epic Mickey: Rebrushed,2024-09-24,False,Everyone 10+,Adventure,Action,472.0,6,0,0,8,0.0,308,1
813540,Lollipop Chainsaw RePOP,2024-09-25,False,Mature,Action,no,2.0,4,0,1,24,0.0,59,0
983719,REYNATIS,2024-09-27,False,Mature,Adventure,"Action, RPG",472.0,4,0,1,2,0.0,58,3
987123,Remnant 2 - The Dark Horizon,2024-09-30,False,Mature,Shooter,"Action, RPG",472.0,3,0,0,2,0.0,0,0
868086,Silent Hill 2,2024-10-08,False,Mature,Adventure,Action,26.0,2,0,0,183,0.0,437,2
963212,Metaphor: ReFantazio,2024-10-11,False,Mature,RPG,no,7.0,4,0,0,51,0.0,218,0
485219,Unknown 9: Awakening,2024-10-18,False,Mature,Adventure,Action,44.0,5,5,5,201,0.0,426,2
983212,Call of Duty: Black Ops 6,2024-10-25,False,Mature,Shooter,no,2.0,3,0,0,28,0.0,410,0
983211,Life is Strange: Double Exposure,2024-10-29,False,Mature,Adventure,no,3.0,3,0,0,38,0.0,45,0
274764,Dragon Age: Dreadwolf,2024-10-31,False,Mature,RPG,no,19.0,3,0,4,211,0.0,163,0
705347,Slitterhead,2024-11-08,False,Mature,Action,no,13.0,3,0,1,74,0.0,166,0
981791,Assassin's Creed Shadows,2024-11-15,False,Rating Pending,Adventure,Action,12.0,4,0,2,99,0.0,286,2
984308,Dead Rising Deluxe Remaster,2024-12-01,False,Adults Only,Adventure,Action,2.0,3,0,0,7,0.0,122,0
975393,Indiana Jones and the Great Circle,2024-12-09,False,Rating Pending,Shooter,"Adventure, Action",3.0,3,0,0,25,0.0,140,2
499270,Untitled Carnivores Game (2024),2024-12-20,False,Mature,Casual,"Action, Simulation, Sports",1.0,3,0,0,1,0.0,0,0
801122,The Alters,2024-12-31,False,Mature,Adventure,no,7.0,3,0,0,67,0.0,261,2
