game_name,average_percentage_good,average_percentage_intermediate,average_percentage_bad
13 Sentinels: Aegis Rim,40,60,0
A Plague Tale: Innocence,20,40,40
A Plague Tale: Requiem,30,30,40
Ace Combat 5: The Unsung War,60,20,20
Aeterna Noctis,60,30,10
Age of Wonders 4,50,50,0
Alan Wake Remastered,40,60,0
Aliens: Fireteam Elite,40,20,40
Among Us,60,40,0
Anno: Mutationem,70,30,0
Ape Escape,40,50,10
Aragami 2,50,30,20
Assassin's Creed Mirage,40,50,10
Assassin's Creed Valhalla,50,50,0
Atomic Heart,30,40,30
Back 4 Blood,20,50,30
Baldur's Gate III,60,30,10
Banishers: Ghosts of New Eden,60,20,20
Battlefield 2042,20,50,30
Beat Saber,60,30,10
Beholder 3,0,90,10
Biomutant,10,80,10
Blacktail,40,40,20
Blasphemous II,30,50,20
Blood Bowl 3,40,30,30
Borderlands 3,60,40,0
Call of Duty: Black Ops Cold War,20,30,50
Call of Duty: Vanguard,30,60,10
Call of Duty: Warzone 2.0,20,70,10
Chernobylite,30,20,50
Cities: Skylines 2,10,80,10
Control,40,60,0
Control Ultimate Edition,40,50,10
Crash Bandicoot 4: It’s About Time,30,50,20
Crusader Kings III,40,40,20
Cult of the Lamb,0,40,60
Cyberpunk 2077,30,40,30
DOOM Eternal,30,20,50
Dead Island 2,40,50,10
Dead by Daylight,20,40,40
Death Stranding Director's Cut,40,50,10
Death's Door,30,70,0
Deathloop,30,20,50
Deep Rock Galactic,30,40,30
Demon's Souls (2020),30,40,30
Destiny 2,40,40,20
Destiny 2: The Witch Queen,50,30,20
Destroy All Humans! 2 - Reprobed,20,30,50
Devil May Cry 5,60,40,0
Devil May Cry 5 Special Edition,70,10,20
Diablo II: Resurrected,20,70,10
Diablo III,40,60,0
Disco Elysium,20,60,20
Divine Knockout,60,20,20
Dying Light 2 Stay Human,20,40,40
Elden Ring,20,50,30
Elden Ring: Shadow of the Erdtree,40,30,30
Ever Forward,80,20,0
Evil Genius 2 World Domination,40,50,10
F1 2021,30,40,30
F1 Manager 2022,50,40,10
F1 Manager 2023,40,30,30
F1 Manager 2024,40,60,0
Far Cry 6,30,60,10
Farming Simulator 22,20,70,10
Final Fantasy XVI,50,40,10
Fist of The North Star: Lost Paradise,40,60,0
Five Nights at Freddy's: Security Breach,70,10,20
Forspoken,20,50,30
Fortnite Festival,40,30,30
Fortnite Zero Build: No-Build Battle Royale,40,20,40
Fuga: Melodies of Steel,60,20,20
Genshin Impact,50,30,20
GetsuFumaDen: Undying Moon,30,60,10
Ghost of Tsushima,50,40,10
Ghost of Tsushima Director's Cut,50,30,20
Ghostrunner,40,20,40
Ghostwire: Tokyo,10,90,0
God of War: Ragnarök,30,70,0
Gotham Knights,50,30,20
Grand Theft Auto V,10,50,40
Gris,40,60,0
Grounded,30,50,20
Hades,40,40,20
Hammerwatch II,30,30,40
Hammerwatch II: Anniversary Pack,30,30,40
Happy's Humble Burger Farm,50,30,20
Harry Potter: Quidditch Champions,40,50,10
High on Life,10,70,20
Hogwarts Legacy,20,30,50
Hood: Outlaws & Legends,10,20,70
Horizon Forbidden West - Burning Shores,0,60,40
House Flipper 2,40,50,10
I Was a Teenage Exocolonist,50,40,10
Immortals Fenyx Rising - A New God,20,80,0
Immortals Fenyx Rising - Myths of the Eastern Realm,20,80,0
Immortals Fenyx Rising - The Lost Gods,40,60,0
Immortals: Fenyx Rising,40,60,0
Inscryption,40,40,20
Iron Harvest,50,40,10
Isonzo,40,50,10
It Takes Two,50,40,10
Jett: The Far Shore,30,60,10
Jurassic World Evolution 2,20,60,20
Just Dance 2021,60,30,10
Just Dance 2022,50,30,20
Kerbal Space Program 2,40,30,30
KeyWe,20,80,0
King Arthur: Knight's Tale,10,70,20
Kingdom Come: Deliverance II,60,20,20
LEGO Fortnite,20,60,20
LEMNIS GATE,50,40,10
Layers of Fears,30,60,10
Lies Of P,30,50,20
Life is Strange Remastered Collection,20,60,20
Life is Strange: True Colors,50,50,0
Life is Strange: True Colors - Wavelengths,30,50,20
Maneater,30,70,0
Marvel's Midnight Suns,40,60,0
Marvel's Spider-Man,50,20,30
Marvel's Spider-Man Remastered,30,40,30
Mass Effect: Legendary Edition,10,70,20
Metaphor: ReFantazio,10,60,30
Metro Exodus,20,70,10
Monster Hunter Rise,50,20,30
Mortal Kombat 11,30,60,10
Mortal Kombat 11 Ultimate,10,80,10
NBA 2K24,30,50,20
No Man's Sky,10,50,40
No Rest for the Wicked,50,50,0
Outriders,40,50,10
Overwatch 2,30,50,20
Park Beyond,40,20,40
Persona 5 Royal,30,60,10
Police Simulator: Patrol Officers,0,30,70
PowerWash Simulator,30,50,20
Praey for the Gods,70,20,10
Prodeus,40,20,40
Quake,50,30,20
Quake (2021),30,50,20
Quake II: Enhanced Edition,50,50,0
Recompile,30,50,20
Red Dead Online,20,40,40
Resident Evil 2,30,60,10
RetroArch,20,30,50
Returnal,50,40,10
Riders Republic,40,40,20
Road 96,30,70,0
RoboCop: Rogue City,30,60,10
Rocket Racing,30,40,30
Roller Champions,30,20,50
Sable,30,60,10
Saints Row (2022),40,30,30
Sand Land,40,30,30
Scarlet Nexus,20,70,10
Scathe,30,20,50
Sea of Stars,20,50,30
Sea of Thieves,30,50,20
Sifu,50,30,20
Sniper Elite 5,60,10,30
SnowRunner,50,20,30
Soundfall,80,20,0
Space Punks,20,50,30
Star Trek: Resurgence,50,40,10
Star Wars Jedi: Fallen Order,50,50,0
Star Wars: Republic Commando,60,30,10
Stranded: Alien Dawn,60,20,20
Stray,40,50,10
Subnautica,40,10,50
Subnautica: Below Zero,20,40,40
Syberia: The World Before,40,60,0
System Shock,40,40,20
Tales of Arise,40,50,10
Teardown,10,50,40
Tekken 8,60,30,10
Temtem,10,50,40
The Ascent,40,40,20
The Callisto Protocol,50,30,20
The Crew: Motorfest,30,50,20
The Dark Pictures Anthology: House of Ashes,50,40,10
The Dark Pictures Anthology: The Devil In Me,30,60,10
The Elder Scrolls V: Skyrim,50,40,10
The Eternal Cylinder,10,60,30
The Forgotten City,30,60,10
The King of Fighters XV,70,30,0
The Last Spell,40,30,30
The Last of Us Part I,20,30,50
The Last of Us Part II,60,30,10
The Lord of the Rings: Gollum,50,30,20
The Quarry,40,40,20
The Settlers - New Allies,40,40,20
The Texas Chain Saw Massacre,10,40,50
The Witcher 3 Wild Hunt - Complete Edition,60,20,20
The Witcher 3: Wild Hunt,30,60,10
Thymesia,30,40,30
Tom Clancy's Rainbow Six Siege,80,10,10
Tony Hawk's Pro Skater 1 + 2,50,30,20
Tribes of Midgard,20,60,20
Twelve Minutes,20,50,30
Two Point Campus,40,20,40
Uncharted 4: A Thief’s End,30,40,30
Uncharted: Legacy of Thieves Collection,20,30,50
Uncharted: The Lost Legacy,50,30,20
Valorant,40,40,20
Vampire: The Masquerade - Bloodhunt,40,40,20
Warframe,40,40,20
Watch Dogs: Legion,60,30,10
Way of the Hunter,60,20,20
Weird West,20,80,0
World War Z: Aftermath,30,40,30
Wreckfest,50,30,20
Yakuza: Like a Dragon,40,50,10
eFootball 2022,50,50,0
